doc_fold,doc_group_id,leakage_group_id,document_split,language_pair
1,cs-de_DE:::dialogue:::MUL0845,cs-de_DE:::dialogue:::MUL0845,train,cs-de_DE
1,cs-de_DE:::dialogue:::MUL1060,cs-de_DE:::dialogue:::MUL1060,train,cs-de_DE
1,cs-de_DE:::dialogue:::MUL1139,cs-de_DE:::dialogue:::MUL1139,train,cs-de_DE
1,cs-de_DE:::dialogue:::MUL2162,cs-de_DE:::dialogue:::MUL2162,train,cs-de_DE
1,cs-de_DE:::dialogue:::MUL2405,cs-de_DE:::dialogue:::MUL2405,train,cs-de_DE
1,cs-de_DE:::dialogue:::PMUL3748,cs-de_DE:::dialogue:::PMUL3748,train,cs-de_DE
1,cs-de_DE:::dialogue:::PMUL4134,cs-de_DE:::dialogue:::PMUL4134,train,cs-de_DE
1,cs-de_DE:::dialogue:::SNG0991,cs-de_DE:::dialogue:::SNG0991,train,cs-de_DE
1,cs-de_DE:::edu:::edu02178,cs-de_DE:::edu:::edu02178,train,cs-de_DE
1,cs-de_DE:::edu:::edu03240,cs-de_DE:::edu:::edu03240,train,cs-de_DE
1,cs-de_DE:::edu:::edu03246,cs-de_DE:::edu:::edu03246,train,cs-de_DE
1,cs-de_DE:::edu:::edu08474,cs-de_DE:::edu:::edu08474,train,cs-de_DE
1,cs-de_DE:::edu:::edu08478,cs-de_DE:::edu:::edu08478,train,cs-de_DE
1,cs-de_DE:::edu:::edu08480,cs-de_DE:::edu:::edu08480,train,cs-de_DE
1,cs-de_DE:::edu:::edu08482,cs-de_DE:::edu:::edu08482,train,cs-de_DE
1,cs-de_DE:::edu:::edu08492,cs-de_DE:::edu:::edu08492,train,cs-de_DE
1,cs-de_DE:::edu:::edu08494,cs-de_DE:::edu:::edu08494,train,cs-de_DE
1,cs-de_DE:::edu:::edu08500,cs-de_DE:::edu:::edu08500,train,cs-de_DE
1,cs-de_DE:::edu:::edu08502,cs-de_DE:::edu:::edu08502,train,cs-de_DE
1,cs-de_DE:::edu:::edu08510,cs-de_DE:::edu:::edu08510,train,cs-de_DE
1,cs-de_DE:::edu:::edu08596,cs-de_DE:::edu:::edu08596,train,cs-de_DE
1,cs-de_DE:::edu:::edu08600,cs-de_DE:::edu:::edu08600,train,cs-de_DE
1,cs-de_DE:::edu:::edu08606,cs-de_DE:::edu:::edu08606,train,cs-de_DE
1,cs-de_DE:::edu:::edu08772,cs-de_DE:::edu:::edu08772,train,cs-de_DE
1,cs-de_DE:::edu:::edu30034,cs-de_DE:::edu:::edu30034,train,cs-de_DE
1,cs-de_DE:::edu:::edu30538,cs-de_DE:::edu:::edu30538,train,cs-de_DE
1,cs-de_DE:::edu:::edu31712,cs-de_DE:::edu:::edu31712,train,cs-de_DE
1,cs-de_DE:::edu:::edu32072,cs-de_DE:::edu:::edu32072,train,cs-de_DE
1,cs-de_DE:::edu:::edu32838,cs-de_DE:::edu:::edu32838,train,cs-de_DE
1,cs-de_DE:::edu:::edu33632,cs-de_DE:::edu:::edu33632,train,cs-de_DE
1,cs-de_DE:::edu:::edu34434,cs-de_DE:::edu:::edu34434,train,cs-de_DE
1,cs-de_DE:::news:::blesk.cz.112043,cs-de_DE:::news:::blesk.cz.112043,train,cs-de_DE
1,cs-de_DE:::news:::blesk.cz.112532,cs-de_DE:::news:::blesk.cz.112532,train,cs-de_DE
1,cs-de_DE:::news:::cesky_rozhlas-cs.187682,cs-de_DE:::news:::cesky_rozhlas-cs.187682,train,cs-de_DE
1,cs-de_DE:::news:::cesky_rozhlas-cs.188622,cs-de_DE:::news:::cesky_rozhlas-cs.188622,train,cs-de_DE
1,cs-de_DE:::news:::ct24-cs.205423,cs-de_DE:::news:::ct24-cs.205423,train,cs-de_DE
1,cs-de_DE:::news:::ct24-cs.205786,cs-de_DE:::news:::ct24-cs.205786,train,cs-de_DE
1,cs-de_DE:::news:::radio_praha-cs.18143,cs-de_DE:::news:::radio_praha-cs.18143,train,cs-de_DE
1,cs-de_DE:::news:::radio_praha-cs.18156,cs-de_DE:::news:::radio_praha-cs.18156,train,cs-de_DE
1,cs-de_DE:::news:::radio_praha-cs.18173,cs-de_DE:::news:::radio_praha-cs.18173,train,cs-de_DE
1,cs-de_DE:::news:::reflex.cz.16547,cs-de_DE:::news:::reflex.cz.16547,train,cs-de_DE
1,cs-de_DE:::news:::respekt-cs.11394,cs-de_DE:::news:::respekt-cs.11394,train,cs-de_DE
1,cs-de_DE:::social:::social02,cs-de_DE:::social:::social02,train,cs-de_DE
1,cs-de_DE:::social:::social09,cs-de_DE:::social:::social09,train,cs-de_DE
1,cs-de_DE:::social:::social10,cs-de_DE:::social:::social10,train,cs-de_DE
1,cs-de_DE:::social:::social12,cs-de_DE:::social:::social12,train,cs-de_DE
1,cs-de_DE:::social:::social13,cs-de_DE:::social:::social13,train,cs-de_DE
1,cs-de_DE:::social:::social16,cs-de_DE:::social:::social16,train,cs-de_DE
1,cs-de_DE:::social:::social18,cs-de_DE:::social:::social18,train,cs-de_DE
1,cs-de_DE:::social:::social20,cs-de_DE:::social:::social20,train,cs-de_DE
1,cs-de_DE:::social:::social21,cs-de_DE:::social:::social21,train,cs-de_DE
1,cs-de_DE:::social:::social24,cs-de_DE:::social:::social24,train,cs-de_DE
1,cs-de_DE:::social:::social27,cs-de_DE:::social:::social27,train,cs-de_DE
1,cs-de_DE:::social:::social34,cs-de_DE:::social:::social34,train,cs-de_DE
1,cs-de_DE:::social:::social41,cs-de_DE:::social:::social41,train,cs-de_DE
1,cs-de_DE:::social:::social42,cs-de_DE:::social:::social42,train,cs-de_DE
1,cs-de_DE:::social:::social48,cs-de_DE:::social:::social48,train,cs-de_DE
1,cs-de_DE:::speech:::vid_0fjuxisFgs8,cs-de_DE:::speech:::vid_0fjuxisFgs8,train,cs-de_DE
1,cs-de_DE:::speech:::vid_0yfaR27UshY,cs-de_DE:::speech:::vid_0yfaR27UshY,train,cs-de_DE
1,cs-de_DE:::speech:::vid_3QlubgOA774,cs-de_DE:::speech:::vid_3QlubgOA774,train,cs-de_DE
1,cs-de_DE:::speech:::vid_83uzO97cy28,cs-de_DE:::speech:::vid_83uzO97cy28,train,cs-de_DE
1,cs-de_DE:::speech:::vid_Ank-5bMvM00,cs-de_DE:::speech:::vid_Ank-5bMvM00,train,cs-de_DE
1,cs-de_DE:::speech:::vid_BNApYDC7OZQ,cs-de_DE:::speech:::vid_BNApYDC7OZQ,train,cs-de_DE
1,cs-de_DE:::speech:::vid_BQidTYlmyMw,cs-de_DE:::speech:::vid_BQidTYlmyMw,train,cs-de_DE
1,cs-de_DE:::speech:::vid_DmbQP3rlSh0,cs-de_DE:::speech:::vid_DmbQP3rlSh0,train,cs-de_DE
1,cs-de_DE:::speech:::vid_DnyHunsPafI,cs-de_DE:::speech:::vid_DnyHunsPafI,train,cs-de_DE
1,cs-de_DE:::speech:::vid_MFQScnI3mbE,cs-de_DE:::speech:::vid_MFQScnI3mbE,train,cs-de_DE
1,cs-de_DE:::speech:::vid_MSr8pjfpbfY,cs-de_DE:::speech:::vid_MSr8pjfpbfY,train,cs-de_DE
1,cs-de_DE:::speech:::vid_NKYvbkYphPs,cs-de_DE:::speech:::vid_NKYvbkYphPs,train,cs-de_DE
1,cs-de_DE:::speech:::vid_TnUw_OspWIw,cs-de_DE:::speech:::vid_TnUw_OspWIw,train,cs-de_DE
1,cs-de_DE:::speech:::vid_V14AE9T61_M,cs-de_DE:::speech:::vid_V14AE9T61_M,train,cs-de_DE
1,cs-de_DE:::speech:::vid_XBJCXeVt0vc,cs-de_DE:::speech:::vid_XBJCXeVt0vc,train,cs-de_DE
1,cs-de_DE:::speech:::vid__S6LhA4Edl8,cs-de_DE:::speech:::vid__S6LhA4Edl8,train,cs-de_DE
1,cs-de_DE:::speech:::vid_azvnUwpbmdo,cs-de_DE:::speech:::vid_azvnUwpbmdo,train,cs-de_DE
1,cs-de_DE:::speech:::vid_eUsprvdS_js,cs-de_DE:::speech:::vid_eUsprvdS_js,train,cs-de_DE
1,cs-de_DE:::speech:::vid_gO2Xj7NBBMI,cs-de_DE:::speech:::vid_gO2Xj7NBBMI,train,cs-de_DE
1,cs-de_DE:::speech:::vid_hKkues3pJ_I,cs-de_DE:::speech:::vid_hKkues3pJ_I,train,cs-de_DE
1,cs-de_DE:::speech:::vid_tCOeLB18d1s,cs-de_DE:::speech:::vid_tCOeLB18d1s,train,cs-de_DE
1,cs-de_DE:::speech:::vid_tYQUxfKatQ0,cs-de_DE:::speech:::vid_tYQUxfKatQ0,train,cs-de_DE
1,cs-de_DE:::speech:::vid_u54YM5vAsAM,cs-de_DE:::speech:::vid_u54YM5vAsAM,train,cs-de_DE
1,cs-de_DE:::speech:::vid_vx4yg9LOFwk,cs-de_DE:::speech:::vid_vx4yg9LOFwk,train,cs-de_DE
1,cs-de_DE:::speech:::vid_x9sY3-3dnas,cs-de_DE:::speech:::vid_x9sY3-3dnas,train,cs-de_DE
1,cs-de_DE:::dialogue:::MUL2294,cs-de_DE:::dialogue:::MUL2294,validation,cs-de_DE
1,cs-de_DE:::dialogue:::MUL2305,cs-de_DE:::dialogue:::MUL2305,validation,cs-de_DE
1,cs-de_DE:::dialogue:::PMUL2755,cs-de_DE:::dialogue:::PMUL2755,validation,cs-de_DE
1,cs-de_DE:::edu:::edu08512,cs-de_DE:::edu:::edu08512,validation,cs-de_DE
1,cs-de_DE:::news:::ceska_televize-cs.156247,cs-de_DE:::news:::ceska_televize-cs.156247,validation,cs-de_DE
1,cs-de_DE:::news:::ct24-cs.206310,cs-de_DE:::news:::ceska_televize-cs.156247,validation,cs-de_DE
1,cs-de_DE:::news:::ctk.cz.120672,cs-de_DE:::news:::ctk.cz.120672,validation,cs-de_DE
1,cs-de_DE:::news:::reflex.cz.16578,cs-de_DE:::news:::reflex.cz.16578,validation,cs-de_DE
1,cs-de_DE:::social:::social01,cs-de_DE:::social:::social01,validation,cs-de_DE
1,cs-de_DE:::social:::social35,cs-de_DE:::social:::social35,validation,cs-de_DE
1,cs-de_DE:::social:::social46,cs-de_DE:::social:::social46,validation,cs-de_DE
1,cs-de_DE:::speech:::vid_0VTV_tXxpNM,cs-de_DE:::speech:::vid_0VTV_tXxpNM,validation,cs-de_DE
1,cs-de_DE:::speech:::vid_Fy0e5GW53yc,cs-de_DE:::speech:::vid_Fy0e5GW53yc,validation,cs-de_DE
1,cs-de_DE:::speech:::vid_I3UGDXbIfxw,cs-de_DE:::speech:::vid_I3UGDXbIfxw,validation,cs-de_DE
1,cs-de_DE:::speech:::vid_KL6WSkyezCw,cs-de_DE:::speech:::vid_KL6WSkyezCw,validation,cs-de_DE
1,cs-de_DE:::speech:::vid_OmDTWDwJ_yY,cs-de_DE:::speech:::vid_OmDTWDwJ_yY,validation,cs-de_DE
1,cs-de_DE:::speech:::vid_Y6QKUqCqDNI,cs-de_DE:::speech:::vid_Y6QKUqCqDNI,validation,cs-de_DE
1,cs-de_DE:::speech:::vid__vz2e5l-gS4,cs-de_DE:::speech:::vid__vz2e5l-gS4,validation,cs-de_DE
1,cs-de_DE:::speech:::vid_lBYDRqvgeJc,cs-de_DE:::speech:::vid_lBYDRqvgeJc,validation,cs-de_DE
1,cs-de_DE:::speech:::vid_zZDVvZ8V_3g,cs-de_DE:::speech:::vid_zZDVvZ8V_3g,validation,cs-de_DE
1,cs-de_DE:::dialogue:::MUL1066,cs-de_DE:::dialogue:::MUL1066,test,cs-de_DE
1,cs-de_DE:::dialogue:::MUL2376,cs-de_DE:::dialogue:::MUL2376,test,cs-de_DE
1,cs-de_DE:::dialogue:::PMUL4140,cs-de_DE:::dialogue:::PMUL4140,test,cs-de_DE
1,cs-de_DE:::edu:::edu03620,cs-de_DE:::edu:::edu03620,test,cs-de_DE
1,cs-de_DE:::edu:::edu08486,cs-de_DE:::edu:::edu08486,test,cs-de_DE
1,cs-de_DE:::edu:::edu08504,cs-de_DE:::edu:::edu08504,test,cs-de_DE
1,cs-de_DE:::edu:::edu08602,cs-de_DE:::edu:::edu08602,test,cs-de_DE
1,cs-de_DE:::edu:::edu31632,cs-de_DE:::edu:::edu31632,test,cs-de_DE
1,cs-de_DE:::edu:::edu34346,cs-de_DE:::edu:::edu34346,test,cs-de_DE
1,cs-de_DE:::news:::ceska_televize-cs.156327,cs-de_DE:::news:::ceska_televize-cs.156327,test,cs-de_DE
1,cs-de_DE:::news:::cesky_rozhlas-cs.188013,cs-de_DE:::news:::cesky_rozhlas-cs.188013,test,cs-de_DE
1,cs-de_DE:::news:::ct24-cs.206403,cs-de_DE:::news:::ceska_televize-cs.156327,test,cs-de_DE
1,cs-de_DE:::news:::ihned.cz.57908,cs-de_DE:::news:::ihned.cz.57908,test,cs-de_DE
1,cs-de_DE:::news:::reflex.cz.16563,cs-de_DE:::news:::reflex.cz.16563,test,cs-de_DE
1,cs-de_DE:::social:::social04,cs-de_DE:::social:::social04,test,cs-de_DE
1,cs-de_DE:::social:::social15,cs-de_DE:::social:::social15,test,cs-de_DE
1,cs-de_DE:::social:::social23,cs-de_DE:::social:::social23,test,cs-de_DE
1,cs-de_DE:::social:::social39,cs-de_DE:::social:::social39,test,cs-de_DE
1,cs-de_DE:::speech:::vid_-DTsEpAa6vY,cs-de_DE:::speech:::vid_-DTsEpAa6vY,test,cs-de_DE
1,cs-de_DE:::speech:::vid_7AR-9Sd5R50,cs-de_DE:::speech:::vid_7AR-9Sd5R50,test,cs-de_DE
1,cs-de_DE:::speech:::vid_Dbei9GDQ5js,cs-de_DE:::speech:::vid_Dbei9GDQ5js,test,cs-de_DE
1,cs-de_DE:::speech:::vid_IAX2-qArWKo,cs-de_DE:::speech:::vid_IAX2-qArWKo,test,cs-de_DE
1,cs-de_DE:::speech:::vid_NxMnsb0JX24,cs-de_DE:::speech:::vid_NxMnsb0JX24,test,cs-de_DE
1,cs-de_DE:::speech:::vid_XLX5vpC2VyQ,cs-de_DE:::speech:::vid_XLX5vpC2VyQ,test,cs-de_DE
1,cs-de_DE:::speech:::vid_ddqRtXqCofI,cs-de_DE:::speech:::vid_ddqRtXqCofI,test,cs-de_DE
1,cs-de_DE:::speech:::vid_lRfsfGBa0o0,cs-de_DE:::speech:::vid_lRfsfGBa0o0,test,cs-de_DE
2,cs-de_DE:::dialogue:::MUL1066,cs-de_DE:::dialogue:::MUL1066,train,cs-de_DE
2,cs-de_DE:::dialogue:::MUL1139,cs-de_DE:::dialogue:::MUL1139,train,cs-de_DE
2,cs-de_DE:::dialogue:::MUL2294,cs-de_DE:::dialogue:::MUL2294,train,cs-de_DE
2,cs-de_DE:::dialogue:::MUL2376,cs-de_DE:::dialogue:::MUL2376,train,cs-de_DE
2,cs-de_DE:::dialogue:::MUL2405,cs-de_DE:::dialogue:::MUL2405,train,cs-de_DE
2,cs-de_DE:::dialogue:::PMUL3748,cs-de_DE:::dialogue:::PMUL3748,train,cs-de_DE
2,cs-de_DE:::dialogue:::PMUL4140,cs-de_DE:::dialogue:::PMUL4140,train,cs-de_DE
2,cs-de_DE:::dialogue:::SNG0991,cs-de_DE:::dialogue:::SNG0991,train,cs-de_DE
2,cs-de_DE:::edu:::edu02178,cs-de_DE:::edu:::edu02178,train,cs-de_DE
2,cs-de_DE:::edu:::edu03240,cs-de_DE:::edu:::edu03240,train,cs-de_DE
2,cs-de_DE:::edu:::edu03620,cs-de_DE:::edu:::edu03620,train,cs-de_DE
2,cs-de_DE:::edu:::edu08474,cs-de_DE:::edu:::edu08474,train,cs-de_DE
2,cs-de_DE:::edu:::edu08478,cs-de_DE:::edu:::edu08478,train,cs-de_DE
2,cs-de_DE:::edu:::edu08480,cs-de_DE:::edu:::edu08480,train,cs-de_DE
2,cs-de_DE:::edu:::edu08486,cs-de_DE:::edu:::edu08486,train,cs-de_DE
2,cs-de_DE:::edu:::edu08492,cs-de_DE:::edu:::edu08492,train,cs-de_DE
2,cs-de_DE:::edu:::edu08494,cs-de_DE:::edu:::edu08494,train,cs-de_DE
2,cs-de_DE:::edu:::edu08504,cs-de_DE:::edu:::edu08504,train,cs-de_DE
2,cs-de_DE:::edu:::edu08510,cs-de_DE:::edu:::edu08510,train,cs-de_DE
2,cs-de_DE:::edu:::edu08512,cs-de_DE:::edu:::edu08512,train,cs-de_DE
2,cs-de_DE:::edu:::edu08596,cs-de_DE:::edu:::edu08596,train,cs-de_DE
2,cs-de_DE:::edu:::edu08602,cs-de_DE:::edu:::edu08602,train,cs-de_DE
2,cs-de_DE:::edu:::edu08606,cs-de_DE:::edu:::edu08606,train,cs-de_DE
2,cs-de_DE:::edu:::edu08772,cs-de_DE:::edu:::edu08772,train,cs-de_DE
2,cs-de_DE:::edu:::edu30034,cs-de_DE:::edu:::edu30034,train,cs-de_DE
2,cs-de_DE:::edu:::edu31632,cs-de_DE:::edu:::edu31632,train,cs-de_DE
2,cs-de_DE:::edu:::edu31712,cs-de_DE:::edu:::edu31712,train,cs-de_DE
2,cs-de_DE:::edu:::edu32838,cs-de_DE:::edu:::edu32838,train,cs-de_DE
2,cs-de_DE:::news:::blesk.cz.112043,cs-de_DE:::news:::blesk.cz.112043,train,cs-de_DE
2,cs-de_DE:::news:::blesk.cz.112532,cs-de_DE:::news:::blesk.cz.112532,train,cs-de_DE
2,cs-de_DE:::news:::ceska_televize-cs.156327,cs-de_DE:::news:::ceska_televize-cs.156327,train,cs-de_DE
2,cs-de_DE:::news:::cesky_rozhlas-cs.188013,cs-de_DE:::news:::cesky_rozhlas-cs.188013,train,cs-de_DE
2,cs-de_DE:::news:::ct24-cs.205423,cs-de_DE:::news:::ct24-cs.205423,train,cs-de_DE
2,cs-de_DE:::news:::ct24-cs.205786,cs-de_DE:::news:::ct24-cs.205786,train,cs-de_DE
2,cs-de_DE:::news:::ct24-cs.206403,cs-de_DE:::news:::ceska_televize-cs.156327,train,cs-de_DE
2,cs-de_DE:::news:::ihned.cz.57908,cs-de_DE:::news:::ihned.cz.57908,train,cs-de_DE
2,cs-de_DE:::news:::radio_praha-cs.18156,cs-de_DE:::news:::radio_praha-cs.18156,train,cs-de_DE
2,cs-de_DE:::news:::radio_praha-cs.18173,cs-de_DE:::news:::radio_praha-cs.18173,train,cs-de_DE
2,cs-de_DE:::news:::reflex.cz.16563,cs-de_DE:::news:::reflex.cz.16563,train,cs-de_DE
2,cs-de_DE:::news:::reflex.cz.16578,cs-de_DE:::news:::reflex.cz.16578,train,cs-de_DE
2,cs-de_DE:::news:::respekt-cs.11394,cs-de_DE:::news:::respekt-cs.11394,train,cs-de_DE
2,cs-de_DE:::social:::social01,cs-de_DE:::social:::social01,train,cs-de_DE
2,cs-de_DE:::social:::social09,cs-de_DE:::social:::social09,train,cs-de_DE
2,cs-de_DE:::social:::social10,cs-de_DE:::social:::social10,train,cs-de_DE
2,cs-de_DE:::social:::social16,cs-de_DE:::social:::social16,train,cs-de_DE
2,cs-de_DE:::social:::social18,cs-de_DE:::social:::social18,train,cs-de_DE
2,cs-de_DE:::social:::social20,cs-de_DE:::social:::social20,train,cs-de_DE
2,cs-de_DE:::social:::social23,cs-de_DE:::social:::social23,train,cs-de_DE
2,cs-de_DE:::social:::social24,cs-de_DE:::social:::social24,train,cs-de_DE
2,cs-de_DE:::social:::social27,cs-de_DE:::social:::social27,train,cs-de_DE
2,cs-de_DE:::social:::social34,cs-de_DE:::social:::social34,train,cs-de_DE
2,cs-de_DE:::social:::social39,cs-de_DE:::social:::social39,train,cs-de_DE
2,cs-de_DE:::social:::social42,cs-de_DE:::social:::social42,train,cs-de_DE
2,cs-de_DE:::social:::social46,cs-de_DE:::social:::social46,train,cs-de_DE
2,cs-de_DE:::speech:::vid_-DTsEpAa6vY,cs-de_DE:::speech:::vid_-DTsEpAa6vY,train,cs-de_DE
2,cs-de_DE:::speech:::vid_0VTV_tXxpNM,cs-de_DE:::speech:::vid_0VTV_tXxpNM,train,cs-de_DE
2,cs-de_DE:::speech:::vid_0fjuxisFgs8,cs-de_DE:::speech:::vid_0fjuxisFgs8,train,cs-de_DE
2,cs-de_DE:::speech:::vid_0yfaR27UshY,cs-de_DE:::speech:::vid_0yfaR27UshY,train,cs-de_DE
2,cs-de_DE:::speech:::vid_7AR-9Sd5R50,cs-de_DE:::speech:::vid_7AR-9Sd5R50,train,cs-de_DE
2,cs-de_DE:::speech:::vid_83uzO97cy28,cs-de_DE:::speech:::vid_83uzO97cy28,train,cs-de_DE
2,cs-de_DE:::speech:::vid_Ank-5bMvM00,cs-de_DE:::speech:::vid_Ank-5bMvM00,train,cs-de_DE
2,cs-de_DE:::speech:::vid_BNApYDC7OZQ,cs-de_DE:::speech:::vid_BNApYDC7OZQ,train,cs-de_DE
2,cs-de_DE:::speech:::vid_Dbei9GDQ5js,cs-de_DE:::speech:::vid_Dbei9GDQ5js,train,cs-de_DE
2,cs-de_DE:::speech:::vid_DmbQP3rlSh0,cs-de_DE:::speech:::vid_DmbQP3rlSh0,train,cs-de_DE
2,cs-de_DE:::speech:::vid_DnyHunsPafI,cs-de_DE:::speech:::vid_DnyHunsPafI,train,cs-de_DE
2,cs-de_DE:::speech:::vid_Fy0e5GW53yc,cs-de_DE:::speech:::vid_Fy0e5GW53yc,train,cs-de_DE
2,cs-de_DE:::speech:::vid_IAX2-qArWKo,cs-de_DE:::speech:::vid_IAX2-qArWKo,train,cs-de_DE
2,cs-de_DE:::speech:::vid_KL6WSkyezCw,cs-de_DE:::speech:::vid_KL6WSkyezCw,train,cs-de_DE
2,cs-de_DE:::speech:::vid_MFQScnI3mbE,cs-de_DE:::speech:::vid_MFQScnI3mbE,train,cs-de_DE
2,cs-de_DE:::speech:::vid_MSr8pjfpbfY,cs-de_DE:::speech:::vid_MSr8pjfpbfY,train,cs-de_DE
2,cs-de_DE:::speech:::vid_NxMnsb0JX24,cs-de_DE:::speech:::vid_NxMnsb0JX24,train,cs-de_DE
2,cs-de_DE:::speech:::vid_OmDTWDwJ_yY,cs-de_DE:::speech:::vid_OmDTWDwJ_yY,train,cs-de_DE
2,cs-de_DE:::speech:::vid_V14AE9T61_M,cs-de_DE:::speech:::vid_V14AE9T61_M,train,cs-de_DE
2,cs-de_DE:::speech:::vid_XLX5vpC2VyQ,cs-de_DE:::speech:::vid_XLX5vpC2VyQ,train,cs-de_DE
2,cs-de_DE:::speech:::vid_Y6QKUqCqDNI,cs-de_DE:::speech:::vid_Y6QKUqCqDNI,train,cs-de_DE
2,cs-de_DE:::speech:::vid_ddqRtXqCofI,cs-de_DE:::speech:::vid_ddqRtXqCofI,train,cs-de_DE
2,cs-de_DE:::speech:::vid_eUsprvdS_js,cs-de_DE:::speech:::vid_eUsprvdS_js,train,cs-de_DE
2,cs-de_DE:::speech:::vid_gO2Xj7NBBMI,cs-de_DE:::speech:::vid_gO2Xj7NBBMI,train,cs-de_DE
2,cs-de_DE:::speech:::vid_tCOeLB18d1s,cs-de_DE:::speech:::vid_tCOeLB18d1s,train,cs-de_DE
2,cs-de_DE:::speech:::vid_tYQUxfKatQ0,cs-de_DE:::speech:::vid_tYQUxfKatQ0,train,cs-de_DE
2,cs-de_DE:::speech:::vid_u54YM5vAsAM,cs-de_DE:::speech:::vid_u54YM5vAsAM,train,cs-de_DE
2,cs-de_DE:::speech:::vid_vx4yg9LOFwk,cs-de_DE:::speech:::vid_vx4yg9LOFwk,train,cs-de_DE
2,cs-de_DE:::speech:::vid_zZDVvZ8V_3g,cs-de_DE:::speech:::vid_zZDVvZ8V_3g,train,cs-de_DE
2,cs-de_DE:::dialogue:::MUL0845,cs-de_DE:::dialogue:::MUL0845,validation,cs-de_DE
2,cs-de_DE:::dialogue:::MUL2162,cs-de_DE:::dialogue:::MUL2162,validation,cs-de_DE
2,cs-de_DE:::dialogue:::PMUL2755,cs-de_DE:::dialogue:::PMUL2755,validation,cs-de_DE
2,cs-de_DE:::edu:::edu08500,cs-de_DE:::edu:::edu08500,validation,cs-de_DE
2,cs-de_DE:::edu:::edu32072,cs-de_DE:::edu:::edu32072,validation,cs-de_DE
2,cs-de_DE:::edu:::edu34346,cs-de_DE:::edu:::edu34346,validation,cs-de_DE
2,cs-de_DE:::edu:::edu34434,cs-de_DE:::edu:::edu34434,validation,cs-de_DE
2,cs-de_DE:::news:::cesky_rozhlas-cs.188622,cs-de_DE:::news:::cesky_rozhlas-cs.188622,validation,cs-de_DE
2,cs-de_DE:::news:::radio_praha-cs.18143,cs-de_DE:::news:::radio_praha-cs.18143,validation,cs-de_DE
2,cs-de_DE:::social:::social04,cs-de_DE:::social:::social04,validation,cs-de_DE
2,cs-de_DE:::social:::social12,cs-de_DE:::social:::social12,validation,cs-de_DE
2,cs-de_DE:::social:::social15,cs-de_DE:::social:::social15,validation,cs-de_DE
2,cs-de_DE:::social:::social41,cs-de_DE:::social:::social41,validation,cs-de_DE
2,cs-de_DE:::speech:::vid_TnUw_OspWIw,cs-de_DE:::speech:::vid_TnUw_OspWIw,validation,cs-de_DE
2,cs-de_DE:::speech:::vid__S6LhA4Edl8,cs-de_DE:::speech:::vid__S6LhA4Edl8,validation,cs-de_DE
2,cs-de_DE:::speech:::vid__vz2e5l-gS4,cs-de_DE:::speech:::vid__vz2e5l-gS4,validation,cs-de_DE
2,cs-de_DE:::speech:::vid_hKkues3pJ_I,cs-de_DE:::speech:::vid_hKkues3pJ_I,validation,cs-de_DE
2,cs-de_DE:::speech:::vid_lRfsfGBa0o0,cs-de_DE:::speech:::vid_lRfsfGBa0o0,validation,cs-de_DE
2,cs-de_DE:::speech:::vid_x9sY3-3dnas,cs-de_DE:::speech:::vid_x9sY3-3dnas,validation,cs-de_DE
2,cs-de_DE:::dialogue:::MUL1060,cs-de_DE:::dialogue:::MUL1060,test,cs-de_DE
2,cs-de_DE:::dialogue:::MUL2305,cs-de_DE:::dialogue:::MUL2305,test,cs-de_DE
2,cs-de_DE:::dialogue:::PMUL4134,cs-de_DE:::dialogue:::PMUL4134,test,cs-de_DE
2,cs-de_DE:::edu:::edu03246,cs-de_DE:::edu:::edu03246,test,cs-de_DE
2,cs-de_DE:::edu:::edu08482,cs-de_DE:::edu:::edu08482,test,cs-de_DE
2,cs-de_DE:::edu:::edu08502,cs-de_DE:::edu:::edu08502,test,cs-de_DE
2,cs-de_DE:::edu:::edu08600,cs-de_DE:::edu:::edu08600,test,cs-de_DE
2,cs-de_DE:::edu:::edu30538,cs-de_DE:::edu:::edu30538,test,cs-de_DE
2,cs-de_DE:::edu:::edu33632,cs-de_DE:::edu:::edu33632,test,cs-de_DE
2,cs-de_DE:::news:::ceska_televize-cs.156247,cs-de_DE:::news:::ceska_televize-cs.156247,test,cs-de_DE
2,cs-de_DE:::news:::cesky_rozhlas-cs.187682,cs-de_DE:::news:::cesky_rozhlas-cs.187682,test,cs-de_DE
2,cs-de_DE:::news:::ct24-cs.206310,cs-de_DE:::news:::ceska_televize-cs.156247,test,cs-de_DE
2,cs-de_DE:::news:::ctk.cz.120672,cs-de_DE:::news:::ctk.cz.120672,test,cs-de_DE
2,cs-de_DE:::news:::reflex.cz.16547,cs-de_DE:::news:::reflex.cz.16547,test,cs-de_DE
2,cs-de_DE:::social:::social02,cs-de_DE:::social:::social02,test,cs-de_DE
2,cs-de_DE:::social:::social13,cs-de_DE:::social:::social13,test,cs-de_DE
2,cs-de_DE:::social:::social21,cs-de_DE:::social:::social21,test,cs-de_DE
2,cs-de_DE:::social:::social35,cs-de_DE:::social:::social35,test,cs-de_DE
2,cs-de_DE:::social:::social48,cs-de_DE:::social:::social48,test,cs-de_DE
2,cs-de_DE:::speech:::vid_3QlubgOA774,cs-de_DE:::speech:::vid_3QlubgOA774,test,cs-de_DE
2,cs-de_DE:::speech:::vid_BQidTYlmyMw,cs-de_DE:::speech:::vid_BQidTYlmyMw,test,cs-de_DE
2,cs-de_DE:::speech:::vid_I3UGDXbIfxw,cs-de_DE:::speech:::vid_I3UGDXbIfxw,test,cs-de_DE
2,cs-de_DE:::speech:::vid_NKYvbkYphPs,cs-de_DE:::speech:::vid_NKYvbkYphPs,test,cs-de_DE
2,cs-de_DE:::speech:::vid_XBJCXeVt0vc,cs-de_DE:::speech:::vid_XBJCXeVt0vc,test,cs-de_DE
2,cs-de_DE:::speech:::vid_azvnUwpbmdo,cs-de_DE:::speech:::vid_azvnUwpbmdo,test,cs-de_DE
2,cs-de_DE:::speech:::vid_lBYDRqvgeJc,cs-de_DE:::speech:::vid_lBYDRqvgeJc,test,cs-de_DE
3,cs-de_DE:::dialogue:::MUL1066,cs-de_DE:::dialogue:::MUL1066,train,cs-de_DE
3,cs-de_DE:::dialogue:::MUL1139,cs-de_DE:::dialogue:::MUL1139,train,cs-de_DE
3,cs-de_DE:::dialogue:::MUL2162,cs-de_DE:::dialogue:::MUL2162,train,cs-de_DE
3,cs-de_DE:::dialogue:::MUL2305,cs-de_DE:::dialogue:::MUL2305,train,cs-de_DE
3,cs-de_DE:::dialogue:::MUL2405,cs-de_DE:::dialogue:::MUL2405,train,cs-de_DE
3,cs-de_DE:::dialogue:::PMUL2755,cs-de_DE:::dialogue:::PMUL2755,train,cs-de_DE
3,cs-de_DE:::dialogue:::PMUL4134,cs-de_DE:::dialogue:::PMUL4134,train,cs-de_DE
3,cs-de_DE:::dialogue:::PMUL4140,cs-de_DE:::dialogue:::PMUL4140,train,cs-de_DE
3,cs-de_DE:::dialogue:::SNG0991,cs-de_DE:::dialogue:::SNG0991,train,cs-de_DE
3,cs-de_DE:::edu:::edu03246,cs-de_DE:::edu:::edu03246,train,cs-de_DE
3,cs-de_DE:::edu:::edu08474,cs-de_DE:::edu:::edu08474,train,cs-de_DE
3,cs-de_DE:::edu:::edu08478,cs-de_DE:::edu:::edu08478,train,cs-de_DE
3,cs-de_DE:::edu:::edu08482,cs-de_DE:::edu:::edu08482,train,cs-de_DE
3,cs-de_DE:::edu:::edu08492,cs-de_DE:::edu:::edu08492,train,cs-de_DE
3,cs-de_DE:::edu:::edu08494,cs-de_DE:::edu:::edu08494,train,cs-de_DE
3,cs-de_DE:::edu:::edu08502,cs-de_DE:::edu:::edu08502,train,cs-de_DE
3,cs-de_DE:::edu:::edu08504,cs-de_DE:::edu:::edu08504,train,cs-de_DE
3,cs-de_DE:::edu:::edu08510,cs-de_DE:::edu:::edu08510,train,cs-de_DE
3,cs-de_DE:::edu:::edu08512,cs-de_DE:::edu:::edu08512,train,cs-de_DE
3,cs-de_DE:::edu:::edu08600,cs-de_DE:::edu:::edu08600,train,cs-de_DE
3,cs-de_DE:::edu:::edu08602,cs-de_DE:::edu:::edu08602,train,cs-de_DE
3,cs-de_DE:::edu:::edu08606,cs-de_DE:::edu:::edu08606,train,cs-de_DE
3,cs-de_DE:::edu:::edu08772,cs-de_DE:::edu:::edu08772,train,cs-de_DE
3,cs-de_DE:::edu:::edu30538,cs-de_DE:::edu:::edu30538,train,cs-de_DE
3,cs-de_DE:::edu:::edu31712,cs-de_DE:::edu:::edu31712,train,cs-de_DE
3,cs-de_DE:::edu:::edu32072,cs-de_DE:::edu:::edu32072,train,cs-de_DE
3,cs-de_DE:::edu:::edu33632,cs-de_DE:::edu:::edu33632,train,cs-de_DE
3,cs-de_DE:::edu:::edu34346,cs-de_DE:::edu:::edu34346,train,cs-de_DE
3,cs-de_DE:::news:::blesk.cz.112043,cs-de_DE:::news:::blesk.cz.112043,train,cs-de_DE
3,cs-de_DE:::news:::ceska_televize-cs.156247,cs-de_DE:::news:::ceska_televize-cs.156247,train,cs-de_DE
3,cs-de_DE:::news:::cesky_rozhlas-cs.187682,cs-de_DE:::news:::cesky_rozhlas-cs.187682,train,cs-de_DE
3,cs-de_DE:::news:::cesky_rozhlas-cs.188013,cs-de_DE:::news:::cesky_rozhlas-cs.188013,train,cs-de_DE
3,cs-de_DE:::news:::cesky_rozhlas-cs.188622,cs-de_DE:::news:::cesky_rozhlas-cs.188622,train,cs-de_DE
3,cs-de_DE:::news:::ct24-cs.205423,cs-de_DE:::news:::ct24-cs.205423,train,cs-de_DE
3,cs-de_DE:::news:::ct24-cs.206310,cs-de_DE:::news:::ceska_televize-cs.156247,train,cs-de_DE
3,cs-de_DE:::news:::ctk.cz.120672,cs-de_DE:::news:::ctk.cz.120672,train,cs-de_DE
3,cs-de_DE:::news:::ihned.cz.57908,cs-de_DE:::news:::ihned.cz.57908,train,cs-de_DE
3,cs-de_DE:::news:::radio_praha-cs.18143,cs-de_DE:::news:::radio_praha-cs.18143,train,cs-de_DE
3,cs-de_DE:::news:::radio_praha-cs.18156,cs-de_DE:::news:::radio_praha-cs.18156,train,cs-de_DE
3,cs-de_DE:::news:::reflex.cz.16547,cs-de_DE:::news:::reflex.cz.16547,train,cs-de_DE
3,cs-de_DE:::news:::reflex.cz.16578,cs-de_DE:::news:::reflex.cz.16578,train,cs-de_DE
3,cs-de_DE:::news:::respekt-cs.11394,cs-de_DE:::news:::respekt-cs.11394,train,cs-de_DE
3,cs-de_DE:::social:::social02,cs-de_DE:::social:::social02,train,cs-de_DE
3,cs-de_DE:::social:::social04,cs-de_DE:::social:::social04,train,cs-de_DE
3,cs-de_DE:::social:::social09,cs-de_DE:::social:::social09,train,cs-de_DE
3,cs-de_DE:::social:::social10,cs-de_DE:::social:::social10,train,cs-de_DE
3,cs-de_DE:::social:::social13,cs-de_DE:::social:::social13,train,cs-de_DE
3,cs-de_DE:::social:::social15,cs-de_DE:::social:::social15,train,cs-de_DE
3,cs-de_DE:::social:::social16,cs-de_DE:::social:::social16,train,cs-de_DE
3,cs-de_DE:::social:::social18,cs-de_DE:::social:::social18,train,cs-de_DE
3,cs-de_DE:::social:::social21,cs-de_DE:::social:::social21,train,cs-de_DE
3,cs-de_DE:::social:::social23,cs-de_DE:::social:::social23,train,cs-de_DE
3,cs-de_DE:::social:::social24,cs-de_DE:::social:::social24,train,cs-de_DE
3,cs-de_DE:::social:::social39,cs-de_DE:::social:::social39,train,cs-de_DE
3,cs-de_DE:::social:::social41,cs-de_DE:::social:::social41,train,cs-de_DE
3,cs-de_DE:::social:::social42,cs-de_DE:::social:::social42,train,cs-de_DE
3,cs-de_DE:::social:::social48,cs-de_DE:::social:::social48,train,cs-de_DE
3,cs-de_DE:::speech:::vid_0VTV_tXxpNM,cs-de_DE:::speech:::vid_0VTV_tXxpNM,train,cs-de_DE
3,cs-de_DE:::speech:::vid_3QlubgOA774,cs-de_DE:::speech:::vid_3QlubgOA774,train,cs-de_DE
3,cs-de_DE:::speech:::vid_7AR-9Sd5R50,cs-de_DE:::speech:::vid_7AR-9Sd5R50,train,cs-de_DE
3,cs-de_DE:::speech:::vid_Ank-5bMvM00,cs-de_DE:::speech:::vid_Ank-5bMvM00,train,cs-de_DE
3,cs-de_DE:::speech:::vid_BQidTYlmyMw,cs-de_DE:::speech:::vid_BQidTYlmyMw,train,cs-de_DE
3,cs-de_DE:::speech:::vid_Dbei9GDQ5js,cs-de_DE:::speech:::vid_Dbei9GDQ5js,train,cs-de_DE
3,cs-de_DE:::speech:::vid_I3UGDXbIfxw,cs-de_DE:::speech:::vid_I3UGDXbIfxw,train,cs-de_DE
3,cs-de_DE:::speech:::vid_KL6WSkyezCw,cs-de_DE:::speech:::vid_KL6WSkyezCw,train,cs-de_DE
3,cs-de_DE:::speech:::vid_MFQScnI3mbE,cs-de_DE:::speech:::vid_MFQScnI3mbE,train,cs-de_DE
3,cs-de_DE:::speech:::vid_NKYvbkYphPs,cs-de_DE:::speech:::vid_NKYvbkYphPs,train,cs-de_DE
3,cs-de_DE:::speech:::vid_OmDTWDwJ_yY,cs-de_DE:::speech:::vid_OmDTWDwJ_yY,train,cs-de_DE
3,cs-de_DE:::speech:::vid_TnUw_OspWIw,cs-de_DE:::speech:::vid_TnUw_OspWIw,train,cs-de_DE
3,cs-de_DE:::speech:::vid_XBJCXeVt0vc,cs-de_DE:::speech:::vid_XBJCXeVt0vc,train,cs-de_DE
3,cs-de_DE:::speech:::vid_XLX5vpC2VyQ,cs-de_DE:::speech:::vid_XLX5vpC2VyQ,train,cs-de_DE
3,cs-de_DE:::speech:::vid_Y6QKUqCqDNI,cs-de_DE:::speech:::vid_Y6QKUqCqDNI,train,cs-de_DE
3,cs-de_DE:::speech:::vid_azvnUwpbmdo,cs-de_DE:::speech:::vid_azvnUwpbmdo,train,cs-de_DE
3,cs-de_DE:::speech:::vid_ddqRtXqCofI,cs-de_DE:::speech:::vid_ddqRtXqCofI,train,cs-de_DE
3,cs-de_DE:::speech:::vid_eUsprvdS_js,cs-de_DE:::speech:::vid_eUsprvdS_js,train,cs-de_DE
3,cs-de_DE:::speech:::vid_gO2Xj7NBBMI,cs-de_DE:::speech:::vid_gO2Xj7NBBMI,train,cs-de_DE
3,cs-de_DE:::speech:::vid_lBYDRqvgeJc,cs-de_DE:::speech:::vid_lBYDRqvgeJc,train,cs-de_DE
3,cs-de_DE:::speech:::vid_lRfsfGBa0o0,cs-de_DE:::speech:::vid_lRfsfGBa0o0,train,cs-de_DE
3,cs-de_DE:::speech:::vid_tCOeLB18d1s,cs-de_DE:::speech:::vid_tCOeLB18d1s,train,cs-de_DE
3,cs-de_DE:::speech:::vid_tYQUxfKatQ0,cs-de_DE:::speech:::vid_tYQUxfKatQ0,train,cs-de_DE
3,cs-de_DE:::speech:::vid_vx4yg9LOFwk,cs-de_DE:::speech:::vid_vx4yg9LOFwk,train,cs-de_DE
3,cs-de_DE:::speech:::vid_x9sY3-3dnas,cs-de_DE:::speech:::vid_x9sY3-3dnas,train,cs-de_DE
3,cs-de_DE:::dialogue:::MUL1060,cs-de_DE:::dialogue:::MUL1060,validation,cs-de_DE
3,cs-de_DE:::dialogue:::MUL2376,cs-de_DE:::dialogue:::MUL2376,validation,cs-de_DE
3,cs-de_DE:::edu:::edu02178,cs-de_DE:::edu:::edu02178,validation,cs-de_DE
3,cs-de_DE:::edu:::edu03620,cs-de_DE:::edu:::edu03620,validation,cs-de_DE
3,cs-de_DE:::edu:::edu08486,cs-de_DE:::edu:::edu08486,validation,cs-de_DE
3,cs-de_DE:::edu:::edu31632,cs-de_DE:::edu:::edu31632,validation,cs-de_DE
3,cs-de_DE:::edu:::edu34434,cs-de_DE:::edu:::edu34434,validation,cs-de_DE
3,cs-de_DE:::news:::ceska_televize-cs.156327,cs-de_DE:::news:::ceska_televize-cs.156327,validation,cs-de_DE
3,cs-de_DE:::news:::ct24-cs.206403,cs-de_DE:::news:::ceska_televize-cs.156327,validation,cs-de_DE
3,cs-de_DE:::news:::reflex.cz.16563,cs-de_DE:::news:::reflex.cz.16563,validation,cs-de_DE
3,cs-de_DE:::social:::social27,cs-de_DE:::social:::social27,validation,cs-de_DE
3,cs-de_DE:::social:::social35,cs-de_DE:::social:::social35,validation,cs-de_DE
3,cs-de_DE:::speech:::vid_-DTsEpAa6vY,cs-de_DE:::speech:::vid_-DTsEpAa6vY,validation,cs-de_DE
3,cs-de_DE:::speech:::vid_0fjuxisFgs8,cs-de_DE:::speech:::vid_0fjuxisFgs8,validation,cs-de_DE
3,cs-de_DE:::speech:::vid_83uzO97cy28,cs-de_DE:::speech:::vid_83uzO97cy28,validation,cs-de_DE
3,cs-de_DE:::speech:::vid_DmbQP3rlSh0,cs-de_DE:::speech:::vid_DmbQP3rlSh0,validation,cs-de_DE
3,cs-de_DE:::speech:::vid_DnyHunsPafI,cs-de_DE:::speech:::vid_DnyHunsPafI,validation,cs-de_DE
3,cs-de_DE:::speech:::vid_IAX2-qArWKo,cs-de_DE:::speech:::vid_IAX2-qArWKo,validation,cs-de_DE
3,cs-de_DE:::speech:::vid_NxMnsb0JX24,cs-de_DE:::speech:::vid_NxMnsb0JX24,validation,cs-de_DE
3,cs-de_DE:::speech:::vid__S6LhA4Edl8,cs-de_DE:::speech:::vid__S6LhA4Edl8,validation,cs-de_DE
3,cs-de_DE:::dialogue:::MUL0845,cs-de_DE:::dialogue:::MUL0845,test,cs-de_DE
3,cs-de_DE:::dialogue:::MUL2294,cs-de_DE:::dialogue:::MUL2294,test,cs-de_DE
3,cs-de_DE:::dialogue:::PMUL3748,cs-de_DE:::dialogue:::PMUL3748,test,cs-de_DE
3,cs-de_DE:::edu:::edu03240,cs-de_DE:::edu:::edu03240,test,cs-de_DE
3,cs-de_DE:::edu:::edu08480,cs-de_DE:::edu:::edu08480,test,cs-de_DE
3,cs-de_DE:::edu:::edu08500,cs-de_DE:::edu:::edu08500,test,cs-de_DE
3,cs-de_DE:::edu:::edu08596,cs-de_DE:::edu:::edu08596,test,cs-de_DE
3,cs-de_DE:::edu:::edu30034,cs-de_DE:::edu:::edu30034,test,cs-de_DE
3,cs-de_DE:::edu:::edu32838,cs-de_DE:::edu:::edu32838,test,cs-de_DE
3,cs-de_DE:::news:::blesk.cz.112532,cs-de_DE:::news:::blesk.cz.112532,test,cs-de_DE
3,cs-de_DE:::news:::ct24-cs.205786,cs-de_DE:::news:::ct24-cs.205786,test,cs-de_DE
3,cs-de_DE:::news:::radio_praha-cs.18173,cs-de_DE:::news:::radio_praha-cs.18173,test,cs-de_DE
3,cs-de_DE:::social:::social01,cs-de_DE:::social:::social01,test,cs-de_DE
3,cs-de_DE:::social:::social12,cs-de_DE:::social:::social12,test,cs-de_DE
3,cs-de_DE:::social:::social20,cs-de_DE:::social:::social20,test,cs-de_DE
3,cs-de_DE:::social:::social34,cs-de_DE:::social:::social34,test,cs-de_DE
3,cs-de_DE:::social:::social46,cs-de_DE:::social:::social46,test,cs-de_DE
3,cs-de_DE:::speech:::vid_0yfaR27UshY,cs-de_DE:::speech:::vid_0yfaR27UshY,test,cs-de_DE
3,cs-de_DE:::speech:::vid_BNApYDC7OZQ,cs-de_DE:::speech:::vid_BNApYDC7OZQ,test,cs-de_DE
3,cs-de_DE:::speech:::vid_Fy0e5GW53yc,cs-de_DE:::speech:::vid_Fy0e5GW53yc,test,cs-de_DE
3,cs-de_DE:::speech:::vid_MSr8pjfpbfY,cs-de_DE:::speech:::vid_MSr8pjfpbfY,test,cs-de_DE
3,cs-de_DE:::speech:::vid_V14AE9T61_M,cs-de_DE:::speech:::vid_V14AE9T61_M,test,cs-de_DE
3,cs-de_DE:::speech:::vid__vz2e5l-gS4,cs-de_DE:::speech:::vid__vz2e5l-gS4,test,cs-de_DE
3,cs-de_DE:::speech:::vid_hKkues3pJ_I,cs-de_DE:::speech:::vid_hKkues3pJ_I,test,cs-de_DE
3,cs-de_DE:::speech:::vid_u54YM5vAsAM,cs-de_DE:::speech:::vid_u54YM5vAsAM,test,cs-de_DE
3,cs-de_DE:::speech:::vid_zZDVvZ8V_3g,cs-de_DE:::speech:::vid_zZDVvZ8V_3g,test,cs-de_DE
4,cs-de_DE:::dialogue:::MUL0845,cs-de_DE:::dialogue:::MUL0845,train,cs-de_DE
4,cs-de_DE:::dialogue:::MUL1060,cs-de_DE:::dialogue:::MUL1060,train,cs-de_DE
4,cs-de_DE:::dialogue:::MUL2294,cs-de_DE:::dialogue:::MUL2294,train,cs-de_DE
4,cs-de_DE:::dialogue:::MUL2305,cs-de_DE:::dialogue:::MUL2305,train,cs-de_DE
4,cs-de_DE:::dialogue:::MUL2376,cs-de_DE:::dialogue:::MUL2376,train,cs-de_DE
4,cs-de_DE:::dialogue:::PMUL3748,cs-de_DE:::dialogue:::PMUL3748,train,cs-de_DE
4,cs-de_DE:::dialogue:::PMUL4134,cs-de_DE:::dialogue:::PMUL4134,train,cs-de_DE
4,cs-de_DE:::dialogue:::SNG0991,cs-de_DE:::dialogue:::SNG0991,train,cs-de_DE
4,cs-de_DE:::edu:::edu03246,cs-de_DE:::edu:::edu03246,train,cs-de_DE
4,cs-de_DE:::edu:::edu03620,cs-de_DE:::edu:::edu03620,train,cs-de_DE
4,cs-de_DE:::edu:::edu08474,cs-de_DE:::edu:::edu08474,train,cs-de_DE
4,cs-de_DE:::edu:::edu08486,cs-de_DE:::edu:::edu08486,train,cs-de_DE
4,cs-de_DE:::edu:::edu08492,cs-de_DE:::edu:::edu08492,train,cs-de_DE
4,cs-de_DE:::edu:::edu08502,cs-de_DE:::edu:::edu08502,train,cs-de_DE
4,cs-de_DE:::edu:::edu08504,cs-de_DE:::edu:::edu08504,train,cs-de_DE
4,cs-de_DE:::edu:::edu08596,cs-de_DE:::edu:::edu08596,train,cs-de_DE
4,cs-de_DE:::edu:::edu08600,cs-de_DE:::edu:::edu08600,train,cs-de_DE
4,cs-de_DE:::edu:::edu08606,cs-de_DE:::edu:::edu08606,train,cs-de_DE
4,cs-de_DE:::edu:::edu30034,cs-de_DE:::edu:::edu30034,train,cs-de_DE
4,cs-de_DE:::edu:::edu30538,cs-de_DE:::edu:::edu30538,train,cs-de_DE
4,cs-de_DE:::edu:::edu31632,cs-de_DE:::edu:::edu31632,train,cs-de_DE
4,cs-de_DE:::edu:::edu32838,cs-de_DE:::edu:::edu32838,train,cs-de_DE
4,cs-de_DE:::edu:::edu33632,cs-de_DE:::edu:::edu33632,train,cs-de_DE
4,cs-de_DE:::edu:::edu34346,cs-de_DE:::edu:::edu34346,train,cs-de_DE
4,cs-de_DE:::edu:::edu34434,cs-de_DE:::edu:::edu34434,train,cs-de_DE
4,cs-de_DE:::news:::blesk.cz.112532,cs-de_DE:::news:::blesk.cz.112532,train,cs-de_DE
4,cs-de_DE:::news:::ceska_televize-cs.156247,cs-de_DE:::news:::ceska_televize-cs.156247,train,cs-de_DE
4,cs-de_DE:::news:::ceska_televize-cs.156327,cs-de_DE:::news:::ceska_televize-cs.156327,train,cs-de_DE
4,cs-de_DE:::news:::cesky_rozhlas-cs.187682,cs-de_DE:::news:::cesky_rozhlas-cs.187682,train,cs-de_DE
4,cs-de_DE:::news:::cesky_rozhlas-cs.188013,cs-de_DE:::news:::cesky_rozhlas-cs.188013,train,cs-de_DE
4,cs-de_DE:::news:::cesky_rozhlas-cs.188622,cs-de_DE:::news:::cesky_rozhlas-cs.188622,train,cs-de_DE
4,cs-de_DE:::news:::ct24-cs.205786,cs-de_DE:::news:::ct24-cs.205786,train,cs-de_DE
4,cs-de_DE:::news:::ct24-cs.206310,cs-de_DE:::news:::ceska_televize-cs.156247,train,cs-de_DE
4,cs-de_DE:::news:::ct24-cs.206403,cs-de_DE:::news:::ceska_televize-cs.156327,train,cs-de_DE
4,cs-de_DE:::news:::ihned.cz.57908,cs-de_DE:::news:::ihned.cz.57908,train,cs-de_DE
4,cs-de_DE:::news:::radio_praha-cs.18143,cs-de_DE:::news:::radio_praha-cs.18143,train,cs-de_DE
4,cs-de_DE:::news:::reflex.cz.16547,cs-de_DE:::news:::reflex.cz.16547,train,cs-de_DE
4,cs-de_DE:::news:::reflex.cz.16563,cs-de_DE:::news:::reflex.cz.16563,train,cs-de_DE
4,cs-de_DE:::news:::reflex.cz.16578,cs-de_DE:::news:::reflex.cz.16578,train,cs-de_DE
4,cs-de_DE:::social:::social01,cs-de_DE:::social:::social01,train,cs-de_DE
4,cs-de_DE:::social:::social02,cs-de_DE:::social:::social02,train,cs-de_DE
4,cs-de_DE:::social:::social09,cs-de_DE:::social:::social09,train,cs-de_DE
4,cs-de_DE:::social:::social12,cs-de_DE:::social:::social12,train,cs-de_DE
4,cs-de_DE:::social:::social13,cs-de_DE:::social:::social13,train,cs-de_DE
4,cs-de_DE:::social:::social15,cs-de_DE:::social:::social15,train,cs-de_DE
4,cs-de_DE:::social:::social16,cs-de_DE:::social:::social16,train,cs-de_DE
4,cs-de_DE:::social:::social21,cs-de_DE:::social:::social21,train,cs-de_DE
4,cs-de_DE:::social:::social23,cs-de_DE:::social:::social23,train,cs-de_DE
4,cs-de_DE:::social:::social24,cs-de_DE:::social:::social24,train,cs-de_DE
4,cs-de_DE:::social:::social34,cs-de_DE:::social:::social34,train,cs-de_DE
4,cs-de_DE:::social:::social39,cs-de_DE:::social:::social39,train,cs-de_DE
4,cs-de_DE:::social:::social41,cs-de_DE:::social:::social41,train,cs-de_DE
4,cs-de_DE:::social:::social46,cs-de_DE:::social:::social46,train,cs-de_DE
4,cs-de_DE:::social:::social48,cs-de_DE:::social:::social48,train,cs-de_DE
4,cs-de_DE:::speech:::vid_0VTV_tXxpNM,cs-de_DE:::speech:::vid_0VTV_tXxpNM,train,cs-de_DE
4,cs-de_DE:::speech:::vid_0yfaR27UshY,cs-de_DE:::speech:::vid_0yfaR27UshY,train,cs-de_DE
4,cs-de_DE:::speech:::vid_3QlubgOA774,cs-de_DE:::speech:::vid_3QlubgOA774,train,cs-de_DE
4,cs-de_DE:::speech:::vid_7AR-9Sd5R50,cs-de_DE:::speech:::vid_7AR-9Sd5R50,train,cs-de_DE
4,cs-de_DE:::speech:::vid_83uzO97cy28,cs-de_DE:::speech:::vid_83uzO97cy28,train,cs-de_DE
4,cs-de_DE:::speech:::vid_BQidTYlmyMw,cs-de_DE:::speech:::vid_BQidTYlmyMw,train,cs-de_DE
4,cs-de_DE:::speech:::vid_Dbei9GDQ5js,cs-de_DE:::speech:::vid_Dbei9GDQ5js,train,cs-de_DE
4,cs-de_DE:::speech:::vid_DmbQP3rlSh0,cs-de_DE:::speech:::vid_DmbQP3rlSh0,train,cs-de_DE
4,cs-de_DE:::speech:::vid_Fy0e5GW53yc,cs-de_DE:::speech:::vid_Fy0e5GW53yc,train,cs-de_DE
4,cs-de_DE:::speech:::vid_I3UGDXbIfxw,cs-de_DE:::speech:::vid_I3UGDXbIfxw,train,cs-de_DE
4,cs-de_DE:::speech:::vid_IAX2-qArWKo,cs-de_DE:::speech:::vid_IAX2-qArWKo,train,cs-de_DE
4,cs-de_DE:::speech:::vid_KL6WSkyezCw,cs-de_DE:::speech:::vid_KL6WSkyezCw,train,cs-de_DE
4,cs-de_DE:::speech:::vid_MSr8pjfpbfY,cs-de_DE:::speech:::vid_MSr8pjfpbfY,train,cs-de_DE
4,cs-de_DE:::speech:::vid_NKYvbkYphPs,cs-de_DE:::speech:::vid_NKYvbkYphPs,train,cs-de_DE
4,cs-de_DE:::speech:::vid_NxMnsb0JX24,cs-de_DE:::speech:::vid_NxMnsb0JX24,train,cs-de_DE
4,cs-de_DE:::speech:::vid_OmDTWDwJ_yY,cs-de_DE:::speech:::vid_OmDTWDwJ_yY,train,cs-de_DE
4,cs-de_DE:::speech:::vid_V14AE9T61_M,cs-de_DE:::speech:::vid_V14AE9T61_M,train,cs-de_DE
4,cs-de_DE:::speech:::vid_XBJCXeVt0vc,cs-de_DE:::speech:::vid_XBJCXeVt0vc,train,cs-de_DE
4,cs-de_DE:::speech:::vid_XLX5vpC2VyQ,cs-de_DE:::speech:::vid_XLX5vpC2VyQ,train,cs-de_DE
4,cs-de_DE:::speech:::vid_Y6QKUqCqDNI,cs-de_DE:::speech:::vid_Y6QKUqCqDNI,train,cs-de_DE
4,cs-de_DE:::speech:::vid__vz2e5l-gS4,cs-de_DE:::speech:::vid__vz2e5l-gS4,train,cs-de_DE
4,cs-de_DE:::speech:::vid_azvnUwpbmdo,cs-de_DE:::speech:::vid_azvnUwpbmdo,train,cs-de_DE
4,cs-de_DE:::speech:::vid_ddqRtXqCofI,cs-de_DE:::speech:::vid_ddqRtXqCofI,train,cs-de_DE
4,cs-de_DE:::speech:::vid_eUsprvdS_js,cs-de_DE:::speech:::vid_eUsprvdS_js,train,cs-de_DE
4,cs-de_DE:::speech:::vid_hKkues3pJ_I,cs-de_DE:::speech:::vid_hKkues3pJ_I,train,cs-de_DE
4,cs-de_DE:::speech:::vid_lBYDRqvgeJc,cs-de_DE:::speech:::vid_lBYDRqvgeJc,train,cs-de_DE
4,cs-de_DE:::speech:::vid_lRfsfGBa0o0,cs-de_DE:::speech:::vid_lRfsfGBa0o0,train,cs-de_DE
4,cs-de_DE:::speech:::vid_tCOeLB18d1s,cs-de_DE:::speech:::vid_tCOeLB18d1s,train,cs-de_DE
4,cs-de_DE:::speech:::vid_vx4yg9LOFwk,cs-de_DE:::speech:::vid_vx4yg9LOFwk,train,cs-de_DE
4,cs-de_DE:::speech:::vid_zZDVvZ8V_3g,cs-de_DE:::speech:::vid_zZDVvZ8V_3g,train,cs-de_DE
4,cs-de_DE:::dialogue:::MUL1066,cs-de_DE:::dialogue:::MUL1066,validation,cs-de_DE
4,cs-de_DE:::dialogue:::MUL1139,cs-de_DE:::dialogue:::MUL1139,validation,cs-de_DE
4,cs-de_DE:::dialogue:::MUL2405,cs-de_DE:::dialogue:::MUL2405,validation,cs-de_DE
4,cs-de_DE:::dialogue:::PMUL4140,cs-de_DE:::dialogue:::PMUL4140,validation,cs-de_DE
4,cs-de_DE:::edu:::edu03240,cs-de_DE:::edu:::edu03240,validation,cs-de_DE
4,cs-de_DE:::edu:::edu08480,cs-de_DE:::edu:::edu08480,validation,cs-de_DE
4,cs-de_DE:::edu:::edu08482,cs-de_DE:::edu:::edu08482,validation,cs-de_DE
4,cs-de_DE:::edu:::edu08500,cs-de_DE:::edu:::edu08500,validation,cs-de_DE
4,cs-de_DE:::edu:::edu08510,cs-de_DE:::edu:::edu08510,validation,cs-de_DE
4,cs-de_DE:::edu:::edu08602,cs-de_DE:::edu:::edu08602,validation,cs-de_DE
4,cs-de_DE:::edu:::edu31712,cs-de_DE:::edu:::edu31712,validation,cs-de_DE
4,cs-de_DE:::news:::ctk.cz.120672,cs-de_DE:::news:::ctk.cz.120672,validation,cs-de_DE
4,cs-de_DE:::news:::radio_praha-cs.18173,cs-de_DE:::news:::radio_praha-cs.18173,validation,cs-de_DE
4,cs-de_DE:::social:::social04,cs-de_DE:::social:::social04,validation,cs-de_DE
4,cs-de_DE:::social:::social20,cs-de_DE:::social:::social20,validation,cs-de_DE
4,cs-de_DE:::social:::social35,cs-de_DE:::social:::social35,validation,cs-de_DE
4,cs-de_DE:::speech:::vid_-DTsEpAa6vY,cs-de_DE:::speech:::vid_-DTsEpAa6vY,validation,cs-de_DE
4,cs-de_DE:::speech:::vid_BNApYDC7OZQ,cs-de_DE:::speech:::vid_BNApYDC7OZQ,validation,cs-de_DE
4,cs-de_DE:::speech:::vid_u54YM5vAsAM,cs-de_DE:::speech:::vid_u54YM5vAsAM,validation,cs-de_DE
4,cs-de_DE:::dialogue:::MUL2162,cs-de_DE:::dialogue:::MUL2162,test,cs-de_DE
4,cs-de_DE:::dialogue:::PMUL2755,cs-de_DE:::dialogue:::PMUL2755,test,cs-de_DE
4,cs-de_DE:::edu:::edu02178,cs-de_DE:::edu:::edu02178,test,cs-de_DE
4,cs-de_DE:::edu:::edu08478,cs-de_DE:::edu:::edu08478,test,cs-de_DE
4,cs-de_DE:::edu:::edu08494,cs-de_DE:::edu:::edu08494,test,cs-de_DE
4,cs-de_DE:::edu:::edu08512,cs-de_DE:::edu:::edu08512,test,cs-de_DE
4,cs-de_DE:::edu:::edu08772,cs-de_DE:::edu:::edu08772,test,cs-de_DE
4,cs-de_DE:::edu:::edu32072,cs-de_DE:::edu:::edu32072,test,cs-de_DE
4,cs-de_DE:::news:::blesk.cz.112043,cs-de_DE:::news:::blesk.cz.112043,test,cs-de_DE
4,cs-de_DE:::news:::ct24-cs.205423,cs-de_DE:::news:::ct24-cs.205423,test,cs-de_DE
4,cs-de_DE:::news:::radio_praha-cs.18156,cs-de_DE:::news:::radio_praha-cs.18156,test,cs-de_DE
4,cs-de_DE:::news:::respekt-cs.11394,cs-de_DE:::news:::respekt-cs.11394,test,cs-de_DE
4,cs-de_DE:::social:::social10,cs-de_DE:::social:::social10,test,cs-de_DE
4,cs-de_DE:::social:::social18,cs-de_DE:::social:::social18,test,cs-de_DE
4,cs-de_DE:::social:::social27,cs-de_DE:::social:::social27,test,cs-de_DE
4,cs-de_DE:::social:::social42,cs-de_DE:::social:::social42,test,cs-de_DE
4,cs-de_DE:::speech:::vid_0fjuxisFgs8,cs-de_DE:::speech:::vid_0fjuxisFgs8,test,cs-de_DE
4,cs-de_DE:::speech:::vid_Ank-5bMvM00,cs-de_DE:::speech:::vid_Ank-5bMvM00,test,cs-de_DE
4,cs-de_DE:::speech:::vid_DnyHunsPafI,cs-de_DE:::speech:::vid_DnyHunsPafI,test,cs-de_DE
4,cs-de_DE:::speech:::vid_MFQScnI3mbE,cs-de_DE:::speech:::vid_MFQScnI3mbE,test,cs-de_DE
4,cs-de_DE:::speech:::vid_TnUw_OspWIw,cs-de_DE:::speech:::vid_TnUw_OspWIw,test,cs-de_DE
4,cs-de_DE:::speech:::vid__S6LhA4Edl8,cs-de_DE:::speech:::vid__S6LhA4Edl8,test,cs-de_DE
4,cs-de_DE:::speech:::vid_gO2Xj7NBBMI,cs-de_DE:::speech:::vid_gO2Xj7NBBMI,test,cs-de_DE
4,cs-de_DE:::speech:::vid_tYQUxfKatQ0,cs-de_DE:::speech:::vid_tYQUxfKatQ0,test,cs-de_DE
4,cs-de_DE:::speech:::vid_x9sY3-3dnas,cs-de_DE:::speech:::vid_x9sY3-3dnas,test,cs-de_DE
5,cs-de_DE:::dialogue:::MUL0845,cs-de_DE:::dialogue:::MUL0845,train,cs-de_DE
5,cs-de_DE:::dialogue:::MUL1060,cs-de_DE:::dialogue:::MUL1060,train,cs-de_DE
5,cs-de_DE:::dialogue:::MUL1066,cs-de_DE:::dialogue:::MUL1066,train,cs-de_DE
5,cs-de_DE:::dialogue:::MUL2162,cs-de_DE:::dialogue:::MUL2162,train,cs-de_DE
5,cs-de_DE:::dialogue:::MUL2294,cs-de_DE:::dialogue:::MUL2294,train,cs-de_DE
5,cs-de_DE:::dialogue:::MUL2376,cs-de_DE:::dialogue:::MUL2376,train,cs-de_DE
5,cs-de_DE:::dialogue:::PMUL3748,cs-de_DE:::dialogue:::PMUL3748,train,cs-de_DE
5,cs-de_DE:::dialogue:::PMUL4134,cs-de_DE:::dialogue:::PMUL4134,train,cs-de_DE
5,cs-de_DE:::dialogue:::PMUL4140,cs-de_DE:::dialogue:::PMUL4140,train,cs-de_DE
5,cs-de_DE:::edu:::edu02178,cs-de_DE:::edu:::edu02178,train,cs-de_DE
5,cs-de_DE:::edu:::edu03240,cs-de_DE:::edu:::edu03240,train,cs-de_DE
5,cs-de_DE:::edu:::edu03620,cs-de_DE:::edu:::edu03620,train,cs-de_DE
5,cs-de_DE:::edu:::edu08478,cs-de_DE:::edu:::edu08478,train,cs-de_DE
5,cs-de_DE:::edu:::edu08482,cs-de_DE:::edu:::edu08482,train,cs-de_DE
5,cs-de_DE:::edu:::edu08486,cs-de_DE:::edu:::edu08486,train,cs-de_DE
5,cs-de_DE:::edu:::edu08494,cs-de_DE:::edu:::edu08494,train,cs-de_DE
5,cs-de_DE:::edu:::edu08502,cs-de_DE:::edu:::edu08502,train,cs-de_DE
5,cs-de_DE:::edu:::edu08512,cs-de_DE:::edu:::edu08512,train,cs-de_DE
5,cs-de_DE:::edu:::edu08596,cs-de_DE:::edu:::edu08596,train,cs-de_DE
5,cs-de_DE:::edu:::edu08600,cs-de_DE:::edu:::edu08600,train,cs-de_DE
5,cs-de_DE:::edu:::edu08602,cs-de_DE:::edu:::edu08602,train,cs-de_DE
5,cs-de_DE:::edu:::edu08772,cs-de_DE:::edu:::edu08772,train,cs-de_DE
5,cs-de_DE:::edu:::edu30538,cs-de_DE:::edu:::edu30538,train,cs-de_DE
5,cs-de_DE:::edu:::edu32072,cs-de_DE:::edu:::edu32072,train,cs-de_DE
5,cs-de_DE:::edu:::edu32838,cs-de_DE:::edu:::edu32838,train,cs-de_DE
5,cs-de_DE:::edu:::edu33632,cs-de_DE:::edu:::edu33632,train,cs-de_DE
5,cs-de_DE:::edu:::edu34346,cs-de_DE:::edu:::edu34346,train,cs-de_DE
5,cs-de_DE:::news:::blesk.cz.112043,cs-de_DE:::news:::blesk.cz.112043,train,cs-de_DE
5,cs-de_DE:::news:::blesk.cz.112532,cs-de_DE:::news:::blesk.cz.112532,train,cs-de_DE
5,cs-de_DE:::news:::ceska_televize-cs.156247,cs-de_DE:::news:::ceska_televize-cs.156247,train,cs-de_DE
5,cs-de_DE:::news:::cesky_rozhlas-cs.187682,cs-de_DE:::news:::cesky_rozhlas-cs.187682,train,cs-de_DE
5,cs-de_DE:::news:::cesky_rozhlas-cs.188013,cs-de_DE:::news:::cesky_rozhlas-cs.188013,train,cs-de_DE
5,cs-de_DE:::news:::ct24-cs.205423,cs-de_DE:::news:::ct24-cs.205423,train,cs-de_DE
5,cs-de_DE:::news:::ct24-cs.205786,cs-de_DE:::news:::ct24-cs.205786,train,cs-de_DE
5,cs-de_DE:::news:::ct24-cs.206310,cs-de_DE:::news:::ceska_televize-cs.156247,train,cs-de_DE
5,cs-de_DE:::news:::ihned.cz.57908,cs-de_DE:::news:::ihned.cz.57908,train,cs-de_DE
5,cs-de_DE:::news:::radio_praha-cs.18156,cs-de_DE:::news:::radio_praha-cs.18156,train,cs-de_DE
5,cs-de_DE:::news:::reflex.cz.16563,cs-de_DE:::news:::reflex.cz.16563,train,cs-de_DE
5,cs-de_DE:::news:::respekt-cs.11394,cs-de_DE:::news:::respekt-cs.11394,train,cs-de_DE
5,cs-de_DE:::social:::social01,cs-de_DE:::social:::social01,train,cs-de_DE
5,cs-de_DE:::social:::social02,cs-de_DE:::social:::social02,train,cs-de_DE
5,cs-de_DE:::social:::social04,cs-de_DE:::social:::social04,train,cs-de_DE
5,cs-de_DE:::social:::social10,cs-de_DE:::social:::social10,train,cs-de_DE
5,cs-de_DE:::social:::social12,cs-de_DE:::social:::social12,train,cs-de_DE
5,cs-de_DE:::social:::social13,cs-de_DE:::social:::social13,train,cs-de_DE
5,cs-de_DE:::social:::social15,cs-de_DE:::social:::social15,train,cs-de_DE
5,cs-de_DE:::social:::social18,cs-de_DE:::social:::social18,train,cs-de_DE
5,cs-de_DE:::social:::social20,cs-de_DE:::social:::social20,train,cs-de_DE
5,cs-de_DE:::social:::social21,cs-de_DE:::social:::social21,train,cs-de_DE
5,cs-de_DE:::social:::social23,cs-de_DE:::social:::social23,train,cs-de_DE
5,cs-de_DE:::social:::social27,cs-de_DE:::social:::social27,train,cs-de_DE
5,cs-de_DE:::social:::social34,cs-de_DE:::social:::social34,train,cs-de_DE
5,cs-de_DE:::social:::social39,cs-de_DE:::social:::social39,train,cs-de_DE
5,cs-de_DE:::social:::social42,cs-de_DE:::social:::social42,train,cs-de_DE
5,cs-de_DE:::social:::social46,cs-de_DE:::social:::social46,train,cs-de_DE
5,cs-de_DE:::social:::social48,cs-de_DE:::social:::social48,train,cs-de_DE
5,cs-de_DE:::speech:::vid_-DTsEpAa6vY,cs-de_DE:::speech:::vid_-DTsEpAa6vY,train,cs-de_DE
5,cs-de_DE:::speech:::vid_0fjuxisFgs8,cs-de_DE:::speech:::vid_0fjuxisFgs8,train,cs-de_DE
5,cs-de_DE:::speech:::vid_Ank-5bMvM00,cs-de_DE:::speech:::vid_Ank-5bMvM00,train,cs-de_DE
5,cs-de_DE:::speech:::vid_BNApYDC7OZQ,cs-de_DE:::speech:::vid_BNApYDC7OZQ,train,cs-de_DE
5,cs-de_DE:::speech:::vid_BQidTYlmyMw,cs-de_DE:::speech:::vid_BQidTYlmyMw,train,cs-de_DE
5,cs-de_DE:::speech:::vid_Dbei9GDQ5js,cs-de_DE:::speech:::vid_Dbei9GDQ5js,train,cs-de_DE
5,cs-de_DE:::speech:::vid_DnyHunsPafI,cs-de_DE:::speech:::vid_DnyHunsPafI,train,cs-de_DE
5,cs-de_DE:::speech:::vid_Fy0e5GW53yc,cs-de_DE:::speech:::vid_Fy0e5GW53yc,train,cs-de_DE
5,cs-de_DE:::speech:::vid_I3UGDXbIfxw,cs-de_DE:::speech:::vid_I3UGDXbIfxw,train,cs-de_DE
5,cs-de_DE:::speech:::vid_MFQScnI3mbE,cs-de_DE:::speech:::vid_MFQScnI3mbE,train,cs-de_DE
5,cs-de_DE:::speech:::vid_MSr8pjfpbfY,cs-de_DE:::speech:::vid_MSr8pjfpbfY,train,cs-de_DE
5,cs-de_DE:::speech:::vid_NKYvbkYphPs,cs-de_DE:::speech:::vid_NKYvbkYphPs,train,cs-de_DE
5,cs-de_DE:::speech:::vid_NxMnsb0JX24,cs-de_DE:::speech:::vid_NxMnsb0JX24,train,cs-de_DE
5,cs-de_DE:::speech:::vid_TnUw_OspWIw,cs-de_DE:::speech:::vid_TnUw_OspWIw,train,cs-de_DE
5,cs-de_DE:::speech:::vid_V14AE9T61_M,cs-de_DE:::speech:::vid_V14AE9T61_M,train,cs-de_DE
5,cs-de_DE:::speech:::vid_XBJCXeVt0vc,cs-de_DE:::speech:::vid_XBJCXeVt0vc,train,cs-de_DE
5,cs-de_DE:::speech:::vid_XLX5vpC2VyQ,cs-de_DE:::speech:::vid_XLX5vpC2VyQ,train,cs-de_DE
5,cs-de_DE:::speech:::vid__S6LhA4Edl8,cs-de_DE:::speech:::vid__S6LhA4Edl8,train,cs-de_DE
5,cs-de_DE:::speech:::vid__vz2e5l-gS4,cs-de_DE:::speech:::vid__vz2e5l-gS4,train,cs-de_DE
5,cs-de_DE:::speech:::vid_azvnUwpbmdo,cs-de_DE:::speech:::vid_azvnUwpbmdo,train,cs-de_DE
5,cs-de_DE:::speech:::vid_ddqRtXqCofI,cs-de_DE:::speech:::vid_ddqRtXqCofI,train,cs-de_DE
5,cs-de_DE:::speech:::vid_lBYDRqvgeJc,cs-de_DE:::speech:::vid_lBYDRqvgeJc,train,cs-de_DE
5,cs-de_DE:::speech:::vid_lRfsfGBa0o0,cs-de_DE:::speech:::vid_lRfsfGBa0o0,train,cs-de_DE
5,cs-de_DE:::speech:::vid_tYQUxfKatQ0,cs-de_DE:::speech:::vid_tYQUxfKatQ0,train,cs-de_DE
5,cs-de_DE:::speech:::vid_u54YM5vAsAM,cs-de_DE:::speech:::vid_u54YM5vAsAM,train,cs-de_DE
5,cs-de_DE:::speech:::vid_x9sY3-3dnas,cs-de_DE:::speech:::vid_x9sY3-3dnas,train,cs-de_DE
5,cs-de_DE:::speech:::vid_zZDVvZ8V_3g,cs-de_DE:::speech:::vid_zZDVvZ8V_3g,train,cs-de_DE
5,cs-de_DE:::dialogue:::MUL2305,cs-de_DE:::dialogue:::MUL2305,validation,cs-de_DE
5,cs-de_DE:::dialogue:::PMUL2755,cs-de_DE:::dialogue:::PMUL2755,validation,cs-de_DE
5,cs-de_DE:::edu:::edu03246,cs-de_DE:::edu:::edu03246,validation,cs-de_DE
5,cs-de_DE:::edu:::edu08480,cs-de_DE:::edu:::edu08480,validation,cs-de_DE
5,cs-de_DE:::edu:::edu08500,cs-de_DE:::edu:::edu08500,validation,cs-de_DE
5,cs-de_DE:::edu:::edu08504,cs-de_DE:::edu:::edu08504,validation,cs-de_DE
5,cs-de_DE:::edu:::edu30034,cs-de_DE:::edu:::edu30034,validation,cs-de_DE
5,cs-de_DE:::edu:::edu31632,cs-de_DE:::edu:::edu31632,validation,cs-de_DE
5,cs-de_DE:::news:::ceska_televize-cs.156327,cs-de_DE:::news:::ceska_televize-cs.156327,validation,cs-de_DE
5,cs-de_DE:::news:::ct24-cs.206403,cs-de_DE:::news:::ceska_televize-cs.156327,validation,cs-de_DE
5,cs-de_DE:::news:::ctk.cz.120672,cs-de_DE:::news:::ctk.cz.120672,validation,cs-de_DE
5,cs-de_DE:::news:::radio_praha-cs.18173,cs-de_DE:::news:::radio_praha-cs.18173,validation,cs-de_DE
5,cs-de_DE:::news:::reflex.cz.16547,cs-de_DE:::news:::reflex.cz.16547,validation,cs-de_DE
5,cs-de_DE:::social:::social35,cs-de_DE:::social:::social35,validation,cs-de_DE
5,cs-de_DE:::speech:::vid_0yfaR27UshY,cs-de_DE:::speech:::vid_0yfaR27UshY,validation,cs-de_DE
5,cs-de_DE:::speech:::vid_3QlubgOA774,cs-de_DE:::speech:::vid_3QlubgOA774,validation,cs-de_DE
5,cs-de_DE:::speech:::vid_7AR-9Sd5R50,cs-de_DE:::speech:::vid_7AR-9Sd5R50,validation,cs-de_DE
5,cs-de_DE:::speech:::vid_IAX2-qArWKo,cs-de_DE:::speech:::vid_IAX2-qArWKo,validation,cs-de_DE
5,cs-de_DE:::speech:::vid_gO2Xj7NBBMI,cs-de_DE:::speech:::vid_gO2Xj7NBBMI,validation,cs-de_DE
5,cs-de_DE:::speech:::vid_hKkues3pJ_I,cs-de_DE:::speech:::vid_hKkues3pJ_I,validation,cs-de_DE
5,cs-de_DE:::dialogue:::MUL1139,cs-de_DE:::dialogue:::MUL1139,test,cs-de_DE
5,cs-de_DE:::dialogue:::MUL2405,cs-de_DE:::dialogue:::MUL2405,test,cs-de_DE
5,cs-de_DE:::dialogue:::SNG0991,cs-de_DE:::dialogue:::SNG0991,test,cs-de_DE
5,cs-de_DE:::edu:::edu08474,cs-de_DE:::edu:::edu08474,test,cs-de_DE
5,cs-de_DE:::edu:::edu08492,cs-de_DE:::edu:::edu08492,test,cs-de_DE
5,cs-de_DE:::edu:::edu08510,cs-de_DE:::edu:::edu08510,test,cs-de_DE
5,cs-de_DE:::edu:::edu08606,cs-de_DE:::edu:::edu08606,test,cs-de_DE
5,cs-de_DE:::edu:::edu31712,cs-de_DE:::edu:::edu31712,test,cs-de_DE
5,cs-de_DE:::edu:::edu34434,cs-de_DE:::edu:::edu34434,test,cs-de_DE
5,cs-de_DE:::news:::cesky_rozhlas-cs.188622,cs-de_DE:::news:::cesky_rozhlas-cs.188622,test,cs-de_DE
5,cs-de_DE:::news:::radio_praha-cs.18143,cs-de_DE:::news:::radio_praha-cs.18143,test,cs-de_DE
5,cs-de_DE:::news:::reflex.cz.16578,cs-de_DE:::news:::reflex.cz.16578,test,cs-de_DE
5,cs-de_DE:::social:::social09,cs-de_DE:::social:::social09,test,cs-de_DE
5,cs-de_DE:::social:::social16,cs-de_DE:::social:::social16,test,cs-de_DE
5,cs-de_DE:::social:::social24,cs-de_DE:::social:::social24,test,cs-de_DE
5,cs-de_DE:::social:::social41,cs-de_DE:::social:::social41,test,cs-de_DE
5,cs-de_DE:::speech:::vid_0VTV_tXxpNM,cs-de_DE:::speech:::vid_0VTV_tXxpNM,test,cs-de_DE
5,cs-de_DE:::speech:::vid_83uzO97cy28,cs-de_DE:::speech:::vid_83uzO97cy28,test,cs-de_DE
5,cs-de_DE:::speech:::vid_DmbQP3rlSh0,cs-de_DE:::speech:::vid_DmbQP3rlSh0,test,cs-de_DE
5,cs-de_DE:::speech:::vid_KL6WSkyezCw,cs-de_DE:::speech:::vid_KL6WSkyezCw,test,cs-de_DE
5,cs-de_DE:::speech:::vid_OmDTWDwJ_yY,cs-de_DE:::speech:::vid_OmDTWDwJ_yY,test,cs-de_DE
5,cs-de_DE:::speech:::vid_Y6QKUqCqDNI,cs-de_DE:::speech:::vid_Y6QKUqCqDNI,test,cs-de_DE
5,cs-de_DE:::speech:::vid_eUsprvdS_js,cs-de_DE:::speech:::vid_eUsprvdS_js,test,cs-de_DE
5,cs-de_DE:::speech:::vid_tCOeLB18d1s,cs-de_DE:::speech:::vid_tCOeLB18d1s,test,cs-de_DE
5,cs-de_DE:::speech:::vid_vx4yg9LOFwk,cs-de_DE:::speech:::vid_vx4yg9LOFwk,test,cs-de_DE
1,cs-uk_UA:::edu:::edu03246,cs-de_DE:::edu:::edu03246,train,cs-uk_UA
1,cs-uk_UA:::edu:::edu03620,cs-de_DE:::edu:::edu03620,train,cs-uk_UA
1,cs-uk_UA:::edu:::edu05908,cs-uk_UA:::edu:::edu05908,train,cs-uk_UA
1,cs-uk_UA:::edu:::edu08474,cs-de_DE:::edu:::edu08474,train,cs-uk_UA
1,cs-uk_UA:::edu:::edu08478,cs-de_DE:::edu:::edu08478,train,cs-uk_UA
1,cs-uk_UA:::edu:::edu08492,cs-de_DE:::edu:::edu08492,train,cs-uk_UA
1,cs-uk_UA:::edu:::edu08502,cs-de_DE:::edu:::edu08502,train,cs-uk_UA
1,cs-uk_UA:::edu:::edu08504,cs-de_DE:::edu:::edu08504,train,cs-uk_UA
1,cs-uk_UA:::edu:::edu08510,cs-de_DE:::edu:::edu08510,train,cs-uk_UA
1,cs-uk_UA:::edu:::edu08512,cs-de_DE:::edu:::edu08512,train,cs-uk_UA
1,cs-uk_UA:::edu:::edu08602,cs-de_DE:::edu:::edu08602,train,cs-uk_UA
1,cs-uk_UA:::edu:::edu08606,cs-de_DE:::edu:::edu08606,train,cs-uk_UA
1,cs-uk_UA:::edu:::edu08772,cs-de_DE:::edu:::edu08772,train,cs-uk_UA
1,cs-uk_UA:::edu:::edu08774,cs-uk_UA:::edu:::edu08774,train,cs-uk_UA
1,cs-uk_UA:::edu:::edu14788,cs-uk_UA:::edu:::edu14788,train,cs-uk_UA
1,cs-uk_UA:::edu:::edu30034,cs-de_DE:::edu:::edu30034,train,cs-uk_UA
1,cs-uk_UA:::edu:::edu31632,cs-de_DE:::edu:::edu31632,train,cs-uk_UA
1,cs-uk_UA:::edu:::edu31712,cs-de_DE:::edu:::edu31712,train,cs-uk_UA
1,cs-uk_UA:::edu:::edu32072,cs-de_DE:::edu:::edu32072,train,cs-uk_UA
1,cs-uk_UA:::edu:::edu32838,cs-de_DE:::edu:::edu32838,train,cs-uk_UA
1,cs-uk_UA:::edu:::edu32842,cs-uk_UA:::edu:::edu32842,train,cs-uk_UA
1,cs-uk_UA:::edu:::edu33382,cs-uk_UA:::edu:::edu33382,train,cs-uk_UA
1,cs-uk_UA:::edu:::edu34346,cs-de_DE:::edu:::edu34346,train,cs-uk_UA
1,cs-uk_UA:::news:::blesk.cz.112043,cs-de_DE:::news:::blesk.cz.112043,train,cs-uk_UA
1,cs-uk_UA:::news:::blesk.cz.112532,cs-de_DE:::news:::blesk.cz.112532,train,cs-uk_UA
1,cs-uk_UA:::news:::cesky_rozhlas-cs.188013,cs-de_DE:::news:::cesky_rozhlas-cs.188013,train,cs-uk_UA
1,cs-uk_UA:::news:::ct24-cs.205423,cs-de_DE:::news:::ct24-cs.205423,train,cs-uk_UA
1,cs-uk_UA:::news:::ct24-cs.205786,cs-de_DE:::news:::ct24-cs.205786,train,cs-uk_UA
1,cs-uk_UA:::news:::ctk.cz.120672,cs-de_DE:::news:::ctk.cz.120672,train,cs-uk_UA
1,cs-uk_UA:::news:::denik.cz.114223,cs-uk_UA:::news:::denik.cz.114223,train,cs-uk_UA
1,cs-uk_UA:::news:::metro-cs.25658,cs-uk_UA:::news:::metro-cs.25658,train,cs-uk_UA
1,cs-uk_UA:::news:::radio_praha-cs.18156,cs-de_DE:::news:::radio_praha-cs.18156,train,cs-uk_UA
1,cs-uk_UA:::news:::radio_praha-cs.18223,cs-uk_UA:::news:::radio_praha-cs.18223,train,cs-uk_UA
1,cs-uk_UA:::news:::reflex.cz.16547,cs-de_DE:::news:::reflex.cz.16547,train,cs-uk_UA
1,cs-uk_UA:::news:::reflex.cz.16563,cs-de_DE:::news:::reflex.cz.16563,train,cs-uk_UA
1,cs-uk_UA:::news:::respekt-cs.11394,cs-de_DE:::news:::respekt-cs.11394,train,cs-uk_UA
1,cs-uk_UA:::social:::social01,cs-de_DE:::social:::social01,train,cs-uk_UA
1,cs-uk_UA:::social:::social02,cs-de_DE:::social:::social02,train,cs-uk_UA
1,cs-uk_UA:::social:::social04,cs-de_DE:::social:::social04,train,cs-uk_UA
1,cs-uk_UA:::social:::social08,cs-uk_UA:::social:::social08,train,cs-uk_UA
1,cs-uk_UA:::social:::social10,cs-de_DE:::social:::social10,train,cs-uk_UA
1,cs-uk_UA:::social:::social11,cs-uk_UA:::social:::social11,train,cs-uk_UA
1,cs-uk_UA:::social:::social15,cs-de_DE:::social:::social15,train,cs-uk_UA
1,cs-uk_UA:::social:::social16,cs-de_DE:::social:::social16,train,cs-uk_UA
1,cs-uk_UA:::social:::social19,cs-uk_UA:::social:::social19,train,cs-uk_UA
1,cs-uk_UA:::social:::social20,cs-de_DE:::social:::social20,train,cs-uk_UA
1,cs-uk_UA:::social:::social24,cs-de_DE:::social:::social24,train,cs-uk_UA
1,cs-uk_UA:::social:::social27,cs-de_DE:::social:::social27,train,cs-uk_UA
1,cs-uk_UA:::social:::social28,cs-uk_UA:::social:::social28,train,cs-uk_UA
1,cs-uk_UA:::social:::social31,cs-uk_UA:::social:::social31,train,cs-uk_UA
1,cs-uk_UA:::social:::social34,cs-de_DE:::social:::social34,train,cs-uk_UA
1,cs-uk_UA:::social:::social41,cs-de_DE:::social:::social41,train,cs-uk_UA
1,cs-uk_UA:::social:::social46,cs-de_DE:::social:::social46,train,cs-uk_UA
1,cs-uk_UA:::speech:::vid_0VTV_tXxpNM,cs-de_DE:::speech:::vid_0VTV_tXxpNM,train,cs-uk_UA
1,cs-uk_UA:::speech:::vid_3QlubgOA774,cs-de_DE:::speech:::vid_3QlubgOA774,train,cs-uk_UA
1,cs-uk_UA:::speech:::vid_7AR-9Sd5R50,cs-de_DE:::speech:::vid_7AR-9Sd5R50,train,cs-uk_UA
1,cs-uk_UA:::speech:::vid_AirO2DbyudQ,cs-uk_UA:::speech:::vid_AirO2DbyudQ,train,cs-uk_UA
1,cs-uk_UA:::speech:::vid_BNApYDC7OZQ,cs-de_DE:::speech:::vid_BNApYDC7OZQ,train,cs-uk_UA
1,cs-uk_UA:::speech:::vid_Dbei9GDQ5js,cs-de_DE:::speech:::vid_Dbei9GDQ5js,train,cs-uk_UA
1,cs-uk_UA:::speech:::vid_Fy0e5GW53yc,cs-de_DE:::speech:::vid_Fy0e5GW53yc,train,cs-uk_UA
1,cs-uk_UA:::speech:::vid_I3UGDXbIfxw,cs-de_DE:::speech:::vid_I3UGDXbIfxw,train,cs-uk_UA
1,cs-uk_UA:::speech:::vid_IAX2-qArWKo,cs-de_DE:::speech:::vid_IAX2-qArWKo,train,cs-uk_UA
1,cs-uk_UA:::speech:::vid_KL6WSkyezCw,cs-de_DE:::speech:::vid_KL6WSkyezCw,train,cs-uk_UA
1,cs-uk_UA:::speech:::vid_MSr8pjfpbfY,cs-de_DE:::speech:::vid_MSr8pjfpbfY,train,cs-uk_UA
1,cs-uk_UA:::speech:::vid_NKYvbkYphPs,cs-de_DE:::speech:::vid_NKYvbkYphPs,train,cs-uk_UA
1,cs-uk_UA:::speech:::vid_NxMnsb0JX24,cs-de_DE:::speech:::vid_NxMnsb0JX24,train,cs-uk_UA
1,cs-uk_UA:::speech:::vid_R7dIAr5IlSo,cs-uk_UA:::speech:::vid_R7dIAr5IlSo,train,cs-uk_UA
1,cs-uk_UA:::speech:::vid_WtGwubAR7cM,cs-uk_UA:::speech:::vid_WtGwubAR7cM,train,cs-uk_UA
1,cs-uk_UA:::speech:::vid_XLX5vpC2VyQ,cs-de_DE:::speech:::vid_XLX5vpC2VyQ,train,cs-uk_UA
1,cs-uk_UA:::speech:::vid_ZXxro_HmJlM,cs-uk_UA:::speech:::vid_ZXxro_HmJlM,train,cs-uk_UA
1,cs-uk_UA:::speech:::vid__S6LhA4Edl8,cs-de_DE:::speech:::vid__S6LhA4Edl8,train,cs-uk_UA
1,cs-uk_UA:::speech:::vid_azvnUwpbmdo,cs-de_DE:::speech:::vid_azvnUwpbmdo,train,cs-uk_UA
1,cs-uk_UA:::speech:::vid_bLLiKHcuqFA,cs-uk_UA:::speech:::vid_bLLiKHcuqFA,train,cs-uk_UA
1,cs-uk_UA:::speech:::vid_ddqRtXqCofI,cs-de_DE:::speech:::vid_ddqRtXqCofI,train,cs-uk_UA
1,cs-uk_UA:::speech:::vid_fYgtFNa0Ffc,cs-uk_UA:::speech:::vid_fYgtFNa0Ffc,train,cs-uk_UA
1,cs-uk_UA:::speech:::vid_hKkues3pJ_I,cs-de_DE:::speech:::vid_hKkues3pJ_I,train,cs-uk_UA
1,cs-uk_UA:::speech:::vid_lBYDRqvgeJc,cs-de_DE:::speech:::vid_lBYDRqvgeJc,train,cs-uk_UA
1,cs-uk_UA:::speech:::vid_mqKWUP7LqZA,cs-uk_UA:::speech:::vid_mqKWUP7LqZA,train,cs-uk_UA
1,cs-uk_UA:::speech:::vid_obf3RbeGVoc,cs-uk_UA:::speech:::vid_obf3RbeGVoc,train,cs-uk_UA
1,cs-uk_UA:::speech:::vid_qLFOojSI2sY,cs-uk_UA:::speech:::vid_qLFOojSI2sY,train,cs-uk_UA
1,cs-uk_UA:::speech:::vid_tCOeLB18d1s,cs-de_DE:::speech:::vid_tCOeLB18d1s,train,cs-uk_UA
1,cs-uk_UA:::speech:::vid_u54YM5vAsAM,cs-de_DE:::speech:::vid_u54YM5vAsAM,train,cs-uk_UA
1,cs-uk_UA:::speech:::vid_x9sY3-3dnas,cs-de_DE:::speech:::vid_x9sY3-3dnas,train,cs-uk_UA
1,cs-uk_UA:::speech:::vid_zZDVvZ8V_3g,cs-de_DE:::speech:::vid_zZDVvZ8V_3g,train,cs-uk_UA
1,cs-uk_UA:::edu:::edu03238,cs-uk_UA:::edu:::edu03238,validation,cs-uk_UA
1,cs-uk_UA:::edu:::edu08482,cs-de_DE:::edu:::edu08482,validation,cs-uk_UA
1,cs-uk_UA:::edu:::edu08486,cs-de_DE:::edu:::edu08486,validation,cs-uk_UA
1,cs-uk_UA:::edu:::edu08494,cs-de_DE:::edu:::edu08494,validation,cs-uk_UA
1,cs-uk_UA:::edu:::edu14790,cs-uk_UA:::edu:::edu14790,validation,cs-uk_UA
1,cs-uk_UA:::edu:::edu31714,cs-uk_UA:::edu:::edu31714,validation,cs-uk_UA
1,cs-uk_UA:::news:::aha-cs.32285,cs-uk_UA:::news:::aha-cs.32285,validation,cs-uk_UA
1,cs-uk_UA:::news:::ct24-cs.206403,cs-de_DE:::news:::ceska_televize-cs.156327,validation,cs-uk_UA
1,cs-uk_UA:::news:::radio_praha-cs.18173,cs-de_DE:::news:::radio_praha-cs.18173,validation,cs-uk_UA
1,cs-uk_UA:::news:::respekt-cs.11430,cs-uk_UA:::news:::respekt-cs.11430,validation,cs-uk_UA
1,cs-uk_UA:::social:::social12,cs-de_DE:::social:::social12,validation,cs-uk_UA
1,cs-uk_UA:::social:::social39,cs-de_DE:::social:::social39,validation,cs-uk_UA
1,cs-uk_UA:::social:::social48,cs-de_DE:::social:::social48,validation,cs-uk_UA
1,cs-uk_UA:::speech:::vid_0yfaR27UshY,cs-de_DE:::speech:::vid_0yfaR27UshY,validation,cs-uk_UA
1,cs-uk_UA:::speech:::vid_Ank-5bMvM00,cs-de_DE:::speech:::vid_Ank-5bMvM00,validation,cs-uk_UA
1,cs-uk_UA:::speech:::vid_BQidTYlmyMw,cs-de_DE:::speech:::vid_BQidTYlmyMw,validation,cs-uk_UA
1,cs-uk_UA:::speech:::vid__vz2e5l-gS4,cs-de_DE:::speech:::vid__vz2e5l-gS4,validation,cs-uk_UA
1,cs-uk_UA:::speech:::vid_id452FXpjYI,cs-uk_UA:::speech:::vid_id452FXpjYI,validation,cs-uk_UA
1,cs-uk_UA:::speech:::vid_lRfsfGBa0o0,cs-de_DE:::speech:::vid_lRfsfGBa0o0,validation,cs-uk_UA
1,cs-uk_UA:::speech:::vid_qtDYwkk_BTI,cs-uk_UA:::speech:::vid_qtDYwkk_BTI,validation,cs-uk_UA
1,cs-uk_UA:::edu:::edu03240,cs-de_DE:::edu:::edu03240,test,cs-uk_UA
1,cs-uk_UA:::edu:::edu03628,cs-uk_UA:::edu:::edu03628,test,cs-uk_UA
1,cs-uk_UA:::edu:::edu08480,cs-de_DE:::edu:::edu08480,test,cs-uk_UA
1,cs-uk_UA:::edu:::edu08500,cs-de_DE:::edu:::edu08500,test,cs-uk_UA
1,cs-uk_UA:::edu:::edu08600,cs-de_DE:::edu:::edu08600,test,cs-uk_UA
1,cs-uk_UA:::edu:::edu15020,cs-uk_UA:::edu:::edu15020,test,cs-uk_UA
1,cs-uk_UA:::edu:::edu30538,cs-de_DE:::edu:::edu30538,test,cs-uk_UA
1,cs-uk_UA:::edu:::edu33632,cs-de_DE:::edu:::edu33632,test,cs-uk_UA
1,cs-uk_UA:::news:::ceska_televize-cs.156247,cs-de_DE:::news:::ceska_televize-cs.156247,test,cs-uk_UA
1,cs-uk_UA:::news:::cesky_rozhlas-cs.187644,cs-uk_UA:::news:::cesky_rozhlas-cs.187644,test,cs-uk_UA
1,cs-uk_UA:::news:::cesky_rozhlas-cs.187682,cs-de_DE:::news:::cesky_rozhlas-cs.187682,test,cs-uk_UA
1,cs-uk_UA:::news:::ct24-cs.206310,cs-de_DE:::news:::ceska_televize-cs.156247,test,cs-uk_UA
1,cs-uk_UA:::news:::radio_praha-cs.18143,cs-de_DE:::news:::radio_praha-cs.18143,test,cs-uk_UA
1,cs-uk_UA:::news:::reflex.cz.16578,cs-de_DE:::news:::reflex.cz.16578,test,cs-uk_UA
1,cs-uk_UA:::social:::social05,cs-uk_UA:::social:::social05,test,cs-uk_UA
1,cs-uk_UA:::social:::social09,cs-de_DE:::social:::social09,test,cs-uk_UA
1,cs-uk_UA:::social:::social18,cs-de_DE:::social:::social18,test,cs-uk_UA
1,cs-uk_UA:::social:::social29,cs-uk_UA:::social:::social29,test,cs-uk_UA
1,cs-uk_UA:::social:::social35,cs-de_DE:::social:::social35,test,cs-uk_UA
1,cs-uk_UA:::speech:::vid_-DTsEpAa6vY,cs-de_DE:::speech:::vid_-DTsEpAa6vY,test,cs-uk_UA
1,cs-uk_UA:::speech:::vid_83uzO97cy28,cs-de_DE:::speech:::vid_83uzO97cy28,test,cs-uk_UA
1,cs-uk_UA:::speech:::vid_DmbQP3rlSh0,cs-de_DE:::speech:::vid_DmbQP3rlSh0,test,cs-uk_UA
1,cs-uk_UA:::speech:::vid_MFQScnI3mbE,cs-de_DE:::speech:::vid_MFQScnI3mbE,test,cs-uk_UA
1,cs-uk_UA:::speech:::vid_Y6QKUqCqDNI,cs-de_DE:::speech:::vid_Y6QKUqCqDNI,test,cs-uk_UA
1,cs-uk_UA:::speech:::vid_YzdPfuKfcEo,cs-uk_UA:::speech:::vid_YzdPfuKfcEo,test,cs-uk_UA
1,cs-uk_UA:::speech:::vid_gO2Xj7NBBMI,cs-de_DE:::speech:::vid_gO2Xj7NBBMI,test,cs-uk_UA
1,cs-uk_UA:::speech:::vid_tYQUxfKatQ0,cs-de_DE:::speech:::vid_tYQUxfKatQ0,test,cs-uk_UA
2,cs-uk_UA:::edu:::edu03246,cs-de_DE:::edu:::edu03246,train,cs-uk_UA
2,cs-uk_UA:::edu:::edu03620,cs-de_DE:::edu:::edu03620,train,cs-uk_UA
2,cs-uk_UA:::edu:::edu05908,cs-uk_UA:::edu:::edu05908,train,cs-uk_UA
2,cs-uk_UA:::edu:::edu08480,cs-de_DE:::edu:::edu08480,train,cs-uk_UA
2,cs-uk_UA:::edu:::edu08482,cs-de_DE:::edu:::edu08482,train,cs-uk_UA
2,cs-uk_UA:::edu:::edu08486,cs-de_DE:::edu:::edu08486,train,cs-uk_UA
2,cs-uk_UA:::edu:::edu08500,cs-de_DE:::edu:::edu08500,train,cs-uk_UA
2,cs-uk_UA:::edu:::edu08502,cs-de_DE:::edu:::edu08502,train,cs-uk_UA
2,cs-uk_UA:::edu:::edu08504,cs-de_DE:::edu:::edu08504,train,cs-uk_UA
2,cs-uk_UA:::edu:::edu08510,cs-de_DE:::edu:::edu08510,train,cs-uk_UA
2,cs-uk_UA:::edu:::edu08600,cs-de_DE:::edu:::edu08600,train,cs-uk_UA
2,cs-uk_UA:::edu:::edu08602,cs-de_DE:::edu:::edu08602,train,cs-uk_UA
2,cs-uk_UA:::edu:::edu08606,cs-de_DE:::edu:::edu08606,train,cs-uk_UA
2,cs-uk_UA:::edu:::edu08772,cs-de_DE:::edu:::edu08772,train,cs-uk_UA
2,cs-uk_UA:::edu:::edu08774,cs-uk_UA:::edu:::edu08774,train,cs-uk_UA
2,cs-uk_UA:::edu:::edu14788,cs-uk_UA:::edu:::edu14788,train,cs-uk_UA
2,cs-uk_UA:::edu:::edu15020,cs-uk_UA:::edu:::edu15020,train,cs-uk_UA
2,cs-uk_UA:::edu:::edu30538,cs-de_DE:::edu:::edu30538,train,cs-uk_UA
2,cs-uk_UA:::edu:::edu31632,cs-de_DE:::edu:::edu31632,train,cs-uk_UA
2,cs-uk_UA:::edu:::edu31712,cs-de_DE:::edu:::edu31712,train,cs-uk_UA
2,cs-uk_UA:::edu:::edu32072,cs-de_DE:::edu:::edu32072,train,cs-uk_UA
2,cs-uk_UA:::edu:::edu32842,cs-uk_UA:::edu:::edu32842,train,cs-uk_UA
2,cs-uk_UA:::edu:::edu33382,cs-uk_UA:::edu:::edu33382,train,cs-uk_UA
2,cs-uk_UA:::edu:::edu34346,cs-de_DE:::edu:::edu34346,train,cs-uk_UA
2,cs-uk_UA:::news:::blesk.cz.112043,cs-de_DE:::news:::blesk.cz.112043,train,cs-uk_UA
2,cs-uk_UA:::news:::blesk.cz.112532,cs-de_DE:::news:::blesk.cz.112532,train,cs-uk_UA
2,cs-uk_UA:::news:::ceska_televize-cs.156247,cs-de_DE:::news:::ceska_televize-cs.156247,train,cs-uk_UA
2,cs-uk_UA:::news:::cesky_rozhlas-cs.187644,cs-uk_UA:::news:::cesky_rozhlas-cs.187644,train,cs-uk_UA
2,cs-uk_UA:::news:::cesky_rozhlas-cs.187682,cs-de_DE:::news:::cesky_rozhlas-cs.187682,train,cs-uk_UA
2,cs-uk_UA:::news:::cesky_rozhlas-cs.188013,cs-de_DE:::news:::cesky_rozhlas-cs.188013,train,cs-uk_UA
2,cs-uk_UA:::news:::ct24-cs.205423,cs-de_DE:::news:::ct24-cs.205423,train,cs-uk_UA
2,cs-uk_UA:::news:::ct24-cs.205786,cs-de_DE:::news:::ct24-cs.205786,train,cs-uk_UA
2,cs-uk_UA:::news:::ct24-cs.206310,cs-de_DE:::news:::ceska_televize-cs.156247,train,cs-uk_UA
2,cs-uk_UA:::news:::denik.cz.114223,cs-uk_UA:::news:::denik.cz.114223,train,cs-uk_UA
2,cs-uk_UA:::news:::metro-cs.25658,cs-uk_UA:::news:::metro-cs.25658,train,cs-uk_UA
2,cs-uk_UA:::news:::radio_praha-cs.18143,cs-de_DE:::news:::radio_praha-cs.18143,train,cs-uk_UA
2,cs-uk_UA:::news:::radio_praha-cs.18156,cs-de_DE:::news:::radio_praha-cs.18156,train,cs-uk_UA
2,cs-uk_UA:::news:::radio_praha-cs.18173,cs-de_DE:::news:::radio_praha-cs.18173,train,cs-uk_UA
2,cs-uk_UA:::news:::radio_praha-cs.18223,cs-uk_UA:::news:::radio_praha-cs.18223,train,cs-uk_UA
2,cs-uk_UA:::news:::reflex.cz.16547,cs-de_DE:::news:::reflex.cz.16547,train,cs-uk_UA
2,cs-uk_UA:::news:::respekt-cs.11394,cs-de_DE:::news:::respekt-cs.11394,train,cs-uk_UA
2,cs-uk_UA:::social:::social01,cs-de_DE:::social:::social01,train,cs-uk_UA
2,cs-uk_UA:::social:::social08,cs-uk_UA:::social:::social08,train,cs-uk_UA
2,cs-uk_UA:::social:::social09,cs-de_DE:::social:::social09,train,cs-uk_UA
2,cs-uk_UA:::social:::social10,cs-de_DE:::social:::social10,train,cs-uk_UA
2,cs-uk_UA:::social:::social11,cs-uk_UA:::social:::social11,train,cs-uk_UA
2,cs-uk_UA:::social:::social12,cs-de_DE:::social:::social12,train,cs-uk_UA
2,cs-uk_UA:::social:::social15,cs-de_DE:::social:::social15,train,cs-uk_UA
2,cs-uk_UA:::social:::social18,cs-de_DE:::social:::social18,train,cs-uk_UA
2,cs-uk_UA:::social:::social19,cs-uk_UA:::social:::social19,train,cs-uk_UA
2,cs-uk_UA:::social:::social24,cs-de_DE:::social:::social24,train,cs-uk_UA
2,cs-uk_UA:::social:::social27,cs-de_DE:::social:::social27,train,cs-uk_UA
2,cs-uk_UA:::social:::social29,cs-uk_UA:::social:::social29,train,cs-uk_UA
2,cs-uk_UA:::social:::social31,cs-uk_UA:::social:::social31,train,cs-uk_UA
2,cs-uk_UA:::social:::social35,cs-de_DE:::social:::social35,train,cs-uk_UA
2,cs-uk_UA:::social:::social39,cs-de_DE:::social:::social39,train,cs-uk_UA
2,cs-uk_UA:::social:::social46,cs-de_DE:::social:::social46,train,cs-uk_UA
2,cs-uk_UA:::speech:::vid_-DTsEpAa6vY,cs-de_DE:::speech:::vid_-DTsEpAa6vY,train,cs-uk_UA
2,cs-uk_UA:::speech:::vid_0yfaR27UshY,cs-de_DE:::speech:::vid_0yfaR27UshY,train,cs-uk_UA
2,cs-uk_UA:::speech:::vid_3QlubgOA774,cs-de_DE:::speech:::vid_3QlubgOA774,train,cs-uk_UA
2,cs-uk_UA:::speech:::vid_83uzO97cy28,cs-de_DE:::speech:::vid_83uzO97cy28,train,cs-uk_UA
2,cs-uk_UA:::speech:::vid_AirO2DbyudQ,cs-uk_UA:::speech:::vid_AirO2DbyudQ,train,cs-uk_UA
2,cs-uk_UA:::speech:::vid_BNApYDC7OZQ,cs-de_DE:::speech:::vid_BNApYDC7OZQ,train,cs-uk_UA
2,cs-uk_UA:::speech:::vid_BQidTYlmyMw,cs-de_DE:::speech:::vid_BQidTYlmyMw,train,cs-uk_UA
2,cs-uk_UA:::speech:::vid_IAX2-qArWKo,cs-de_DE:::speech:::vid_IAX2-qArWKo,train,cs-uk_UA
2,cs-uk_UA:::speech:::vid_MFQScnI3mbE,cs-de_DE:::speech:::vid_MFQScnI3mbE,train,cs-uk_UA
2,cs-uk_UA:::speech:::vid_MSr8pjfpbfY,cs-de_DE:::speech:::vid_MSr8pjfpbfY,train,cs-uk_UA
2,cs-uk_UA:::speech:::vid_NKYvbkYphPs,cs-de_DE:::speech:::vid_NKYvbkYphPs,train,cs-uk_UA
2,cs-uk_UA:::speech:::vid_R7dIAr5IlSo,cs-uk_UA:::speech:::vid_R7dIAr5IlSo,train,cs-uk_UA
2,cs-uk_UA:::speech:::vid_Y6QKUqCqDNI,cs-de_DE:::speech:::vid_Y6QKUqCqDNI,train,cs-uk_UA
2,cs-uk_UA:::speech:::vid_ZXxro_HmJlM,cs-uk_UA:::speech:::vid_ZXxro_HmJlM,train,cs-uk_UA
2,cs-uk_UA:::speech:::vid__S6LhA4Edl8,cs-de_DE:::speech:::vid__S6LhA4Edl8,train,cs-uk_UA
2,cs-uk_UA:::speech:::vid__vz2e5l-gS4,cs-de_DE:::speech:::vid__vz2e5l-gS4,train,cs-uk_UA
2,cs-uk_UA:::speech:::vid_azvnUwpbmdo,cs-de_DE:::speech:::vid_azvnUwpbmdo,train,cs-uk_UA
2,cs-uk_UA:::speech:::vid_bLLiKHcuqFA,cs-uk_UA:::speech:::vid_bLLiKHcuqFA,train,cs-uk_UA
2,cs-uk_UA:::speech:::vid_fYgtFNa0Ffc,cs-uk_UA:::speech:::vid_fYgtFNa0Ffc,train,cs-uk_UA
2,cs-uk_UA:::speech:::vid_gO2Xj7NBBMI,cs-de_DE:::speech:::vid_gO2Xj7NBBMI,train,cs-uk_UA
2,cs-uk_UA:::speech:::vid_lBYDRqvgeJc,cs-de_DE:::speech:::vid_lBYDRqvgeJc,train,cs-uk_UA
2,cs-uk_UA:::speech:::vid_lRfsfGBa0o0,cs-de_DE:::speech:::vid_lRfsfGBa0o0,train,cs-uk_UA
2,cs-uk_UA:::speech:::vid_mqKWUP7LqZA,cs-uk_UA:::speech:::vid_mqKWUP7LqZA,train,cs-uk_UA
2,cs-uk_UA:::speech:::vid_qLFOojSI2sY,cs-uk_UA:::speech:::vid_qLFOojSI2sY,train,cs-uk_UA
2,cs-uk_UA:::speech:::vid_tYQUxfKatQ0,cs-de_DE:::speech:::vid_tYQUxfKatQ0,train,cs-uk_UA
2,cs-uk_UA:::speech:::vid_u54YM5vAsAM,cs-de_DE:::speech:::vid_u54YM5vAsAM,train,cs-uk_UA
2,cs-uk_UA:::speech:::vid_x9sY3-3dnas,cs-de_DE:::speech:::vid_x9sY3-3dnas,train,cs-uk_UA
2,cs-uk_UA:::speech:::vid_zZDVvZ8V_3g,cs-de_DE:::speech:::vid_zZDVvZ8V_3g,train,cs-uk_UA
2,cs-uk_UA:::edu:::edu03240,cs-de_DE:::edu:::edu03240,validation,cs-uk_UA
2,cs-uk_UA:::edu:::edu03628,cs-uk_UA:::edu:::edu03628,validation,cs-uk_UA
2,cs-uk_UA:::edu:::edu08474,cs-de_DE:::edu:::edu08474,validation,cs-uk_UA
2,cs-uk_UA:::edu:::edu08492,cs-de_DE:::edu:::edu08492,validation,cs-uk_UA
2,cs-uk_UA:::edu:::edu31714,cs-uk_UA:::edu:::edu31714,validation,cs-uk_UA
2,cs-uk_UA:::edu:::edu33632,cs-de_DE:::edu:::edu33632,validation,cs-uk_UA
2,cs-uk_UA:::news:::reflex.cz.16578,cs-de_DE:::news:::reflex.cz.16578,validation,cs-uk_UA
2,cs-uk_UA:::social:::social02,cs-de_DE:::social:::social02,validation,cs-uk_UA
2,cs-uk_UA:::social:::social05,cs-uk_UA:::social:::social05,validation,cs-uk_UA
2,cs-uk_UA:::social:::social20,cs-de_DE:::social:::social20,validation,cs-uk_UA
2,cs-uk_UA:::social:::social41,cs-de_DE:::social:::social41,validation,cs-uk_UA
2,cs-uk_UA:::speech:::vid_0VTV_tXxpNM,cs-de_DE:::speech:::vid_0VTV_tXxpNM,validation,cs-uk_UA
2,cs-uk_UA:::speech:::vid_Ank-5bMvM00,cs-de_DE:::speech:::vid_Ank-5bMvM00,validation,cs-uk_UA
2,cs-uk_UA:::speech:::vid_DmbQP3rlSh0,cs-de_DE:::speech:::vid_DmbQP3rlSh0,validation,cs-uk_UA
2,cs-uk_UA:::speech:::vid_Fy0e5GW53yc,cs-de_DE:::speech:::vid_Fy0e5GW53yc,validation,cs-uk_UA
2,cs-uk_UA:::speech:::vid_I3UGDXbIfxw,cs-de_DE:::speech:::vid_I3UGDXbIfxw,validation,cs-uk_UA
2,cs-uk_UA:::speech:::vid_NxMnsb0JX24,cs-de_DE:::speech:::vid_NxMnsb0JX24,validation,cs-uk_UA
2,cs-uk_UA:::speech:::vid_YzdPfuKfcEo,cs-uk_UA:::speech:::vid_YzdPfuKfcEo,validation,cs-uk_UA
2,cs-uk_UA:::speech:::vid_hKkues3pJ_I,cs-de_DE:::speech:::vid_hKkues3pJ_I,validation,cs-uk_UA
2,cs-uk_UA:::speech:::vid_obf3RbeGVoc,cs-uk_UA:::speech:::vid_obf3RbeGVoc,validation,cs-uk_UA
2,cs-uk_UA:::edu:::edu03238,cs-uk_UA:::edu:::edu03238,test,cs-uk_UA
2,cs-uk_UA:::edu:::edu08478,cs-de_DE:::edu:::edu08478,test,cs-uk_UA
2,cs-uk_UA:::edu:::edu08494,cs-de_DE:::edu:::edu08494,test,cs-uk_UA
2,cs-uk_UA:::edu:::edu08512,cs-de_DE:::edu:::edu08512,test,cs-uk_UA
2,cs-uk_UA:::edu:::edu14790,cs-uk_UA:::edu:::edu14790,test,cs-uk_UA
2,cs-uk_UA:::edu:::edu30034,cs-de_DE:::edu:::edu30034,test,cs-uk_UA
2,cs-uk_UA:::edu:::edu32838,cs-de_DE:::edu:::edu32838,test,cs-uk_UA
2,cs-uk_UA:::news:::aha-cs.32285,cs-uk_UA:::news:::aha-cs.32285,test,cs-uk_UA
2,cs-uk_UA:::news:::ct24-cs.206403,cs-de_DE:::news:::ceska_televize-cs.156327,test,cs-uk_UA
2,cs-uk_UA:::news:::ctk.cz.120672,cs-de_DE:::news:::ctk.cz.120672,test,cs-uk_UA
2,cs-uk_UA:::news:::reflex.cz.16563,cs-de_DE:::news:::reflex.cz.16563,test,cs-uk_UA
2,cs-uk_UA:::news:::respekt-cs.11430,cs-uk_UA:::news:::respekt-cs.11430,test,cs-uk_UA
2,cs-uk_UA:::social:::social04,cs-de_DE:::social:::social04,test,cs-uk_UA
2,cs-uk_UA:::social:::social16,cs-de_DE:::social:::social16,test,cs-uk_UA
2,cs-uk_UA:::social:::social28,cs-uk_UA:::social:::social28,test,cs-uk_UA
2,cs-uk_UA:::social:::social34,cs-de_DE:::social:::social34,test,cs-uk_UA
2,cs-uk_UA:::social:::social48,cs-de_DE:::social:::social48,test,cs-uk_UA
2,cs-uk_UA:::speech:::vid_7AR-9Sd5R50,cs-de_DE:::speech:::vid_7AR-9Sd5R50,test,cs-uk_UA
2,cs-uk_UA:::speech:::vid_Dbei9GDQ5js,cs-de_DE:::speech:::vid_Dbei9GDQ5js,test,cs-uk_UA
2,cs-uk_UA:::speech:::vid_KL6WSkyezCw,cs-de_DE:::speech:::vid_KL6WSkyezCw,test,cs-uk_UA
2,cs-uk_UA:::speech:::vid_WtGwubAR7cM,cs-uk_UA:::speech:::vid_WtGwubAR7cM,test,cs-uk_UA
2,cs-uk_UA:::speech:::vid_XLX5vpC2VyQ,cs-de_DE:::speech:::vid_XLX5vpC2VyQ,test,cs-uk_UA
2,cs-uk_UA:::speech:::vid_ddqRtXqCofI,cs-de_DE:::speech:::vid_ddqRtXqCofI,test,cs-uk_UA
2,cs-uk_UA:::speech:::vid_id452FXpjYI,cs-uk_UA:::speech:::vid_id452FXpjYI,test,cs-uk_UA
2,cs-uk_UA:::speech:::vid_qtDYwkk_BTI,cs-uk_UA:::speech:::vid_qtDYwkk_BTI,test,cs-uk_UA
2,cs-uk_UA:::speech:::vid_tCOeLB18d1s,cs-de_DE:::speech:::vid_tCOeLB18d1s,test,cs-uk_UA
3,cs-uk_UA:::edu:::edu03238,cs-uk_UA:::edu:::edu03238,train,cs-uk_UA
3,cs-uk_UA:::edu:::edu03246,cs-de_DE:::edu:::edu03246,train,cs-uk_UA
3,cs-uk_UA:::edu:::edu03620,cs-de_DE:::edu:::edu03620,train,cs-uk_UA
3,cs-uk_UA:::edu:::edu03628,cs-uk_UA:::edu:::edu03628,train,cs-uk_UA
3,cs-uk_UA:::edu:::edu05908,cs-uk_UA:::edu:::edu05908,train,cs-uk_UA
3,cs-uk_UA:::edu:::edu08478,cs-de_DE:::edu:::edu08478,train,cs-uk_UA
3,cs-uk_UA:::edu:::edu08480,cs-de_DE:::edu:::edu08480,train,cs-uk_UA
3,cs-uk_UA:::edu:::edu08482,cs-de_DE:::edu:::edu08482,train,cs-uk_UA
3,cs-uk_UA:::edu:::edu08486,cs-de_DE:::edu:::edu08486,train,cs-uk_UA
3,cs-uk_UA:::edu:::edu08494,cs-de_DE:::edu:::edu08494,train,cs-uk_UA
3,cs-uk_UA:::edu:::edu08500,cs-de_DE:::edu:::edu08500,train,cs-uk_UA
3,cs-uk_UA:::edu:::edu08502,cs-de_DE:::edu:::edu08502,train,cs-uk_UA
3,cs-uk_UA:::edu:::edu08504,cs-de_DE:::edu:::edu08504,train,cs-uk_UA
3,cs-uk_UA:::edu:::edu08512,cs-de_DE:::edu:::edu08512,train,cs-uk_UA
3,cs-uk_UA:::edu:::edu08600,cs-de_DE:::edu:::edu08600,train,cs-uk_UA
3,cs-uk_UA:::edu:::edu08606,cs-de_DE:::edu:::edu08606,train,cs-uk_UA
3,cs-uk_UA:::edu:::edu08774,cs-uk_UA:::edu:::edu08774,train,cs-uk_UA
3,cs-uk_UA:::edu:::edu14790,cs-uk_UA:::edu:::edu14790,train,cs-uk_UA
3,cs-uk_UA:::edu:::edu30034,cs-de_DE:::edu:::edu30034,train,cs-uk_UA
3,cs-uk_UA:::edu:::edu30538,cs-de_DE:::edu:::edu30538,train,cs-uk_UA
3,cs-uk_UA:::edu:::edu31712,cs-de_DE:::edu:::edu31712,train,cs-uk_UA
3,cs-uk_UA:::edu:::edu31714,cs-uk_UA:::edu:::edu31714,train,cs-uk_UA
3,cs-uk_UA:::edu:::edu32838,cs-de_DE:::edu:::edu32838,train,cs-uk_UA
3,cs-uk_UA:::edu:::edu33632,cs-de_DE:::edu:::edu33632,train,cs-uk_UA
3,cs-uk_UA:::edu:::edu34346,cs-de_DE:::edu:::edu34346,train,cs-uk_UA
3,cs-uk_UA:::news:::aha-cs.32285,cs-uk_UA:::news:::aha-cs.32285,train,cs-uk_UA
3,cs-uk_UA:::news:::ceska_televize-cs.156247,cs-de_DE:::news:::ceska_televize-cs.156247,train,cs-uk_UA
3,cs-uk_UA:::news:::cesky_rozhlas-cs.187644,cs-uk_UA:::news:::cesky_rozhlas-cs.187644,train,cs-uk_UA
3,cs-uk_UA:::news:::cesky_rozhlas-cs.188013,cs-de_DE:::news:::cesky_rozhlas-cs.188013,train,cs-uk_UA
3,cs-uk_UA:::news:::ct24-cs.205423,cs-de_DE:::news:::ct24-cs.205423,train,cs-uk_UA
3,cs-uk_UA:::news:::ct24-cs.206310,cs-de_DE:::news:::ceska_televize-cs.156247,train,cs-uk_UA
3,cs-uk_UA:::news:::ct24-cs.206403,cs-de_DE:::news:::ceska_televize-cs.156327,train,cs-uk_UA
3,cs-uk_UA:::news:::ctk.cz.120672,cs-de_DE:::news:::ctk.cz.120672,train,cs-uk_UA
3,cs-uk_UA:::news:::denik.cz.114223,cs-uk_UA:::news:::denik.cz.114223,train,cs-uk_UA
3,cs-uk_UA:::news:::metro-cs.25658,cs-uk_UA:::news:::metro-cs.25658,train,cs-uk_UA
3,cs-uk_UA:::news:::radio_praha-cs.18173,cs-de_DE:::news:::radio_praha-cs.18173,train,cs-uk_UA
3,cs-uk_UA:::news:::reflex.cz.16563,cs-de_DE:::news:::reflex.cz.16563,train,cs-uk_UA
3,cs-uk_UA:::news:::reflex.cz.16578,cs-de_DE:::news:::reflex.cz.16578,train,cs-uk_UA
3,cs-uk_UA:::news:::respekt-cs.11394,cs-de_DE:::news:::respekt-cs.11394,train,cs-uk_UA
3,cs-uk_UA:::news:::respekt-cs.11430,cs-uk_UA:::news:::respekt-cs.11430,train,cs-uk_UA
3,cs-uk_UA:::social:::social01,cs-de_DE:::social:::social01,train,cs-uk_UA
3,cs-uk_UA:::social:::social05,cs-uk_UA:::social:::social05,train,cs-uk_UA
3,cs-uk_UA:::social:::social08,cs-uk_UA:::social:::social08,train,cs-uk_UA
3,cs-uk_UA:::social:::social09,cs-de_DE:::social:::social09,train,cs-uk_UA
3,cs-uk_UA:::social:::social12,cs-de_DE:::social:::social12,train,cs-uk_UA
3,cs-uk_UA:::social:::social18,cs-de_DE:::social:::social18,train,cs-uk_UA
3,cs-uk_UA:::social:::social20,cs-de_DE:::social:::social20,train,cs-uk_UA
3,cs-uk_UA:::social:::social24,cs-de_DE:::social:::social24,train,cs-uk_UA
3,cs-uk_UA:::social:::social28,cs-uk_UA:::social:::social28,train,cs-uk_UA
3,cs-uk_UA:::social:::social29,cs-uk_UA:::social:::social29,train,cs-uk_UA
3,cs-uk_UA:::social:::social31,cs-uk_UA:::social:::social31,train,cs-uk_UA
3,cs-uk_UA:::social:::social34,cs-de_DE:::social:::social34,train,cs-uk_UA
3,cs-uk_UA:::social:::social35,cs-de_DE:::social:::social35,train,cs-uk_UA
3,cs-uk_UA:::social:::social39,cs-de_DE:::social:::social39,train,cs-uk_UA
3,cs-uk_UA:::social:::social48,cs-de_DE:::social:::social48,train,cs-uk_UA
3,cs-uk_UA:::speech:::vid_-DTsEpAa6vY,cs-de_DE:::speech:::vid_-DTsEpAa6vY,train,cs-uk_UA
3,cs-uk_UA:::speech:::vid_0yfaR27UshY,cs-de_DE:::speech:::vid_0yfaR27UshY,train,cs-uk_UA
3,cs-uk_UA:::speech:::vid_83uzO97cy28,cs-de_DE:::speech:::vid_83uzO97cy28,train,cs-uk_UA
3,cs-uk_UA:::speech:::vid_Ank-5bMvM00,cs-de_DE:::speech:::vid_Ank-5bMvM00,train,cs-uk_UA
3,cs-uk_UA:::speech:::vid_BNApYDC7OZQ,cs-de_DE:::speech:::vid_BNApYDC7OZQ,train,cs-uk_UA
3,cs-uk_UA:::speech:::vid_Dbei9GDQ5js,cs-de_DE:::speech:::vid_Dbei9GDQ5js,train,cs-uk_UA
3,cs-uk_UA:::speech:::vid_DmbQP3rlSh0,cs-de_DE:::speech:::vid_DmbQP3rlSh0,train,cs-uk_UA
3,cs-uk_UA:::speech:::vid_Fy0e5GW53yc,cs-de_DE:::speech:::vid_Fy0e5GW53yc,train,cs-uk_UA
3,cs-uk_UA:::speech:::vid_I3UGDXbIfxw,cs-de_DE:::speech:::vid_I3UGDXbIfxw,train,cs-uk_UA
3,cs-uk_UA:::speech:::vid_KL6WSkyezCw,cs-de_DE:::speech:::vid_KL6WSkyezCw,train,cs-uk_UA
3,cs-uk_UA:::speech:::vid_MFQScnI3mbE,cs-de_DE:::speech:::vid_MFQScnI3mbE,train,cs-uk_UA
3,cs-uk_UA:::speech:::vid_MSr8pjfpbfY,cs-de_DE:::speech:::vid_MSr8pjfpbfY,train,cs-uk_UA
3,cs-uk_UA:::speech:::vid_NKYvbkYphPs,cs-de_DE:::speech:::vid_NKYvbkYphPs,train,cs-uk_UA
3,cs-uk_UA:::speech:::vid_WtGwubAR7cM,cs-uk_UA:::speech:::vid_WtGwubAR7cM,train,cs-uk_UA
3,cs-uk_UA:::speech:::vid_XLX5vpC2VyQ,cs-de_DE:::speech:::vid_XLX5vpC2VyQ,train,cs-uk_UA
3,cs-uk_UA:::speech:::vid_Y6QKUqCqDNI,cs-de_DE:::speech:::vid_Y6QKUqCqDNI,train,cs-uk_UA
3,cs-uk_UA:::speech:::vid_YzdPfuKfcEo,cs-uk_UA:::speech:::vid_YzdPfuKfcEo,train,cs-uk_UA
3,cs-uk_UA:::speech:::vid_ZXxro_HmJlM,cs-uk_UA:::speech:::vid_ZXxro_HmJlM,train,cs-uk_UA
3,cs-uk_UA:::speech:::vid__S6LhA4Edl8,cs-de_DE:::speech:::vid__S6LhA4Edl8,train,cs-uk_UA
3,cs-uk_UA:::speech:::vid_bLLiKHcuqFA,cs-uk_UA:::speech:::vid_bLLiKHcuqFA,train,cs-uk_UA
3,cs-uk_UA:::speech:::vid_ddqRtXqCofI,cs-de_DE:::speech:::vid_ddqRtXqCofI,train,cs-uk_UA
3,cs-uk_UA:::speech:::vid_gO2Xj7NBBMI,cs-de_DE:::speech:::vid_gO2Xj7NBBMI,train,cs-uk_UA
3,cs-uk_UA:::speech:::vid_hKkues3pJ_I,cs-de_DE:::speech:::vid_hKkues3pJ_I,train,cs-uk_UA
3,cs-uk_UA:::speech:::vid_id452FXpjYI,cs-uk_UA:::speech:::vid_id452FXpjYI,train,cs-uk_UA
3,cs-uk_UA:::speech:::vid_lBYDRqvgeJc,cs-de_DE:::speech:::vid_lBYDRqvgeJc,train,cs-uk_UA
3,cs-uk_UA:::speech:::vid_mqKWUP7LqZA,cs-uk_UA:::speech:::vid_mqKWUP7LqZA,train,cs-uk_UA
3,cs-uk_UA:::speech:::vid_qtDYwkk_BTI,cs-uk_UA:::speech:::vid_qtDYwkk_BTI,train,cs-uk_UA
3,cs-uk_UA:::speech:::vid_tCOeLB18d1s,cs-de_DE:::speech:::vid_tCOeLB18d1s,train,cs-uk_UA
3,cs-uk_UA:::speech:::vid_tYQUxfKatQ0,cs-de_DE:::speech:::vid_tYQUxfKatQ0,train,cs-uk_UA
3,cs-uk_UA:::speech:::vid_x9sY3-3dnas,cs-de_DE:::speech:::vid_x9sY3-3dnas,train,cs-uk_UA
3,cs-uk_UA:::edu:::edu03240,cs-de_DE:::edu:::edu03240,validation,cs-uk_UA
3,cs-uk_UA:::edu:::edu08602,cs-de_DE:::edu:::edu08602,validation,cs-uk_UA
3,cs-uk_UA:::edu:::edu15020,cs-uk_UA:::edu:::edu15020,validation,cs-uk_UA
3,cs-uk_UA:::edu:::edu31632,cs-de_DE:::edu:::edu31632,validation,cs-uk_UA
3,cs-uk_UA:::edu:::edu32842,cs-uk_UA:::edu:::edu32842,validation,cs-uk_UA
3,cs-uk_UA:::news:::blesk.cz.112043,cs-de_DE:::news:::blesk.cz.112043,validation,cs-uk_UA
3,cs-uk_UA:::news:::cesky_rozhlas-cs.187682,cs-de_DE:::news:::cesky_rozhlas-cs.187682,validation,cs-uk_UA
3,cs-uk_UA:::news:::radio_praha-cs.18143,cs-de_DE:::news:::radio_praha-cs.18143,validation,cs-uk_UA
3,cs-uk_UA:::news:::radio_praha-cs.18156,cs-de_DE:::news:::radio_praha-cs.18156,validation,cs-uk_UA
3,cs-uk_UA:::social:::social04,cs-de_DE:::social:::social04,validation,cs-uk_UA
3,cs-uk_UA:::social:::social10,cs-de_DE:::social:::social10,validation,cs-uk_UA
3,cs-uk_UA:::social:::social11,cs-uk_UA:::social:::social11,validation,cs-uk_UA
3,cs-uk_UA:::social:::social16,cs-de_DE:::social:::social16,validation,cs-uk_UA
3,cs-uk_UA:::social:::social41,cs-de_DE:::social:::social41,validation,cs-uk_UA
3,cs-uk_UA:::speech:::vid_0VTV_tXxpNM,cs-de_DE:::speech:::vid_0VTV_tXxpNM,validation,cs-uk_UA
3,cs-uk_UA:::speech:::vid_7AR-9Sd5R50,cs-de_DE:::speech:::vid_7AR-9Sd5R50,validation,cs-uk_UA
3,cs-uk_UA:::speech:::vid_AirO2DbyudQ,cs-uk_UA:::speech:::vid_AirO2DbyudQ,validation,cs-uk_UA
3,cs-uk_UA:::speech:::vid__vz2e5l-gS4,cs-de_DE:::speech:::vid__vz2e5l-gS4,validation,cs-uk_UA
3,cs-uk_UA:::speech:::vid_obf3RbeGVoc,cs-uk_UA:::speech:::vid_obf3RbeGVoc,validation,cs-uk_UA
3,cs-uk_UA:::speech:::vid_u54YM5vAsAM,cs-de_DE:::speech:::vid_u54YM5vAsAM,validation,cs-uk_UA
3,cs-uk_UA:::edu:::edu08474,cs-de_DE:::edu:::edu08474,test,cs-uk_UA
3,cs-uk_UA:::edu:::edu08492,cs-de_DE:::edu:::edu08492,test,cs-uk_UA
3,cs-uk_UA:::edu:::edu08510,cs-de_DE:::edu:::edu08510,test,cs-uk_UA
3,cs-uk_UA:::edu:::edu08772,cs-de_DE:::edu:::edu08772,test,cs-uk_UA
3,cs-uk_UA:::edu:::edu14788,cs-uk_UA:::edu:::edu14788,test,cs-uk_UA
3,cs-uk_UA:::edu:::edu32072,cs-de_DE:::edu:::edu32072,test,cs-uk_UA
3,cs-uk_UA:::edu:::edu33382,cs-uk_UA:::edu:::edu33382,test,cs-uk_UA
3,cs-uk_UA:::news:::blesk.cz.112532,cs-de_DE:::news:::blesk.cz.112532,test,cs-uk_UA
3,cs-uk_UA:::news:::ct24-cs.205786,cs-de_DE:::news:::ct24-cs.205786,test,cs-uk_UA
3,cs-uk_UA:::news:::radio_praha-cs.18223,cs-uk_UA:::news:::radio_praha-cs.18223,test,cs-uk_UA
3,cs-uk_UA:::news:::reflex.cz.16547,cs-de_DE:::news:::reflex.cz.16547,test,cs-uk_UA
3,cs-uk_UA:::social:::social02,cs-de_DE:::social:::social02,test,cs-uk_UA
3,cs-uk_UA:::social:::social15,cs-de_DE:::social:::social15,test,cs-uk_UA
3,cs-uk_UA:::social:::social19,cs-uk_UA:::social:::social19,test,cs-uk_UA
3,cs-uk_UA:::social:::social27,cs-de_DE:::social:::social27,test,cs-uk_UA
3,cs-uk_UA:::social:::social46,cs-de_DE:::social:::social46,test,cs-uk_UA
3,cs-uk_UA:::speech:::vid_3QlubgOA774,cs-de_DE:::speech:::vid_3QlubgOA774,test,cs-uk_UA
3,cs-uk_UA:::speech:::vid_BQidTYlmyMw,cs-de_DE:::speech:::vid_BQidTYlmyMw,test,cs-uk_UA
3,cs-uk_UA:::speech:::vid_IAX2-qArWKo,cs-de_DE:::speech:::vid_IAX2-qArWKo,test,cs-uk_UA
3,cs-uk_UA:::speech:::vid_NxMnsb0JX24,cs-de_DE:::speech:::vid_NxMnsb0JX24,test,cs-uk_UA
3,cs-uk_UA:::speech:::vid_R7dIAr5IlSo,cs-uk_UA:::speech:::vid_R7dIAr5IlSo,test,cs-uk_UA
3,cs-uk_UA:::speech:::vid_azvnUwpbmdo,cs-de_DE:::speech:::vid_azvnUwpbmdo,test,cs-uk_UA
3,cs-uk_UA:::speech:::vid_fYgtFNa0Ffc,cs-uk_UA:::speech:::vid_fYgtFNa0Ffc,test,cs-uk_UA
3,cs-uk_UA:::speech:::vid_lRfsfGBa0o0,cs-de_DE:::speech:::vid_lRfsfGBa0o0,test,cs-uk_UA
3,cs-uk_UA:::speech:::vid_qLFOojSI2sY,cs-uk_UA:::speech:::vid_qLFOojSI2sY,test,cs-uk_UA
3,cs-uk_UA:::speech:::vid_zZDVvZ8V_3g,cs-de_DE:::speech:::vid_zZDVvZ8V_3g,test,cs-uk_UA
4,cs-uk_UA:::edu:::edu03238,cs-uk_UA:::edu:::edu03238,train,cs-uk_UA
4,cs-uk_UA:::edu:::edu03240,cs-de_DE:::edu:::edu03240,train,cs-uk_UA
4,cs-uk_UA:::edu:::edu03246,cs-de_DE:::edu:::edu03246,train,cs-uk_UA
4,cs-uk_UA:::edu:::edu03628,cs-uk_UA:::edu:::edu03628,train,cs-uk_UA
4,cs-uk_UA:::edu:::edu05908,cs-uk_UA:::edu:::edu05908,train,cs-uk_UA
4,cs-uk_UA:::edu:::edu08480,cs-de_DE:::edu:::edu08480,train,cs-uk_UA
4,cs-uk_UA:::edu:::edu08482,cs-de_DE:::edu:::edu08482,train,cs-uk_UA
4,cs-uk_UA:::edu:::edu08492,cs-de_DE:::edu:::edu08492,train,cs-uk_UA
4,cs-uk_UA:::edu:::edu08500,cs-de_DE:::edu:::edu08500,train,cs-uk_UA
4,cs-uk_UA:::edu:::edu08502,cs-de_DE:::edu:::edu08502,train,cs-uk_UA
4,cs-uk_UA:::edu:::edu08512,cs-de_DE:::edu:::edu08512,train,cs-uk_UA
4,cs-uk_UA:::edu:::edu08602,cs-de_DE:::edu:::edu08602,train,cs-uk_UA
4,cs-uk_UA:::edu:::edu08772,cs-de_DE:::edu:::edu08772,train,cs-uk_UA
4,cs-uk_UA:::edu:::edu14788,cs-uk_UA:::edu:::edu14788,train,cs-uk_UA
4,cs-uk_UA:::edu:::edu14790,cs-uk_UA:::edu:::edu14790,train,cs-uk_UA
4,cs-uk_UA:::edu:::edu15020,cs-uk_UA:::edu:::edu15020,train,cs-uk_UA
4,cs-uk_UA:::edu:::edu30034,cs-de_DE:::edu:::edu30034,train,cs-uk_UA
4,cs-uk_UA:::edu:::edu30538,cs-de_DE:::edu:::edu30538,train,cs-uk_UA
4,cs-uk_UA:::edu:::edu32072,cs-de_DE:::edu:::edu32072,train,cs-uk_UA
4,cs-uk_UA:::edu:::edu32838,cs-de_DE:::edu:::edu32838,train,cs-uk_UA
4,cs-uk_UA:::edu:::edu33382,cs-uk_UA:::edu:::edu33382,train,cs-uk_UA
4,cs-uk_UA:::edu:::edu34346,cs-de_DE:::edu:::edu34346,train,cs-uk_UA
4,cs-uk_UA:::news:::aha-cs.32285,cs-uk_UA:::news:::aha-cs.32285,train,cs-uk_UA
4,cs-uk_UA:::news:::blesk.cz.112532,cs-de_DE:::news:::blesk.cz.112532,train,cs-uk_UA
4,cs-uk_UA:::news:::cesky_rozhlas-cs.187644,cs-uk_UA:::news:::cesky_rozhlas-cs.187644,train,cs-uk_UA
4,cs-uk_UA:::news:::cesky_rozhlas-cs.187682,cs-de_DE:::news:::cesky_rozhlas-cs.187682,train,cs-uk_UA
4,cs-uk_UA:::news:::ct24-cs.205786,cs-de_DE:::news:::ct24-cs.205786,train,cs-uk_UA
4,cs-uk_UA:::news:::ct24-cs.206403,cs-de_DE:::news:::ceska_televize-cs.156327,train,cs-uk_UA
4,cs-uk_UA:::news:::ctk.cz.120672,cs-de_DE:::news:::ctk.cz.120672,train,cs-uk_UA
4,cs-uk_UA:::news:::denik.cz.114223,cs-uk_UA:::news:::denik.cz.114223,train,cs-uk_UA
4,cs-uk_UA:::news:::radio_praha-cs.18156,cs-de_DE:::news:::radio_praha-cs.18156,train,cs-uk_UA
4,cs-uk_UA:::news:::radio_praha-cs.18223,cs-uk_UA:::news:::radio_praha-cs.18223,train,cs-uk_UA
4,cs-uk_UA:::news:::reflex.cz.16563,cs-de_DE:::news:::reflex.cz.16563,train,cs-uk_UA
4,cs-uk_UA:::news:::reflex.cz.16578,cs-de_DE:::news:::reflex.cz.16578,train,cs-uk_UA
4,cs-uk_UA:::news:::respekt-cs.11394,cs-de_DE:::news:::respekt-cs.11394,train,cs-uk_UA
4,cs-uk_UA:::news:::respekt-cs.11430,cs-uk_UA:::news:::respekt-cs.11430,train,cs-uk_UA
4,cs-uk_UA:::social:::social02,cs-de_DE:::social:::social02,train,cs-uk_UA
4,cs-uk_UA:::social:::social05,cs-uk_UA:::social:::social05,train,cs-uk_UA
4,cs-uk_UA:::social:::social09,cs-de_DE:::social:::social09,train,cs-uk_UA
4,cs-uk_UA:::social:::social10,cs-de_DE:::social:::social10,train,cs-uk_UA
4,cs-uk_UA:::social:::social15,cs-de_DE:::social:::social15,train,cs-uk_UA
4,cs-uk_UA:::social:::social16,cs-de_DE:::social:::social16,train,cs-uk_UA
4,cs-uk_UA:::social:::social18,cs-de_DE:::social:::social18,train,cs-uk_UA
4,cs-uk_UA:::social:::social19,cs-uk_UA:::social:::social19,train,cs-uk_UA
4,cs-uk_UA:::social:::social20,cs-de_DE:::social:::social20,train,cs-uk_UA
4,cs-uk_UA:::social:::social28,cs-uk_UA:::social:::social28,train,cs-uk_UA
4,cs-uk_UA:::social:::social29,cs-uk_UA:::social:::social29,train,cs-uk_UA
4,cs-uk_UA:::social:::social31,cs-uk_UA:::social:::social31,train,cs-uk_UA
4,cs-uk_UA:::social:::social34,cs-de_DE:::social:::social34,train,cs-uk_UA
4,cs-uk_UA:::social:::social35,cs-de_DE:::social:::social35,train,cs-uk_UA
4,cs-uk_UA:::social:::social39,cs-de_DE:::social:::social39,train,cs-uk_UA
4,cs-uk_UA:::social:::social46,cs-de_DE:::social:::social46,train,cs-uk_UA
4,cs-uk_UA:::social:::social48,cs-de_DE:::social:::social48,train,cs-uk_UA
4,cs-uk_UA:::speech:::vid_0VTV_tXxpNM,cs-de_DE:::speech:::vid_0VTV_tXxpNM,train,cs-uk_UA
4,cs-uk_UA:::speech:::vid_3QlubgOA774,cs-de_DE:::speech:::vid_3QlubgOA774,train,cs-uk_UA
4,cs-uk_UA:::speech:::vid_83uzO97cy28,cs-de_DE:::speech:::vid_83uzO97cy28,train,cs-uk_UA
4,cs-uk_UA:::speech:::vid_Ank-5bMvM00,cs-de_DE:::speech:::vid_Ank-5bMvM00,train,cs-uk_UA
4,cs-uk_UA:::speech:::vid_BQidTYlmyMw,cs-de_DE:::speech:::vid_BQidTYlmyMw,train,cs-uk_UA
4,cs-uk_UA:::speech:::vid_Dbei9GDQ5js,cs-de_DE:::speech:::vid_Dbei9GDQ5js,train,cs-uk_UA
4,cs-uk_UA:::speech:::vid_DmbQP3rlSh0,cs-de_DE:::speech:::vid_DmbQP3rlSh0,train,cs-uk_UA
4,cs-uk_UA:::speech:::vid_Fy0e5GW53yc,cs-de_DE:::speech:::vid_Fy0e5GW53yc,train,cs-uk_UA
4,cs-uk_UA:::speech:::vid_KL6WSkyezCw,cs-de_DE:::speech:::vid_KL6WSkyezCw,train,cs-uk_UA
4,cs-uk_UA:::speech:::vid_MFQScnI3mbE,cs-de_DE:::speech:::vid_MFQScnI3mbE,train,cs-uk_UA
4,cs-uk_UA:::speech:::vid_MSr8pjfpbfY,cs-de_DE:::speech:::vid_MSr8pjfpbfY,train,cs-uk_UA
4,cs-uk_UA:::speech:::vid_NxMnsb0JX24,cs-de_DE:::speech:::vid_NxMnsb0JX24,train,cs-uk_UA
4,cs-uk_UA:::speech:::vid_R7dIAr5IlSo,cs-uk_UA:::speech:::vid_R7dIAr5IlSo,train,cs-uk_UA
4,cs-uk_UA:::speech:::vid_WtGwubAR7cM,cs-uk_UA:::speech:::vid_WtGwubAR7cM,train,cs-uk_UA
4,cs-uk_UA:::speech:::vid_XLX5vpC2VyQ,cs-de_DE:::speech:::vid_XLX5vpC2VyQ,train,cs-uk_UA
4,cs-uk_UA:::speech:::vid_Y6QKUqCqDNI,cs-de_DE:::speech:::vid_Y6QKUqCqDNI,train,cs-uk_UA
4,cs-uk_UA:::speech:::vid_YzdPfuKfcEo,cs-uk_UA:::speech:::vid_YzdPfuKfcEo,train,cs-uk_UA
4,cs-uk_UA:::speech:::vid_ZXxro_HmJlM,cs-uk_UA:::speech:::vid_ZXxro_HmJlM,train,cs-uk_UA
4,cs-uk_UA:::speech:::vid__S6LhA4Edl8,cs-de_DE:::speech:::vid__S6LhA4Edl8,train,cs-uk_UA
4,cs-uk_UA:::speech:::vid_azvnUwpbmdo,cs-de_DE:::speech:::vid_azvnUwpbmdo,train,cs-uk_UA
4,cs-uk_UA:::speech:::vid_fYgtFNa0Ffc,cs-uk_UA:::speech:::vid_fYgtFNa0Ffc,train,cs-uk_UA
4,cs-uk_UA:::speech:::vid_gO2Xj7NBBMI,cs-de_DE:::speech:::vid_gO2Xj7NBBMI,train,cs-uk_UA
4,cs-uk_UA:::speech:::vid_hKkues3pJ_I,cs-de_DE:::speech:::vid_hKkues3pJ_I,train,cs-uk_UA
4,cs-uk_UA:::speech:::vid_lRfsfGBa0o0,cs-de_DE:::speech:::vid_lRfsfGBa0o0,train,cs-uk_UA
4,cs-uk_UA:::speech:::vid_mqKWUP7LqZA,cs-uk_UA:::speech:::vid_mqKWUP7LqZA,train,cs-uk_UA
4,cs-uk_UA:::speech:::vid_qLFOojSI2sY,cs-uk_UA:::speech:::vid_qLFOojSI2sY,train,cs-uk_UA
4,cs-uk_UA:::speech:::vid_qtDYwkk_BTI,cs-uk_UA:::speech:::vid_qtDYwkk_BTI,train,cs-uk_UA
4,cs-uk_UA:::speech:::vid_tCOeLB18d1s,cs-de_DE:::speech:::vid_tCOeLB18d1s,train,cs-uk_UA
4,cs-uk_UA:::speech:::vid_tYQUxfKatQ0,cs-de_DE:::speech:::vid_tYQUxfKatQ0,train,cs-uk_UA
4,cs-uk_UA:::speech:::vid_u54YM5vAsAM,cs-de_DE:::speech:::vid_u54YM5vAsAM,train,cs-uk_UA
4,cs-uk_UA:::speech:::vid_zZDVvZ8V_3g,cs-de_DE:::speech:::vid_zZDVvZ8V_3g,train,cs-uk_UA
4,cs-uk_UA:::edu:::edu08474,cs-de_DE:::edu:::edu08474,validation,cs-uk_UA
4,cs-uk_UA:::edu:::edu08478,cs-de_DE:::edu:::edu08478,validation,cs-uk_UA
4,cs-uk_UA:::edu:::edu08494,cs-de_DE:::edu:::edu08494,validation,cs-uk_UA
4,cs-uk_UA:::edu:::edu08510,cs-de_DE:::edu:::edu08510,validation,cs-uk_UA
4,cs-uk_UA:::edu:::edu08600,cs-de_DE:::edu:::edu08600,validation,cs-uk_UA
4,cs-uk_UA:::edu:::edu31632,cs-de_DE:::edu:::edu31632,validation,cs-uk_UA
4,cs-uk_UA:::edu:::edu31714,cs-uk_UA:::edu:::edu31714,validation,cs-uk_UA
4,cs-uk_UA:::edu:::edu33632,cs-de_DE:::edu:::edu33632,validation,cs-uk_UA
4,cs-uk_UA:::news:::ceska_televize-cs.156247,cs-de_DE:::news:::ceska_televize-cs.156247,validation,cs-uk_UA
4,cs-uk_UA:::news:::cesky_rozhlas-cs.188013,cs-de_DE:::news:::cesky_rozhlas-cs.188013,validation,cs-uk_UA
4,cs-uk_UA:::news:::ct24-cs.206310,cs-de_DE:::news:::ceska_televize-cs.156247,validation,cs-uk_UA
4,cs-uk_UA:::news:::radio_praha-cs.18143,cs-de_DE:::news:::radio_praha-cs.18143,validation,cs-uk_UA
4,cs-uk_UA:::news:::reflex.cz.16547,cs-de_DE:::news:::reflex.cz.16547,validation,cs-uk_UA
4,cs-uk_UA:::social:::social04,cs-de_DE:::social:::social04,validation,cs-uk_UA
4,cs-uk_UA:::social:::social08,cs-uk_UA:::social:::social08,validation,cs-uk_UA
4,cs-uk_UA:::social:::social27,cs-de_DE:::social:::social27,validation,cs-uk_UA
4,cs-uk_UA:::speech:::vid_-DTsEpAa6vY,cs-de_DE:::speech:::vid_-DTsEpAa6vY,validation,cs-uk_UA
4,cs-uk_UA:::speech:::vid_7AR-9Sd5R50,cs-de_DE:::speech:::vid_7AR-9Sd5R50,validation,cs-uk_UA
4,cs-uk_UA:::speech:::vid_IAX2-qArWKo,cs-de_DE:::speech:::vid_IAX2-qArWKo,validation,cs-uk_UA
4,cs-uk_UA:::speech:::vid_ddqRtXqCofI,cs-de_DE:::speech:::vid_ddqRtXqCofI,validation,cs-uk_UA
4,cs-uk_UA:::speech:::vid_id452FXpjYI,cs-uk_UA:::speech:::vid_id452FXpjYI,validation,cs-uk_UA
4,cs-uk_UA:::edu:::edu03620,cs-de_DE:::edu:::edu03620,test,cs-uk_UA
4,cs-uk_UA:::edu:::edu08486,cs-de_DE:::edu:::edu08486,test,cs-uk_UA
4,cs-uk_UA:::edu:::edu08504,cs-de_DE:::edu:::edu08504,test,cs-uk_UA
4,cs-uk_UA:::edu:::edu08606,cs-de_DE:::edu:::edu08606,test,cs-uk_UA
4,cs-uk_UA:::edu:::edu08774,cs-uk_UA:::edu:::edu08774,test,cs-uk_UA
4,cs-uk_UA:::edu:::edu31712,cs-de_DE:::edu:::edu31712,test,cs-uk_UA
4,cs-uk_UA:::edu:::edu32842,cs-uk_UA:::edu:::edu32842,test,cs-uk_UA
4,cs-uk_UA:::news:::blesk.cz.112043,cs-de_DE:::news:::blesk.cz.112043,test,cs-uk_UA
4,cs-uk_UA:::news:::ct24-cs.205423,cs-de_DE:::news:::ct24-cs.205423,test,cs-uk_UA
4,cs-uk_UA:::news:::metro-cs.25658,cs-uk_UA:::news:::metro-cs.25658,test,cs-uk_UA
4,cs-uk_UA:::news:::radio_praha-cs.18173,cs-de_DE:::news:::radio_praha-cs.18173,test,cs-uk_UA
4,cs-uk_UA:::social:::social01,cs-de_DE:::social:::social01,test,cs-uk_UA
4,cs-uk_UA:::social:::social11,cs-uk_UA:::social:::social11,test,cs-uk_UA
4,cs-uk_UA:::social:::social12,cs-de_DE:::social:::social12,test,cs-uk_UA
4,cs-uk_UA:::social:::social24,cs-de_DE:::social:::social24,test,cs-uk_UA
4,cs-uk_UA:::social:::social41,cs-de_DE:::social:::social41,test,cs-uk_UA
4,cs-uk_UA:::speech:::vid_0yfaR27UshY,cs-de_DE:::speech:::vid_0yfaR27UshY,test,cs-uk_UA
4,cs-uk_UA:::speech:::vid_AirO2DbyudQ,cs-uk_UA:::speech:::vid_AirO2DbyudQ,test,cs-uk_UA
4,cs-uk_UA:::speech:::vid_BNApYDC7OZQ,cs-de_DE:::speech:::vid_BNApYDC7OZQ,test,cs-uk_UA
4,cs-uk_UA:::speech:::vid_I3UGDXbIfxw,cs-de_DE:::speech:::vid_I3UGDXbIfxw,test,cs-uk_UA
4,cs-uk_UA:::speech:::vid_NKYvbkYphPs,cs-de_DE:::speech:::vid_NKYvbkYphPs,test,cs-uk_UA
4,cs-uk_UA:::speech:::vid__vz2e5l-gS4,cs-de_DE:::speech:::vid__vz2e5l-gS4,test,cs-uk_UA
4,cs-uk_UA:::speech:::vid_bLLiKHcuqFA,cs-uk_UA:::speech:::vid_bLLiKHcuqFA,test,cs-uk_UA
4,cs-uk_UA:::speech:::vid_lBYDRqvgeJc,cs-de_DE:::speech:::vid_lBYDRqvgeJc,test,cs-uk_UA
4,cs-uk_UA:::speech:::vid_obf3RbeGVoc,cs-uk_UA:::speech:::vid_obf3RbeGVoc,test,cs-uk_UA
4,cs-uk_UA:::speech:::vid_x9sY3-3dnas,cs-de_DE:::speech:::vid_x9sY3-3dnas,test,cs-uk_UA
5,cs-uk_UA:::edu:::edu03238,cs-uk_UA:::edu:::edu03238,train,cs-uk_UA
5,cs-uk_UA:::edu:::edu03240,cs-de_DE:::edu:::edu03240,train,cs-uk_UA
5,cs-uk_UA:::edu:::edu03620,cs-de_DE:::edu:::edu03620,train,cs-uk_UA
5,cs-uk_UA:::edu:::edu03628,cs-uk_UA:::edu:::edu03628,train,cs-uk_UA
5,cs-uk_UA:::edu:::edu08474,cs-de_DE:::edu:::edu08474,train,cs-uk_UA
5,cs-uk_UA:::edu:::edu08478,cs-de_DE:::edu:::edu08478,train,cs-uk_UA
5,cs-uk_UA:::edu:::edu08480,cs-de_DE:::edu:::edu08480,train,cs-uk_UA
5,cs-uk_UA:::edu:::edu08492,cs-de_DE:::edu:::edu08492,train,cs-uk_UA
5,cs-uk_UA:::edu:::edu08494,cs-de_DE:::edu:::edu08494,train,cs-uk_UA
5,cs-uk_UA:::edu:::edu08500,cs-de_DE:::edu:::edu08500,train,cs-uk_UA
5,cs-uk_UA:::edu:::edu08504,cs-de_DE:::edu:::edu08504,train,cs-uk_UA
5,cs-uk_UA:::edu:::edu08510,cs-de_DE:::edu:::edu08510,train,cs-uk_UA
5,cs-uk_UA:::edu:::edu08512,cs-de_DE:::edu:::edu08512,train,cs-uk_UA
5,cs-uk_UA:::edu:::edu08600,cs-de_DE:::edu:::edu08600,train,cs-uk_UA
5,cs-uk_UA:::edu:::edu08772,cs-de_DE:::edu:::edu08772,train,cs-uk_UA
5,cs-uk_UA:::edu:::edu08774,cs-uk_UA:::edu:::edu08774,train,cs-uk_UA
5,cs-uk_UA:::edu:::edu14788,cs-uk_UA:::edu:::edu14788,train,cs-uk_UA
5,cs-uk_UA:::edu:::edu14790,cs-uk_UA:::edu:::edu14790,train,cs-uk_UA
5,cs-uk_UA:::edu:::edu15020,cs-uk_UA:::edu:::edu15020,train,cs-uk_UA
5,cs-uk_UA:::edu:::edu30034,cs-de_DE:::edu:::edu30034,train,cs-uk_UA
5,cs-uk_UA:::edu:::edu31712,cs-de_DE:::edu:::edu31712,train,cs-uk_UA
5,cs-uk_UA:::edu:::edu32072,cs-de_DE:::edu:::edu32072,train,cs-uk_UA
5,cs-uk_UA:::edu:::edu32838,cs-de_DE:::edu:::edu32838,train,cs-uk_UA
5,cs-uk_UA:::edu:::edu32842,cs-uk_UA:::edu:::edu32842,train,cs-uk_UA
5,cs-uk_UA:::news:::aha-cs.32285,cs-uk_UA:::news:::aha-cs.32285,train,cs-uk_UA
5,cs-uk_UA:::news:::blesk.cz.112043,cs-de_DE:::news:::blesk.cz.112043,train,cs-uk_UA
5,cs-uk_UA:::news:::blesk.cz.112532,cs-de_DE:::news:::blesk.cz.112532,train,cs-uk_UA
5,cs-uk_UA:::news:::ceska_televize-cs.156247,cs-de_DE:::news:::ceska_televize-cs.156247,train,cs-uk_UA
5,cs-uk_UA:::news:::cesky_rozhlas-cs.187644,cs-uk_UA:::news:::cesky_rozhlas-cs.187644,train,cs-uk_UA
5,cs-uk_UA:::news:::cesky_rozhlas-cs.187682,cs-de_DE:::news:::cesky_rozhlas-cs.187682,train,cs-uk_UA
5,cs-uk_UA:::news:::ct24-cs.205423,cs-de_DE:::news:::ct24-cs.205423,train,cs-uk_UA
5,cs-uk_UA:::news:::ct24-cs.205786,cs-de_DE:::news:::ct24-cs.205786,train,cs-uk_UA
5,cs-uk_UA:::news:::ct24-cs.206310,cs-de_DE:::news:::ceska_televize-cs.156247,train,cs-uk_UA
5,cs-uk_UA:::news:::metro-cs.25658,cs-uk_UA:::news:::metro-cs.25658,train,cs-uk_UA
5,cs-uk_UA:::news:::radio_praha-cs.18143,cs-de_DE:::news:::radio_praha-cs.18143,train,cs-uk_UA
5,cs-uk_UA:::news:::radio_praha-cs.18173,cs-de_DE:::news:::radio_praha-cs.18173,train,cs-uk_UA
5,cs-uk_UA:::news:::radio_praha-cs.18223,cs-uk_UA:::news:::radio_praha-cs.18223,train,cs-uk_UA
5,cs-uk_UA:::news:::reflex.cz.16547,cs-de_DE:::news:::reflex.cz.16547,train,cs-uk_UA
5,cs-uk_UA:::news:::reflex.cz.16563,cs-de_DE:::news:::reflex.cz.16563,train,cs-uk_UA
5,cs-uk_UA:::news:::respekt-cs.11430,cs-uk_UA:::news:::respekt-cs.11430,train,cs-uk_UA
5,cs-uk_UA:::social:::social01,cs-de_DE:::social:::social01,train,cs-uk_UA
5,cs-uk_UA:::social:::social02,cs-de_DE:::social:::social02,train,cs-uk_UA
5,cs-uk_UA:::social:::social04,cs-de_DE:::social:::social04,train,cs-uk_UA
5,cs-uk_UA:::social:::social09,cs-de_DE:::social:::social09,train,cs-uk_UA
5,cs-uk_UA:::social:::social12,cs-de_DE:::social:::social12,train,cs-uk_UA
5,cs-uk_UA:::social:::social16,cs-de_DE:::social:::social16,train,cs-uk_UA
5,cs-uk_UA:::social:::social18,cs-de_DE:::social:::social18,train,cs-uk_UA
5,cs-uk_UA:::social:::social19,cs-uk_UA:::social:::social19,train,cs-uk_UA
5,cs-uk_UA:::social:::social24,cs-de_DE:::social:::social24,train,cs-uk_UA
5,cs-uk_UA:::social:::social27,cs-de_DE:::social:::social27,train,cs-uk_UA
5,cs-uk_UA:::social:::social29,cs-uk_UA:::social:::social29,train,cs-uk_UA
5,cs-uk_UA:::social:::social35,cs-de_DE:::social:::social35,train,cs-uk_UA
5,cs-uk_UA:::social:::social41,cs-de_DE:::social:::social41,train,cs-uk_UA
5,cs-uk_UA:::social:::social46,cs-de_DE:::social:::social46,train,cs-uk_UA
5,cs-uk_UA:::social:::social48,cs-de_DE:::social:::social48,train,cs-uk_UA
5,cs-uk_UA:::speech:::vid_-DTsEpAa6vY,cs-de_DE:::speech:::vid_-DTsEpAa6vY,train,cs-uk_UA
5,cs-uk_UA:::speech:::vid_0yfaR27UshY,cs-de_DE:::speech:::vid_0yfaR27UshY,train,cs-uk_UA
5,cs-uk_UA:::speech:::vid_3QlubgOA774,cs-de_DE:::speech:::vid_3QlubgOA774,train,cs-uk_UA
5,cs-uk_UA:::speech:::vid_7AR-9Sd5R50,cs-de_DE:::speech:::vid_7AR-9Sd5R50,train,cs-uk_UA
5,cs-uk_UA:::speech:::vid_83uzO97cy28,cs-de_DE:::speech:::vid_83uzO97cy28,train,cs-uk_UA
5,cs-uk_UA:::speech:::vid_AirO2DbyudQ,cs-uk_UA:::speech:::vid_AirO2DbyudQ,train,cs-uk_UA
5,cs-uk_UA:::speech:::vid_BNApYDC7OZQ,cs-de_DE:::speech:::vid_BNApYDC7OZQ,train,cs-uk_UA
5,cs-uk_UA:::speech:::vid_BQidTYlmyMw,cs-de_DE:::speech:::vid_BQidTYlmyMw,train,cs-uk_UA
5,cs-uk_UA:::speech:::vid_Dbei9GDQ5js,cs-de_DE:::speech:::vid_Dbei9GDQ5js,train,cs-uk_UA
5,cs-uk_UA:::speech:::vid_DmbQP3rlSh0,cs-de_DE:::speech:::vid_DmbQP3rlSh0,train,cs-uk_UA
5,cs-uk_UA:::speech:::vid_IAX2-qArWKo,cs-de_DE:::speech:::vid_IAX2-qArWKo,train,cs-uk_UA
5,cs-uk_UA:::speech:::vid_KL6WSkyezCw,cs-de_DE:::speech:::vid_KL6WSkyezCw,train,cs-uk_UA
5,cs-uk_UA:::speech:::vid_MFQScnI3mbE,cs-de_DE:::speech:::vid_MFQScnI3mbE,train,cs-uk_UA
5,cs-uk_UA:::speech:::vid_NKYvbkYphPs,cs-de_DE:::speech:::vid_NKYvbkYphPs,train,cs-uk_UA
5,cs-uk_UA:::speech:::vid_R7dIAr5IlSo,cs-uk_UA:::speech:::vid_R7dIAr5IlSo,train,cs-uk_UA
5,cs-uk_UA:::speech:::vid_WtGwubAR7cM,cs-uk_UA:::speech:::vid_WtGwubAR7cM,train,cs-uk_UA
5,cs-uk_UA:::speech:::vid_Y6QKUqCqDNI,cs-de_DE:::speech:::vid_Y6QKUqCqDNI,train,cs-uk_UA
5,cs-uk_UA:::speech:::vid__vz2e5l-gS4,cs-de_DE:::speech:::vid__vz2e5l-gS4,train,cs-uk_UA
5,cs-uk_UA:::speech:::vid_azvnUwpbmdo,cs-de_DE:::speech:::vid_azvnUwpbmdo,train,cs-uk_UA
5,cs-uk_UA:::speech:::vid_bLLiKHcuqFA,cs-uk_UA:::speech:::vid_bLLiKHcuqFA,train,cs-uk_UA
5,cs-uk_UA:::speech:::vid_ddqRtXqCofI,cs-de_DE:::speech:::vid_ddqRtXqCofI,train,cs-uk_UA
5,cs-uk_UA:::speech:::vid_gO2Xj7NBBMI,cs-de_DE:::speech:::vid_gO2Xj7NBBMI,train,cs-uk_UA
5,cs-uk_UA:::speech:::vid_id452FXpjYI,cs-uk_UA:::speech:::vid_id452FXpjYI,train,cs-uk_UA
5,cs-uk_UA:::speech:::vid_lRfsfGBa0o0,cs-de_DE:::speech:::vid_lRfsfGBa0o0,train,cs-uk_UA
5,cs-uk_UA:::speech:::vid_obf3RbeGVoc,cs-uk_UA:::speech:::vid_obf3RbeGVoc,train,cs-uk_UA
5,cs-uk_UA:::speech:::vid_qLFOojSI2sY,cs-uk_UA:::speech:::vid_qLFOojSI2sY,train,cs-uk_UA
5,cs-uk_UA:::speech:::vid_qtDYwkk_BTI,cs-uk_UA:::speech:::vid_qtDYwkk_BTI,train,cs-uk_UA
5,cs-uk_UA:::speech:::vid_tCOeLB18d1s,cs-de_DE:::speech:::vid_tCOeLB18d1s,train,cs-uk_UA
5,cs-uk_UA:::speech:::vid_tYQUxfKatQ0,cs-de_DE:::speech:::vid_tYQUxfKatQ0,train,cs-uk_UA
5,cs-uk_UA:::speech:::vid_x9sY3-3dnas,cs-de_DE:::speech:::vid_x9sY3-3dnas,train,cs-uk_UA
5,cs-uk_UA:::edu:::edu08486,cs-de_DE:::edu:::edu08486,validation,cs-uk_UA
5,cs-uk_UA:::edu:::edu08606,cs-de_DE:::edu:::edu08606,validation,cs-uk_UA
5,cs-uk_UA:::edu:::edu30538,cs-de_DE:::edu:::edu30538,validation,cs-uk_UA
5,cs-uk_UA:::edu:::edu33382,cs-uk_UA:::edu:::edu33382,validation,cs-uk_UA
5,cs-uk_UA:::edu:::edu33632,cs-de_DE:::edu:::edu33632,validation,cs-uk_UA
5,cs-uk_UA:::news:::ct24-cs.206403,cs-de_DE:::news:::ceska_televize-cs.156327,validation,cs-uk_UA
5,cs-uk_UA:::news:::ctk.cz.120672,cs-de_DE:::news:::ctk.cz.120672,validation,cs-uk_UA
5,cs-uk_UA:::news:::reflex.cz.16578,cs-de_DE:::news:::reflex.cz.16578,validation,cs-uk_UA
5,cs-uk_UA:::social:::social05,cs-uk_UA:::social:::social05,validation,cs-uk_UA
5,cs-uk_UA:::social:::social11,cs-uk_UA:::social:::social11,validation,cs-uk_UA
5,cs-uk_UA:::social:::social15,cs-de_DE:::social:::social15,validation,cs-uk_UA
5,cs-uk_UA:::social:::social28,cs-uk_UA:::social:::social28,validation,cs-uk_UA
5,cs-uk_UA:::social:::social34,cs-de_DE:::social:::social34,validation,cs-uk_UA
5,cs-uk_UA:::speech:::vid_I3UGDXbIfxw,cs-de_DE:::speech:::vid_I3UGDXbIfxw,validation,cs-uk_UA
5,cs-uk_UA:::speech:::vid_NxMnsb0JX24,cs-de_DE:::speech:::vid_NxMnsb0JX24,validation,cs-uk_UA
5,cs-uk_UA:::speech:::vid_XLX5vpC2VyQ,cs-de_DE:::speech:::vid_XLX5vpC2VyQ,validation,cs-uk_UA
5,cs-uk_UA:::speech:::vid_YzdPfuKfcEo,cs-uk_UA:::speech:::vid_YzdPfuKfcEo,validation,cs-uk_UA
5,cs-uk_UA:::speech:::vid_fYgtFNa0Ffc,cs-uk_UA:::speech:::vid_fYgtFNa0Ffc,validation,cs-uk_UA
5,cs-uk_UA:::speech:::vid_lBYDRqvgeJc,cs-de_DE:::speech:::vid_lBYDRqvgeJc,validation,cs-uk_UA
5,cs-uk_UA:::speech:::vid_zZDVvZ8V_3g,cs-de_DE:::speech:::vid_zZDVvZ8V_3g,validation,cs-uk_UA
5,cs-uk_UA:::edu:::edu03246,cs-de_DE:::edu:::edu03246,test,cs-uk_UA
5,cs-uk_UA:::edu:::edu05908,cs-uk_UA:::edu:::edu05908,test,cs-uk_UA
5,cs-uk_UA:::edu:::edu08482,cs-de_DE:::edu:::edu08482,test,cs-uk_UA
5,cs-uk_UA:::edu:::edu08502,cs-de_DE:::edu:::edu08502,test,cs-uk_UA
5,cs-uk_UA:::edu:::edu08602,cs-de_DE:::edu:::edu08602,test,cs-uk_UA
5,cs-uk_UA:::edu:::edu31632,cs-de_DE:::edu:::edu31632,test,cs-uk_UA
5,cs-uk_UA:::edu:::edu31714,cs-uk_UA:::edu:::edu31714,test,cs-uk_UA
5,cs-uk_UA:::edu:::edu34346,cs-de_DE:::edu:::edu34346,test,cs-uk_UA
5,cs-uk_UA:::news:::cesky_rozhlas-cs.188013,cs-de_DE:::news:::cesky_rozhlas-cs.188013,test,cs-uk_UA
5,cs-uk_UA:::news:::denik.cz.114223,cs-uk_UA:::news:::denik.cz.114223,test,cs-uk_UA
5,cs-uk_UA:::news:::radio_praha-cs.18156,cs-de_DE:::news:::radio_praha-cs.18156,test,cs-uk_UA
5,cs-uk_UA:::news:::respekt-cs.11394,cs-de_DE:::news:::respekt-cs.11394,test,cs-uk_UA
5,cs-uk_UA:::social:::social08,cs-uk_UA:::social:::social08,test,cs-uk_UA
5,cs-uk_UA:::social:::social10,cs-de_DE:::social:::social10,test,cs-uk_UA
5,cs-uk_UA:::social:::social20,cs-de_DE:::social:::social20,test,cs-uk_UA
5,cs-uk_UA:::social:::social31,cs-uk_UA:::social:::social31,test,cs-uk_UA
5,cs-uk_UA:::social:::social39,cs-de_DE:::social:::social39,test,cs-uk_UA
5,cs-uk_UA:::speech:::vid_0VTV_tXxpNM,cs-de_DE:::speech:::vid_0VTV_tXxpNM,test,cs-uk_UA
5,cs-uk_UA:::speech:::vid_Ank-5bMvM00,cs-de_DE:::speech:::vid_Ank-5bMvM00,test,cs-uk_UA
5,cs-uk_UA:::speech:::vid_Fy0e5GW53yc,cs-de_DE:::speech:::vid_Fy0e5GW53yc,test,cs-uk_UA
5,cs-uk_UA:::speech:::vid_MSr8pjfpbfY,cs-de_DE:::speech:::vid_MSr8pjfpbfY,test,cs-uk_UA
5,cs-uk_UA:::speech:::vid_ZXxro_HmJlM,cs-uk_UA:::speech:::vid_ZXxro_HmJlM,test,cs-uk_UA
5,cs-uk_UA:::speech:::vid__S6LhA4Edl8,cs-de_DE:::speech:::vid__S6LhA4Edl8,test,cs-uk_UA
5,cs-uk_UA:::speech:::vid_hKkues3pJ_I,cs-de_DE:::speech:::vid_hKkues3pJ_I,test,cs-uk_UA
5,cs-uk_UA:::speech:::vid_mqKWUP7LqZA,cs-uk_UA:::speech:::vid_mqKWUP7LqZA,test,cs-uk_UA
5,cs-uk_UA:::speech:::vid_u54YM5vAsAM,cs-de_DE:::speech:::vid_u54YM5vAsAM,test,cs-uk_UA
1,en-ar_EG:::news:::brisbanetimes.com.au.306576,en-ar_EG:::news:::brisbanetimes.com.au.306576,train,en-ar_EG
1,en-ar_EG:::news:::guardian.228996,en-ar_EG:::news:::guardian.228996,train,en-ar_EG
1,en-ar_EG:::news:::guardian.229703,en-ar_EG:::news:::guardian.229703,train,en-ar_EG
1,en-ar_EG:::news:::newrepublic.com.12619,en-ar_EG:::news:::newrepublic.com.12619,train,en-ar_EG
1,en-ar_EG:::news:::newrepublic.com.12623,en-ar_EG:::news:::newrepublic.com.12623,train,en-ar_EG
1,en-ar_EG:::news:::nytimes.154208,en-ar_EG:::news:::nytimes.154208,train,en-ar_EG
1,en-ar_EG:::social:::112502991207286008,en-ar_EG:::social:::112502991207286008,train,en-ar_EG
1,en-ar_EG:::social:::114174389242714730,en-ar_EG:::social:::114174389242714730,train,en-ar_EG
1,en-ar_EG:::social:::114300646822630777,en-ar_EG:::social:::114300646822630777,train,en-ar_EG
1,en-ar_EG:::speech:::vid_2cLeDVfEqG4,en-ar_EG:::speech:::vid_2cLeDVfEqG4,train,en-ar_EG
1,en-ar_EG:::speech:::vid_6dP6bHX73_k,en-ar_EG:::speech:::vid_6dP6bHX73_k,train,en-ar_EG
1,en-ar_EG:::speech:::vid_8GpZT9TJJAw,en-ar_EG:::speech:::vid_8GpZT9TJJAw,train,en-ar_EG
1,en-ar_EG:::speech:::vid_BrC0v6K3H4I,en-ar_EG:::speech:::vid_BrC0v6K3H4I,train,en-ar_EG
1,en-ar_EG:::speech:::vid_Ft41IG2BAG8,en-ar_EG:::speech:::vid_Ft41IG2BAG8,train,en-ar_EG
1,en-ar_EG:::speech:::vid_JIq55zBGNX4,en-ar_EG:::speech:::vid_JIq55zBGNX4,train,en-ar_EG
1,en-ar_EG:::speech:::vid_JoTLTGv8kqA,en-ar_EG:::speech:::vid_JoTLTGv8kqA,train,en-ar_EG
1,en-ar_EG:::speech:::vid_JpW9KlX1Pjs,en-ar_EG:::speech:::vid_JpW9KlX1Pjs,train,en-ar_EG
1,en-ar_EG:::speech:::vid_Lb7Dhf7oo4Y,en-ar_EG:::speech:::vid_Lb7Dhf7oo4Y,train,en-ar_EG
1,en-ar_EG:::speech:::vid_OmK3XTCDbbs,en-ar_EG:::speech:::vid_OmK3XTCDbbs,train,en-ar_EG
1,en-ar_EG:::speech:::vid_PJLN1kAzbyw,en-ar_EG:::speech:::vid_PJLN1kAzbyw,train,en-ar_EG
1,en-ar_EG:::speech:::vid_QgTkUWYd82M,en-ar_EG:::speech:::vid_QgTkUWYd82M,train,en-ar_EG
1,en-ar_EG:::speech:::vid_Qu8m9h-AC0I,en-ar_EG:::speech:::vid_Qu8m9h-AC0I,train,en-ar_EG
1,en-ar_EG:::speech:::vid_Si9CnnVI8sk,en-ar_EG:::speech:::vid_Si9CnnVI8sk,train,en-ar_EG
1,en-ar_EG:::speech:::vid_YNQ_7eV3WcE,en-ar_EG:::speech:::vid_YNQ_7eV3WcE,train,en-ar_EG
1,en-ar_EG:::speech:::vid_YTxmx8hyJtA,en-ar_EG:::speech:::vid_YTxmx8hyJtA,train,en-ar_EG
1,en-ar_EG:::speech:::vid_blR87HY5UPk,en-ar_EG:::speech:::vid_blR87HY5UPk,train,en-ar_EG
1,en-ar_EG:::speech:::vid_mDjddYiHd7A,en-ar_EG:::speech:::vid_mDjddYiHd7A,train,en-ar_EG
1,en-ar_EG:::speech:::vid_nNjtLybPRjM,en-ar_EG:::speech:::vid_nNjtLybPRjM,train,en-ar_EG
1,en-ar_EG:::speech:::vid_nU09s4CuaRg,en-ar_EG:::speech:::vid_nU09s4CuaRg,train,en-ar_EG
1,en-ar_EG:::speech:::vid_qhwgP27R4xw,en-ar_EG:::speech:::vid_qhwgP27R4xw,train,en-ar_EG
1,en-ar_EG:::speech:::vid_r-aI0JD0bCE,en-ar_EG:::speech:::vid_r-aI0JD0bCE,train,en-ar_EG
1,en-ar_EG:::speech:::vid_uB_fMAbhJwY,en-ar_EG:::speech:::vid_uB_fMAbhJwY,train,en-ar_EG
1,en-ar_EG:::news:::guardian.230238,en-ar_EG:::news:::guardian.230238,validation,en-ar_EG
1,en-ar_EG:::social:::114294867111841563,en-ar_EG:::social:::114294867111841563,validation,en-ar_EG
1,en-ar_EG:::social:::114417630342798842,en-ar_EG:::social:::114417630342798842,validation,en-ar_EG
1,en-ar_EG:::speech:::vid_3DI4-E5Imow,en-ar_EG:::speech:::vid_3DI4-E5Imow,validation,en-ar_EG
1,en-ar_EG:::speech:::vid_3vpEaAjDgtI,en-ar_EG:::speech:::vid_3vpEaAjDgtI,validation,en-ar_EG
1,en-ar_EG:::speech:::vid_8qZFupajBuo,en-ar_EG:::speech:::vid_8qZFupajBuo,validation,en-ar_EG
1,en-ar_EG:::speech:::vid_VnlWOV5Oj1c,en-ar_EG:::speech:::vid_VnlWOV5Oj1c,validation,en-ar_EG
1,en-ar_EG:::speech:::vid_rU8nY03Lo5s,en-ar_EG:::speech:::vid_rU8nY03Lo5s,validation,en-ar_EG
1,en-ar_EG:::literary:::rink_rats_chapter2,en-ar_EG:::literary:::rink_rats_chapter2,test,en-ar_EG
1,en-ar_EG:::news:::guardian.231311,en-ar_EG:::news:::guardian.231311,test,en-ar_EG
1,en-ar_EG:::social:::114151944720213193,en-ar_EG:::social:::114151944720213193,test,en-ar_EG
1,en-ar_EG:::speech:::vid_27keISTaqYw,en-ar_EG:::speech:::vid_27keISTaqYw,test,en-ar_EG
1,en-ar_EG:::speech:::vid_7Aw4Q46omiM,en-ar_EG:::speech:::vid_7Aw4Q46omiM,test,en-ar_EG
1,en-ar_EG:::speech:::vid_GYfhGLrrDts,en-ar_EG:::speech:::vid_GYfhGLrrDts,test,en-ar_EG
1,en-ar_EG:::speech:::vid_M7v3ZfP4fm0,en-ar_EG:::speech:::vid_M7v3ZfP4fm0,test,en-ar_EG
1,en-ar_EG:::speech:::vid_RIjzeZ1xk1c,en-ar_EG:::speech:::vid_RIjzeZ1xk1c,test,en-ar_EG
1,en-ar_EG:::speech:::vid__S0GOwEJXUA,en-ar_EG:::speech:::vid__S0GOwEJXUA,test,en-ar_EG
1,en-ar_EG:::speech:::vid_pykdLJtt9yk,en-ar_EG:::speech:::vid_pykdLJtt9yk,test,en-ar_EG
1,en-ar_EG:::speech:::vid_v2NNTNAXRWY,en-ar_EG:::speech:::vid_v2NNTNAXRWY,test,en-ar_EG
2,en-ar_EG:::literary:::rink_rats_chapter2,en-ar_EG:::literary:::rink_rats_chapter2,train,en-ar_EG
2,en-ar_EG:::news:::guardian.228996,en-ar_EG:::news:::guardian.228996,train,en-ar_EG
2,en-ar_EG:::news:::guardian.229703,en-ar_EG:::news:::guardian.229703,train,en-ar_EG
2,en-ar_EG:::news:::guardian.231311,en-ar_EG:::news:::guardian.231311,train,en-ar_EG
2,en-ar_EG:::news:::newrepublic.com.12619,en-ar_EG:::news:::newrepublic.com.12619,train,en-ar_EG
2,en-ar_EG:::news:::newrepublic.com.12623,en-ar_EG:::news:::newrepublic.com.12623,train,en-ar_EG
2,en-ar_EG:::news:::nytimes.154208,en-ar_EG:::news:::nytimes.154208,train,en-ar_EG
2,en-ar_EG:::social:::114151944720213193,en-ar_EG:::social:::114151944720213193,train,en-ar_EG
2,en-ar_EG:::social:::114174389242714730,en-ar_EG:::social:::114174389242714730,train,en-ar_EG
2,en-ar_EG:::social:::114294867111841563,en-ar_EG:::social:::114294867111841563,train,en-ar_EG
2,en-ar_EG:::social:::114300646822630777,en-ar_EG:::social:::114300646822630777,train,en-ar_EG
2,en-ar_EG:::speech:::vid_27keISTaqYw,en-ar_EG:::speech:::vid_27keISTaqYw,train,en-ar_EG
2,en-ar_EG:::speech:::vid_2cLeDVfEqG4,en-ar_EG:::speech:::vid_2cLeDVfEqG4,train,en-ar_EG
2,en-ar_EG:::speech:::vid_3vpEaAjDgtI,en-ar_EG:::speech:::vid_3vpEaAjDgtI,train,en-ar_EG
2,en-ar_EG:::speech:::vid_7Aw4Q46omiM,en-ar_EG:::speech:::vid_7Aw4Q46omiM,train,en-ar_EG
2,en-ar_EG:::speech:::vid_8GpZT9TJJAw,en-ar_EG:::speech:::vid_8GpZT9TJJAw,train,en-ar_EG
2,en-ar_EG:::speech:::vid_GYfhGLrrDts,en-ar_EG:::speech:::vid_GYfhGLrrDts,train,en-ar_EG
2,en-ar_EG:::speech:::vid_JIq55zBGNX4,en-ar_EG:::speech:::vid_JIq55zBGNX4,train,en-ar_EG
2,en-ar_EG:::speech:::vid_JoTLTGv8kqA,en-ar_EG:::speech:::vid_JoTLTGv8kqA,train,en-ar_EG
2,en-ar_EG:::speech:::vid_JpW9KlX1Pjs,en-ar_EG:::speech:::vid_JpW9KlX1Pjs,train,en-ar_EG
2,en-ar_EG:::speech:::vid_OmK3XTCDbbs,en-ar_EG:::speech:::vid_OmK3XTCDbbs,train,en-ar_EG
2,en-ar_EG:::speech:::vid_PJLN1kAzbyw,en-ar_EG:::speech:::vid_PJLN1kAzbyw,train,en-ar_EG
2,en-ar_EG:::speech:::vid_QgTkUWYd82M,en-ar_EG:::speech:::vid_QgTkUWYd82M,train,en-ar_EG
2,en-ar_EG:::speech:::vid_RIjzeZ1xk1c,en-ar_EG:::speech:::vid_RIjzeZ1xk1c,train,en-ar_EG
2,en-ar_EG:::speech:::vid_Si9CnnVI8sk,en-ar_EG:::speech:::vid_Si9CnnVI8sk,train,en-ar_EG
2,en-ar_EG:::speech:::vid_VnlWOV5Oj1c,en-ar_EG:::speech:::vid_VnlWOV5Oj1c,train,en-ar_EG
2,en-ar_EG:::speech:::vid_mDjddYiHd7A,en-ar_EG:::speech:::vid_mDjddYiHd7A,train,en-ar_EG
2,en-ar_EG:::speech:::vid_nNjtLybPRjM,en-ar_EG:::speech:::vid_nNjtLybPRjM,train,en-ar_EG
2,en-ar_EG:::speech:::vid_pykdLJtt9yk,en-ar_EG:::speech:::vid_pykdLJtt9yk,train,en-ar_EG
2,en-ar_EG:::speech:::vid_qhwgP27R4xw,en-ar_EG:::speech:::vid_qhwgP27R4xw,train,en-ar_EG
2,en-ar_EG:::speech:::vid_r-aI0JD0bCE,en-ar_EG:::speech:::vid_r-aI0JD0bCE,train,en-ar_EG
2,en-ar_EG:::speech:::vid_rU8nY03Lo5s,en-ar_EG:::speech:::vid_rU8nY03Lo5s,train,en-ar_EG
2,en-ar_EG:::speech:::vid_v2NNTNAXRWY,en-ar_EG:::speech:::vid_v2NNTNAXRWY,train,en-ar_EG
2,en-ar_EG:::news:::brisbanetimes.com.au.306576,en-ar_EG:::news:::brisbanetimes.com.au.306576,validation,en-ar_EG
2,en-ar_EG:::speech:::vid_3DI4-E5Imow,en-ar_EG:::speech:::vid_3DI4-E5Imow,validation,en-ar_EG
2,en-ar_EG:::speech:::vid_8qZFupajBuo,en-ar_EG:::speech:::vid_8qZFupajBuo,validation,en-ar_EG
2,en-ar_EG:::speech:::vid_BrC0v6K3H4I,en-ar_EG:::speech:::vid_BrC0v6K3H4I,validation,en-ar_EG
2,en-ar_EG:::speech:::vid_M7v3ZfP4fm0,en-ar_EG:::speech:::vid_M7v3ZfP4fm0,validation,en-ar_EG
2,en-ar_EG:::speech:::vid_YNQ_7eV3WcE,en-ar_EG:::speech:::vid_YNQ_7eV3WcE,validation,en-ar_EG
2,en-ar_EG:::speech:::vid__S0GOwEJXUA,en-ar_EG:::speech:::vid__S0GOwEJXUA,validation,en-ar_EG
2,en-ar_EG:::speech:::vid_blR87HY5UPk,en-ar_EG:::speech:::vid_blR87HY5UPk,validation,en-ar_EG
2,en-ar_EG:::news:::guardian.230238,en-ar_EG:::news:::guardian.230238,test,en-ar_EG
2,en-ar_EG:::social:::112502991207286008,en-ar_EG:::social:::112502991207286008,test,en-ar_EG
2,en-ar_EG:::social:::114417630342798842,en-ar_EG:::social:::114417630342798842,test,en-ar_EG
2,en-ar_EG:::speech:::vid_6dP6bHX73_k,en-ar_EG:::speech:::vid_6dP6bHX73_k,test,en-ar_EG
2,en-ar_EG:::speech:::vid_Ft41IG2BAG8,en-ar_EG:::speech:::vid_Ft41IG2BAG8,test,en-ar_EG
2,en-ar_EG:::speech:::vid_Lb7Dhf7oo4Y,en-ar_EG:::speech:::vid_Lb7Dhf7oo4Y,test,en-ar_EG
2,en-ar_EG:::speech:::vid_Qu8m9h-AC0I,en-ar_EG:::speech:::vid_Qu8m9h-AC0I,test,en-ar_EG
2,en-ar_EG:::speech:::vid_YTxmx8hyJtA,en-ar_EG:::speech:::vid_YTxmx8hyJtA,test,en-ar_EG
2,en-ar_EG:::speech:::vid_nU09s4CuaRg,en-ar_EG:::speech:::vid_nU09s4CuaRg,test,en-ar_EG
2,en-ar_EG:::speech:::vid_uB_fMAbhJwY,en-ar_EG:::speech:::vid_uB_fMAbhJwY,test,en-ar_EG
3,en-ar_EG:::literary:::rink_rats_chapter2,en-ar_EG:::literary:::rink_rats_chapter2,train,en-ar_EG
3,en-ar_EG:::news:::guardian.230238,en-ar_EG:::news:::guardian.230238,train,en-ar_EG
3,en-ar_EG:::news:::guardian.231311,en-ar_EG:::news:::guardian.231311,train,en-ar_EG
3,en-ar_EG:::news:::newrepublic.com.12623,en-ar_EG:::news:::newrepublic.com.12623,train,en-ar_EG
3,en-ar_EG:::social:::112502991207286008,en-ar_EG:::social:::112502991207286008,train,en-ar_EG
3,en-ar_EG:::social:::114151944720213193,en-ar_EG:::social:::114151944720213193,train,en-ar_EG
3,en-ar_EG:::social:::114174389242714730,en-ar_EG:::social:::114174389242714730,train,en-ar_EG
3,en-ar_EG:::social:::114294867111841563,en-ar_EG:::social:::114294867111841563,train,en-ar_EG
3,en-ar_EG:::social:::114417630342798842,en-ar_EG:::social:::114417630342798842,train,en-ar_EG
3,en-ar_EG:::speech:::vid_27keISTaqYw,en-ar_EG:::speech:::vid_27keISTaqYw,train,en-ar_EG
3,en-ar_EG:::speech:::vid_3DI4-E5Imow,en-ar_EG:::speech:::vid_3DI4-E5Imow,train,en-ar_EG
3,en-ar_EG:::speech:::vid_7Aw4Q46omiM,en-ar_EG:::speech:::vid_7Aw4Q46omiM,train,en-ar_EG
3,en-ar_EG:::speech:::vid_8qZFupajBuo,en-ar_EG:::speech:::vid_8qZFupajBuo,train,en-ar_EG
3,en-ar_EG:::speech:::vid_Ft41IG2BAG8,en-ar_EG:::speech:::vid_Ft41IG2BAG8,train,en-ar_EG
3,en-ar_EG:::speech:::vid_JIq55zBGNX4,en-ar_EG:::speech:::vid_JIq55zBGNX4,train,en-ar_EG
3,en-ar_EG:::speech:::vid_JoTLTGv8kqA,en-ar_EG:::speech:::vid_JoTLTGv8kqA,train,en-ar_EG
3,en-ar_EG:::speech:::vid_Lb7Dhf7oo4Y,en-ar_EG:::speech:::vid_Lb7Dhf7oo4Y,train,en-ar_EG
3,en-ar_EG:::speech:::vid_M7v3ZfP4fm0,en-ar_EG:::speech:::vid_M7v3ZfP4fm0,train,en-ar_EG
3,en-ar_EG:::speech:::vid_OmK3XTCDbbs,en-ar_EG:::speech:::vid_OmK3XTCDbbs,train,en-ar_EG
3,en-ar_EG:::speech:::vid_PJLN1kAzbyw,en-ar_EG:::speech:::vid_PJLN1kAzbyw,train,en-ar_EG
3,en-ar_EG:::speech:::vid_Qu8m9h-AC0I,en-ar_EG:::speech:::vid_Qu8m9h-AC0I,train,en-ar_EG
3,en-ar_EG:::speech:::vid_RIjzeZ1xk1c,en-ar_EG:::speech:::vid_RIjzeZ1xk1c,train,en-ar_EG
3,en-ar_EG:::speech:::vid_Si9CnnVI8sk,en-ar_EG:::speech:::vid_Si9CnnVI8sk,train,en-ar_EG
3,en-ar_EG:::speech:::vid_YTxmx8hyJtA,en-ar_EG:::speech:::vid_YTxmx8hyJtA,train,en-ar_EG
3,en-ar_EG:::speech:::vid__S0GOwEJXUA,en-ar_EG:::speech:::vid__S0GOwEJXUA,train,en-ar_EG
3,en-ar_EG:::speech:::vid_blR87HY5UPk,en-ar_EG:::speech:::vid_blR87HY5UPk,train,en-ar_EG
3,en-ar_EG:::speech:::vid_mDjddYiHd7A,en-ar_EG:::speech:::vid_mDjddYiHd7A,train,en-ar_EG
3,en-ar_EG:::speech:::vid_nU09s4CuaRg,en-ar_EG:::speech:::vid_nU09s4CuaRg,train,en-ar_EG
3,en-ar_EG:::speech:::vid_pykdLJtt9yk,en-ar_EG:::speech:::vid_pykdLJtt9yk,train,en-ar_EG
3,en-ar_EG:::speech:::vid_qhwgP27R4xw,en-ar_EG:::speech:::vid_qhwgP27R4xw,train,en-ar_EG
3,en-ar_EG:::speech:::vid_r-aI0JD0bCE,en-ar_EG:::speech:::vid_r-aI0JD0bCE,train,en-ar_EG
3,en-ar_EG:::speech:::vid_uB_fMAbhJwY,en-ar_EG:::speech:::vid_uB_fMAbhJwY,train,en-ar_EG
3,en-ar_EG:::speech:::vid_v2NNTNAXRWY,en-ar_EG:::speech:::vid_v2NNTNAXRWY,train,en-ar_EG
3,en-ar_EG:::news:::brisbanetimes.com.au.306576,en-ar_EG:::news:::brisbanetimes.com.au.306576,validation,en-ar_EG
3,en-ar_EG:::news:::guardian.228996,en-ar_EG:::news:::guardian.228996,validation,en-ar_EG
3,en-ar_EG:::news:::newrepublic.com.12619,en-ar_EG:::news:::newrepublic.com.12619,validation,en-ar_EG
3,en-ar_EG:::speech:::vid_2cLeDVfEqG4,en-ar_EG:::speech:::vid_2cLeDVfEqG4,validation,en-ar_EG
3,en-ar_EG:::speech:::vid_6dP6bHX73_k,en-ar_EG:::speech:::vid_6dP6bHX73_k,validation,en-ar_EG
3,en-ar_EG:::speech:::vid_8GpZT9TJJAw,en-ar_EG:::speech:::vid_8GpZT9TJJAw,validation,en-ar_EG
3,en-ar_EG:::speech:::vid_GYfhGLrrDts,en-ar_EG:::speech:::vid_GYfhGLrrDts,validation,en-ar_EG
3,en-ar_EG:::speech:::vid_VnlWOV5Oj1c,en-ar_EG:::speech:::vid_VnlWOV5Oj1c,validation,en-ar_EG
3,en-ar_EG:::news:::guardian.229703,en-ar_EG:::news:::guardian.229703,test,en-ar_EG
3,en-ar_EG:::news:::nytimes.154208,en-ar_EG:::news:::nytimes.154208,test,en-ar_EG
3,en-ar_EG:::social:::114300646822630777,en-ar_EG:::social:::114300646822630777,test,en-ar_EG
3,en-ar_EG:::speech:::vid_3vpEaAjDgtI,en-ar_EG:::speech:::vid_3vpEaAjDgtI,test,en-ar_EG
3,en-ar_EG:::speech:::vid_BrC0v6K3H4I,en-ar_EG:::speech:::vid_BrC0v6K3H4I,test,en-ar_EG
3,en-ar_EG:::speech:::vid_JpW9KlX1Pjs,en-ar_EG:::speech:::vid_JpW9KlX1Pjs,test,en-ar_EG
3,en-ar_EG:::speech:::vid_QgTkUWYd82M,en-ar_EG:::speech:::vid_QgTkUWYd82M,test,en-ar_EG
3,en-ar_EG:::speech:::vid_YNQ_7eV3WcE,en-ar_EG:::speech:::vid_YNQ_7eV3WcE,test,en-ar_EG
3,en-ar_EG:::speech:::vid_nNjtLybPRjM,en-ar_EG:::speech:::vid_nNjtLybPRjM,test,en-ar_EG
3,en-ar_EG:::speech:::vid_rU8nY03Lo5s,en-ar_EG:::speech:::vid_rU8nY03Lo5s,test,en-ar_EG
4,en-ar_EG:::literary:::rink_rats_chapter2,en-ar_EG:::literary:::rink_rats_chapter2,train,en-ar_EG
4,en-ar_EG:::news:::brisbanetimes.com.au.306576,en-ar_EG:::news:::brisbanetimes.com.au.306576,train,en-ar_EG
4,en-ar_EG:::news:::guardian.229703,en-ar_EG:::news:::guardian.229703,train,en-ar_EG
4,en-ar_EG:::news:::guardian.230238,en-ar_EG:::news:::guardian.230238,train,en-ar_EG
4,en-ar_EG:::news:::guardian.231311,en-ar_EG:::news:::guardian.231311,train,en-ar_EG
4,en-ar_EG:::news:::newrepublic.com.12619,en-ar_EG:::news:::newrepublic.com.12619,train,en-ar_EG
4,en-ar_EG:::news:::nytimes.154208,en-ar_EG:::news:::nytimes.154208,train,en-ar_EG
4,en-ar_EG:::social:::112502991207286008,en-ar_EG:::social:::112502991207286008,train,en-ar_EG
4,en-ar_EG:::social:::114151944720213193,en-ar_EG:::social:::114151944720213193,train,en-ar_EG
4,en-ar_EG:::social:::114174389242714730,en-ar_EG:::social:::114174389242714730,train,en-ar_EG
4,en-ar_EG:::social:::114300646822630777,en-ar_EG:::social:::114300646822630777,train,en-ar_EG
4,en-ar_EG:::speech:::vid_2cLeDVfEqG4,en-ar_EG:::speech:::vid_2cLeDVfEqG4,train,en-ar_EG
4,en-ar_EG:::speech:::vid_3vpEaAjDgtI,en-ar_EG:::speech:::vid_3vpEaAjDgtI,train,en-ar_EG
4,en-ar_EG:::speech:::vid_6dP6bHX73_k,en-ar_EG:::speech:::vid_6dP6bHX73_k,train,en-ar_EG
4,en-ar_EG:::speech:::vid_7Aw4Q46omiM,en-ar_EG:::speech:::vid_7Aw4Q46omiM,train,en-ar_EG
4,en-ar_EG:::speech:::vid_BrC0v6K3H4I,en-ar_EG:::speech:::vid_BrC0v6K3H4I,train,en-ar_EG
4,en-ar_EG:::speech:::vid_Ft41IG2BAG8,en-ar_EG:::speech:::vid_Ft41IG2BAG8,train,en-ar_EG
4,en-ar_EG:::speech:::vid_GYfhGLrrDts,en-ar_EG:::speech:::vid_GYfhGLrrDts,train,en-ar_EG
4,en-ar_EG:::speech:::vid_JpW9KlX1Pjs,en-ar_EG:::speech:::vid_JpW9KlX1Pjs,train,en-ar_EG
4,en-ar_EG:::speech:::vid_Lb7Dhf7oo4Y,en-ar_EG:::speech:::vid_Lb7Dhf7oo4Y,train,en-ar_EG
4,en-ar_EG:::speech:::vid_M7v3ZfP4fm0,en-ar_EG:::speech:::vid_M7v3ZfP4fm0,train,en-ar_EG
4,en-ar_EG:::speech:::vid_OmK3XTCDbbs,en-ar_EG:::speech:::vid_OmK3XTCDbbs,train,en-ar_EG
4,en-ar_EG:::speech:::vid_Si9CnnVI8sk,en-ar_EG:::speech:::vid_Si9CnnVI8sk,train,en-ar_EG
4,en-ar_EG:::speech:::vid_YNQ_7eV3WcE,en-ar_EG:::speech:::vid_YNQ_7eV3WcE,train,en-ar_EG
4,en-ar_EG:::speech:::vid__S0GOwEJXUA,en-ar_EG:::speech:::vid__S0GOwEJXUA,train,en-ar_EG
4,en-ar_EG:::speech:::vid_blR87HY5UPk,en-ar_EG:::speech:::vid_blR87HY5UPk,train,en-ar_EG
4,en-ar_EG:::speech:::vid_nNjtLybPRjM,en-ar_EG:::speech:::vid_nNjtLybPRjM,train,en-ar_EG
4,en-ar_EG:::speech:::vid_nU09s4CuaRg,en-ar_EG:::speech:::vid_nU09s4CuaRg,train,en-ar_EG
4,en-ar_EG:::speech:::vid_pykdLJtt9yk,en-ar_EG:::speech:::vid_pykdLJtt9yk,train,en-ar_EG
4,en-ar_EG:::speech:::vid_qhwgP27R4xw,en-ar_EG:::speech:::vid_qhwgP27R4xw,train,en-ar_EG
4,en-ar_EG:::speech:::vid_rU8nY03Lo5s,en-ar_EG:::speech:::vid_rU8nY03Lo5s,train,en-ar_EG
4,en-ar_EG:::speech:::vid_uB_fMAbhJwY,en-ar_EG:::speech:::vid_uB_fMAbhJwY,train,en-ar_EG
4,en-ar_EG:::speech:::vid_v2NNTNAXRWY,en-ar_EG:::speech:::vid_v2NNTNAXRWY,train,en-ar_EG
4,en-ar_EG:::social:::114417630342798842,en-ar_EG:::social:::114417630342798842,validation,en-ar_EG
4,en-ar_EG:::speech:::vid_27keISTaqYw,en-ar_EG:::speech:::vid_27keISTaqYw,validation,en-ar_EG
4,en-ar_EG:::speech:::vid_8GpZT9TJJAw,en-ar_EG:::speech:::vid_8GpZT9TJJAw,validation,en-ar_EG
4,en-ar_EG:::speech:::vid_JIq55zBGNX4,en-ar_EG:::speech:::vid_JIq55zBGNX4,validation,en-ar_EG
4,en-ar_EG:::speech:::vid_QgTkUWYd82M,en-ar_EG:::speech:::vid_QgTkUWYd82M,validation,en-ar_EG
4,en-ar_EG:::speech:::vid_Qu8m9h-AC0I,en-ar_EG:::speech:::vid_Qu8m9h-AC0I,validation,en-ar_EG
4,en-ar_EG:::speech:::vid_RIjzeZ1xk1c,en-ar_EG:::speech:::vid_RIjzeZ1xk1c,validation,en-ar_EG
4,en-ar_EG:::speech:::vid_YTxmx8hyJtA,en-ar_EG:::speech:::vid_YTxmx8hyJtA,validation,en-ar_EG
4,en-ar_EG:::news:::guardian.228996,en-ar_EG:::news:::guardian.228996,test,en-ar_EG
4,en-ar_EG:::news:::newrepublic.com.12623,en-ar_EG:::news:::newrepublic.com.12623,test,en-ar_EG
4,en-ar_EG:::social:::114294867111841563,en-ar_EG:::social:::114294867111841563,test,en-ar_EG
4,en-ar_EG:::speech:::vid_3DI4-E5Imow,en-ar_EG:::speech:::vid_3DI4-E5Imow,test,en-ar_EG
4,en-ar_EG:::speech:::vid_8qZFupajBuo,en-ar_EG:::speech:::vid_8qZFupajBuo,test,en-ar_EG
4,en-ar_EG:::speech:::vid_JoTLTGv8kqA,en-ar_EG:::speech:::vid_JoTLTGv8kqA,test,en-ar_EG
4,en-ar_EG:::speech:::vid_PJLN1kAzbyw,en-ar_EG:::speech:::vid_PJLN1kAzbyw,test,en-ar_EG
4,en-ar_EG:::speech:::vid_VnlWOV5Oj1c,en-ar_EG:::speech:::vid_VnlWOV5Oj1c,test,en-ar_EG
4,en-ar_EG:::speech:::vid_mDjddYiHd7A,en-ar_EG:::speech:::vid_mDjddYiHd7A,test,en-ar_EG
4,en-ar_EG:::speech:::vid_r-aI0JD0bCE,en-ar_EG:::speech:::vid_r-aI0JD0bCE,test,en-ar_EG
5,en-ar_EG:::literary:::rink_rats_chapter2,en-ar_EG:::literary:::rink_rats_chapter2,train,en-ar_EG
5,en-ar_EG:::news:::guardian.229703,en-ar_EG:::news:::guardian.229703,train,en-ar_EG
5,en-ar_EG:::news:::guardian.230238,en-ar_EG:::news:::guardian.230238,train,en-ar_EG
5,en-ar_EG:::news:::guardian.231311,en-ar_EG:::news:::guardian.231311,train,en-ar_EG
5,en-ar_EG:::news:::newrepublic.com.12623,en-ar_EG:::news:::newrepublic.com.12623,train,en-ar_EG
5,en-ar_EG:::news:::nytimes.154208,en-ar_EG:::news:::nytimes.154208,train,en-ar_EG
5,en-ar_EG:::social:::114151944720213193,en-ar_EG:::social:::114151944720213193,train,en-ar_EG
5,en-ar_EG:::social:::114294867111841563,en-ar_EG:::social:::114294867111841563,train,en-ar_EG
5,en-ar_EG:::social:::114300646822630777,en-ar_EG:::social:::114300646822630777,train,en-ar_EG
5,en-ar_EG:::social:::114417630342798842,en-ar_EG:::social:::114417630342798842,train,en-ar_EG
5,en-ar_EG:::speech:::vid_3DI4-E5Imow,en-ar_EG:::speech:::vid_3DI4-E5Imow,train,en-ar_EG
5,en-ar_EG:::speech:::vid_3vpEaAjDgtI,en-ar_EG:::speech:::vid_3vpEaAjDgtI,train,en-ar_EG
5,en-ar_EG:::speech:::vid_7Aw4Q46omiM,en-ar_EG:::speech:::vid_7Aw4Q46omiM,train,en-ar_EG
5,en-ar_EG:::speech:::vid_8qZFupajBuo,en-ar_EG:::speech:::vid_8qZFupajBuo,train,en-ar_EG
5,en-ar_EG:::speech:::vid_BrC0v6K3H4I,en-ar_EG:::speech:::vid_BrC0v6K3H4I,train,en-ar_EG
5,en-ar_EG:::speech:::vid_JoTLTGv8kqA,en-ar_EG:::speech:::vid_JoTLTGv8kqA,train,en-ar_EG
5,en-ar_EG:::speech:::vid_Lb7Dhf7oo4Y,en-ar_EG:::speech:::vid_Lb7Dhf7oo4Y,train,en-ar_EG
5,en-ar_EG:::speech:::vid_M7v3ZfP4fm0,en-ar_EG:::speech:::vid_M7v3ZfP4fm0,train,en-ar_EG
5,en-ar_EG:::speech:::vid_QgTkUWYd82M,en-ar_EG:::speech:::vid_QgTkUWYd82M,train,en-ar_EG
5,en-ar_EG:::speech:::vid_Qu8m9h-AC0I,en-ar_EG:::speech:::vid_Qu8m9h-AC0I,train,en-ar_EG
5,en-ar_EG:::speech:::vid_RIjzeZ1xk1c,en-ar_EG:::speech:::vid_RIjzeZ1xk1c,train,en-ar_EG
5,en-ar_EG:::speech:::vid_VnlWOV5Oj1c,en-ar_EG:::speech:::vid_VnlWOV5Oj1c,train,en-ar_EG
5,en-ar_EG:::speech:::vid_YNQ_7eV3WcE,en-ar_EG:::speech:::vid_YNQ_7eV3WcE,train,en-ar_EG
5,en-ar_EG:::speech:::vid_YTxmx8hyJtA,en-ar_EG:::speech:::vid_YTxmx8hyJtA,train,en-ar_EG
5,en-ar_EG:::speech:::vid__S0GOwEJXUA,en-ar_EG:::speech:::vid__S0GOwEJXUA,train,en-ar_EG
5,en-ar_EG:::speech:::vid_mDjddYiHd7A,en-ar_EG:::speech:::vid_mDjddYiHd7A,train,en-ar_EG
5,en-ar_EG:::speech:::vid_nNjtLybPRjM,en-ar_EG:::speech:::vid_nNjtLybPRjM,train,en-ar_EG
5,en-ar_EG:::speech:::vid_nU09s4CuaRg,en-ar_EG:::speech:::vid_nU09s4CuaRg,train,en-ar_EG
5,en-ar_EG:::speech:::vid_pykdLJtt9yk,en-ar_EG:::speech:::vid_pykdLJtt9yk,train,en-ar_EG
5,en-ar_EG:::speech:::vid_r-aI0JD0bCE,en-ar_EG:::speech:::vid_r-aI0JD0bCE,train,en-ar_EG
5,en-ar_EG:::speech:::vid_rU8nY03Lo5s,en-ar_EG:::speech:::vid_rU8nY03Lo5s,train,en-ar_EG
5,en-ar_EG:::speech:::vid_uB_fMAbhJwY,en-ar_EG:::speech:::vid_uB_fMAbhJwY,train,en-ar_EG
5,en-ar_EG:::speech:::vid_v2NNTNAXRWY,en-ar_EG:::speech:::vid_v2NNTNAXRWY,train,en-ar_EG
5,en-ar_EG:::news:::guardian.228996,en-ar_EG:::news:::guardian.228996,validation,en-ar_EG
5,en-ar_EG:::social:::112502991207286008,en-ar_EG:::social:::112502991207286008,validation,en-ar_EG
5,en-ar_EG:::speech:::vid_27keISTaqYw,en-ar_EG:::speech:::vid_27keISTaqYw,validation,en-ar_EG
5,en-ar_EG:::speech:::vid_6dP6bHX73_k,en-ar_EG:::speech:::vid_6dP6bHX73_k,validation,en-ar_EG
5,en-ar_EG:::speech:::vid_Ft41IG2BAG8,en-ar_EG:::speech:::vid_Ft41IG2BAG8,validation,en-ar_EG
5,en-ar_EG:::speech:::vid_GYfhGLrrDts,en-ar_EG:::speech:::vid_GYfhGLrrDts,validation,en-ar_EG
5,en-ar_EG:::speech:::vid_JpW9KlX1Pjs,en-ar_EG:::speech:::vid_JpW9KlX1Pjs,validation,en-ar_EG
5,en-ar_EG:::speech:::vid_PJLN1kAzbyw,en-ar_EG:::speech:::vid_PJLN1kAzbyw,validation,en-ar_EG
5,en-ar_EG:::news:::brisbanetimes.com.au.306576,en-ar_EG:::news:::brisbanetimes.com.au.306576,test,en-ar_EG
5,en-ar_EG:::news:::newrepublic.com.12619,en-ar_EG:::news:::newrepublic.com.12619,test,en-ar_EG
5,en-ar_EG:::social:::114174389242714730,en-ar_EG:::social:::114174389242714730,test,en-ar_EG
5,en-ar_EG:::speech:::vid_2cLeDVfEqG4,en-ar_EG:::speech:::vid_2cLeDVfEqG4,test,en-ar_EG
5,en-ar_EG:::speech:::vid_8GpZT9TJJAw,en-ar_EG:::speech:::vid_8GpZT9TJJAw,test,en-ar_EG
5,en-ar_EG:::speech:::vid_JIq55zBGNX4,en-ar_EG:::speech:::vid_JIq55zBGNX4,test,en-ar_EG
5,en-ar_EG:::speech:::vid_OmK3XTCDbbs,en-ar_EG:::speech:::vid_OmK3XTCDbbs,test,en-ar_EG
5,en-ar_EG:::speech:::vid_Si9CnnVI8sk,en-ar_EG:::speech:::vid_Si9CnnVI8sk,test,en-ar_EG
5,en-ar_EG:::speech:::vid_blR87HY5UPk,en-ar_EG:::speech:::vid_blR87HY5UPk,test,en-ar_EG
5,en-ar_EG:::speech:::vid_qhwgP27R4xw,en-ar_EG:::speech:::vid_qhwgP27R4xw,test,en-ar_EG
1,en-bho_IN:::literary:::rink_rats_chapter2,en-ar_EG:::literary:::rink_rats_chapter2,train,en-bho_IN
1,en-bho_IN:::news:::brisbanetimes.com.au.306576,en-ar_EG:::news:::brisbanetimes.com.au.306576,train,en-bho_IN
1,en-bho_IN:::news:::guardian.228996,en-ar_EG:::news:::guardian.228996,train,en-bho_IN
1,en-bho_IN:::news:::guardian.230737,en-bho_IN:::news:::guardian.230737,train,en-bho_IN
1,en-bho_IN:::news:::newrepublic.com.12619,en-ar_EG:::news:::newrepublic.com.12619,train,en-bho_IN
1,en-bho_IN:::news:::newrepublic.com.12623,en-ar_EG:::news:::newrepublic.com.12623,train,en-bho_IN
1,en-bho_IN:::news:::nytimes.153341,en-bho_IN:::news:::nytimes.153341,train,en-bho_IN
1,en-bho_IN:::social:::112502991207286008,en-ar_EG:::social:::112502991207286008,train,en-bho_IN
1,en-bho_IN:::social:::114151944720213193,en-ar_EG:::social:::114151944720213193,train,en-bho_IN
1,en-bho_IN:::social:::114300646822630777,en-ar_EG:::social:::114300646822630777,train,en-bho_IN
1,en-bho_IN:::speech:::vid_27keISTaqYw,en-ar_EG:::speech:::vid_27keISTaqYw,train,en-bho_IN
1,en-bho_IN:::speech:::vid_2qWfOH69wGU,en-bho_IN:::speech:::vid_2qWfOH69wGU,train,en-bho_IN
1,en-bho_IN:::speech:::vid_3vpEaAjDgtI,en-ar_EG:::speech:::vid_3vpEaAjDgtI,train,en-bho_IN
1,en-bho_IN:::speech:::vid_8GpZT9TJJAw,en-ar_EG:::speech:::vid_8GpZT9TJJAw,train,en-bho_IN
1,en-bho_IN:::speech:::vid_8I8msBYGNR4,en-bho_IN:::speech:::vid_8I8msBYGNR4,train,en-bho_IN
1,en-bho_IN:::speech:::vid_AJlp_obQgq8,en-bho_IN:::speech:::vid_AJlp_obQgq8,train,en-bho_IN
1,en-bho_IN:::speech:::vid_BuaGgQdFI-o,en-bho_IN:::speech:::vid_BuaGgQdFI-o,train,en-bho_IN
1,en-bho_IN:::speech:::vid_GYfhGLrrDts,en-ar_EG:::speech:::vid_GYfhGLrrDts,train,en-bho_IN
1,en-bho_IN:::speech:::vid_JoTLTGv8kqA,en-ar_EG:::speech:::vid_JoTLTGv8kqA,train,en-bho_IN
1,en-bho_IN:::speech:::vid_JpW9KlX1Pjs,en-ar_EG:::speech:::vid_JpW9KlX1Pjs,train,en-bho_IN
1,en-bho_IN:::speech:::vid_M7v3ZfP4fm0,en-ar_EG:::speech:::vid_M7v3ZfP4fm0,train,en-bho_IN
1,en-bho_IN:::speech:::vid_OXHLjswiGeI,en-bho_IN:::speech:::vid_OXHLjswiGeI,train,en-bho_IN
1,en-bho_IN:::speech:::vid_OmK3XTCDbbs,en-ar_EG:::speech:::vid_OmK3XTCDbbs,train,en-bho_IN
1,en-bho_IN:::speech:::vid_PJLN1kAzbyw,en-ar_EG:::speech:::vid_PJLN1kAzbyw,train,en-bho_IN
1,en-bho_IN:::speech:::vid_Qu8m9h-AC0I,en-ar_EG:::speech:::vid_Qu8m9h-AC0I,train,en-bho_IN
1,en-bho_IN:::speech:::vid_YTxmx8hyJtA,en-ar_EG:::speech:::vid_YTxmx8hyJtA,train,en-bho_IN
1,en-bho_IN:::speech:::vid__S0GOwEJXUA,en-ar_EG:::speech:::vid__S0GOwEJXUA,train,en-bho_IN
1,en-bho_IN:::speech:::vid_fWRlPSl5itQ,en-bho_IN:::speech:::vid_fWRlPSl5itQ,train,en-bho_IN
1,en-bho_IN:::speech:::vid_mDjddYiHd7A,en-ar_EG:::speech:::vid_mDjddYiHd7A,train,en-bho_IN
1,en-bho_IN:::speech:::vid_nNjtLybPRjM,en-ar_EG:::speech:::vid_nNjtLybPRjM,train,en-bho_IN
1,en-bho_IN:::speech:::vid_rU8nY03Lo5s,en-ar_EG:::speech:::vid_rU8nY03Lo5s,train,en-bho_IN
1,en-bho_IN:::speech:::vid_u2JNW0Ftyzg,en-bho_IN:::speech:::vid_u2JNW0Ftyzg,train,en-bho_IN
1,en-bho_IN:::news:::guardian.229703,en-ar_EG:::news:::guardian.229703,validation,en-bho_IN
1,en-bho_IN:::social:::114417630342798842,en-ar_EG:::social:::114417630342798842,validation,en-bho_IN
1,en-bho_IN:::speech:::vid_2cLeDVfEqG4,en-ar_EG:::speech:::vid_2cLeDVfEqG4,validation,en-bho_IN
1,en-bho_IN:::speech:::vid_6dP6bHX73_k,en-ar_EG:::speech:::vid_6dP6bHX73_k,validation,en-bho_IN
1,en-bho_IN:::speech:::vid_7Aw4Q46omiM,en-ar_EG:::speech:::vid_7Aw4Q46omiM,validation,en-bho_IN
1,en-bho_IN:::speech:::vid_JIq55zBGNX4,en-ar_EG:::speech:::vid_JIq55zBGNX4,validation,en-bho_IN
1,en-bho_IN:::speech:::vid_n-mmxFdva4w,en-bho_IN:::speech:::vid_n-mmxFdva4w,validation,en-bho_IN
1,en-bho_IN:::speech:::vid_v2NNTNAXRWY,en-ar_EG:::speech:::vid_v2NNTNAXRWY,validation,en-bho_IN
1,en-bho_IN:::news:::guardian.231311,en-ar_EG:::news:::guardian.231311,test,en-bho_IN
1,en-bho_IN:::social:::114157282362077575,en-bho_IN:::social:::114157282362077575,test,en-bho_IN
1,en-bho_IN:::social:::114174389242714730,en-ar_EG:::social:::114174389242714730,test,en-bho_IN
1,en-bho_IN:::speech:::vid_3DI4-E5Imow,en-ar_EG:::speech:::vid_3DI4-E5Imow,test,en-bho_IN
1,en-bho_IN:::speech:::vid_8qZFupajBuo,en-ar_EG:::speech:::vid_8qZFupajBuo,test,en-bho_IN
1,en-bho_IN:::speech:::vid_Lb7Dhf7oo4Y,en-ar_EG:::speech:::vid_Lb7Dhf7oo4Y,test,en-bho_IN
1,en-bho_IN:::speech:::vid_MK9b8_2DwLY,en-bho_IN:::speech:::vid_MK9b8_2DwLY,test,en-bho_IN
1,en-bho_IN:::speech:::vid_RIjzeZ1xk1c,en-ar_EG:::speech:::vid_RIjzeZ1xk1c,test,en-bho_IN
1,en-bho_IN:::speech:::vid_qhwgP27R4xw,en-ar_EG:::speech:::vid_qhwgP27R4xw,test,en-bho_IN
1,en-bho_IN:::speech:::vid_x48axn9yc9k,en-bho_IN:::speech:::vid_x48axn9yc9k,test,en-bho_IN
2,en-bho_IN:::literary:::rink_rats_chapter2,en-ar_EG:::literary:::rink_rats_chapter2,train,en-bho_IN
2,en-bho_IN:::news:::guardian.228996,en-ar_EG:::news:::guardian.228996,train,en-bho_IN
2,en-bho_IN:::news:::guardian.231311,en-ar_EG:::news:::guardian.231311,train,en-bho_IN
2,en-bho_IN:::news:::newrepublic.com.12619,en-ar_EG:::news:::newrepublic.com.12619,train,en-bho_IN
2,en-bho_IN:::news:::newrepublic.com.12623,en-ar_EG:::news:::newrepublic.com.12623,train,en-bho_IN
2,en-bho_IN:::social:::112502991207286008,en-ar_EG:::social:::112502991207286008,train,en-bho_IN
2,en-bho_IN:::social:::114174389242714730,en-ar_EG:::social:::114174389242714730,train,en-bho_IN
2,en-bho_IN:::social:::114300646822630777,en-ar_EG:::social:::114300646822630777,train,en-bho_IN
2,en-bho_IN:::social:::114417630342798842,en-ar_EG:::social:::114417630342798842,train,en-bho_IN
2,en-bho_IN:::speech:::vid_27keISTaqYw,en-ar_EG:::speech:::vid_27keISTaqYw,train,en-bho_IN
2,en-bho_IN:::speech:::vid_3DI4-E5Imow,en-ar_EG:::speech:::vid_3DI4-E5Imow,train,en-bho_IN
2,en-bho_IN:::speech:::vid_3vpEaAjDgtI,en-ar_EG:::speech:::vid_3vpEaAjDgtI,train,en-bho_IN
2,en-bho_IN:::speech:::vid_6dP6bHX73_k,en-ar_EG:::speech:::vid_6dP6bHX73_k,train,en-bho_IN
2,en-bho_IN:::speech:::vid_8I8msBYGNR4,en-bho_IN:::speech:::vid_8I8msBYGNR4,train,en-bho_IN
2,en-bho_IN:::speech:::vid_8qZFupajBuo,en-ar_EG:::speech:::vid_8qZFupajBuo,train,en-bho_IN
2,en-bho_IN:::speech:::vid_AJlp_obQgq8,en-bho_IN:::speech:::vid_AJlp_obQgq8,train,en-bho_IN
2,en-bho_IN:::speech:::vid_GYfhGLrrDts,en-ar_EG:::speech:::vid_GYfhGLrrDts,train,en-bho_IN
2,en-bho_IN:::speech:::vid_JIq55zBGNX4,en-ar_EG:::speech:::vid_JIq55zBGNX4,train,en-bho_IN
2,en-bho_IN:::speech:::vid_M7v3ZfP4fm0,en-ar_EG:::speech:::vid_M7v3ZfP4fm0,train,en-bho_IN
2,en-bho_IN:::speech:::vid_MK9b8_2DwLY,en-bho_IN:::speech:::vid_MK9b8_2DwLY,train,en-bho_IN
2,en-bho_IN:::speech:::vid_OXHLjswiGeI,en-bho_IN:::speech:::vid_OXHLjswiGeI,train,en-bho_IN
2,en-bho_IN:::speech:::vid_OmK3XTCDbbs,en-ar_EG:::speech:::vid_OmK3XTCDbbs,train,en-bho_IN
2,en-bho_IN:::speech:::vid_PJLN1kAzbyw,en-ar_EG:::speech:::vid_PJLN1kAzbyw,train,en-bho_IN
2,en-bho_IN:::speech:::vid_RIjzeZ1xk1c,en-ar_EG:::speech:::vid_RIjzeZ1xk1c,train,en-bho_IN
2,en-bho_IN:::speech:::vid__S0GOwEJXUA,en-ar_EG:::speech:::vid__S0GOwEJXUA,train,en-bho_IN
2,en-bho_IN:::speech:::vid_fWRlPSl5itQ,en-bho_IN:::speech:::vid_fWRlPSl5itQ,train,en-bho_IN
2,en-bho_IN:::speech:::vid_mDjddYiHd7A,en-ar_EG:::speech:::vid_mDjddYiHd7A,train,en-bho_IN
2,en-bho_IN:::speech:::vid_n-mmxFdva4w,en-bho_IN:::speech:::vid_n-mmxFdva4w,train,en-bho_IN
2,en-bho_IN:::speech:::vid_qhwgP27R4xw,en-ar_EG:::speech:::vid_qhwgP27R4xw,train,en-bho_IN
2,en-bho_IN:::speech:::vid_rU8nY03Lo5s,en-ar_EG:::speech:::vid_rU8nY03Lo5s,train,en-bho_IN
2,en-bho_IN:::speech:::vid_v2NNTNAXRWY,en-ar_EG:::speech:::vid_v2NNTNAXRWY,train,en-bho_IN
2,en-bho_IN:::speech:::vid_x48axn9yc9k,en-bho_IN:::speech:::vid_x48axn9yc9k,train,en-bho_IN
2,en-bho_IN:::news:::brisbanetimes.com.au.306576,en-ar_EG:::news:::brisbanetimes.com.au.306576,validation,en-bho_IN
2,en-bho_IN:::news:::guardian.230737,en-bho_IN:::news:::guardian.230737,validation,en-bho_IN
2,en-bho_IN:::social:::114157282362077575,en-bho_IN:::social:::114157282362077575,validation,en-bho_IN
2,en-bho_IN:::speech:::vid_2qWfOH69wGU,en-bho_IN:::speech:::vid_2qWfOH69wGU,validation,en-bho_IN
2,en-bho_IN:::speech:::vid_7Aw4Q46omiM,en-ar_EG:::speech:::vid_7Aw4Q46omiM,validation,en-bho_IN
2,en-bho_IN:::speech:::vid_JoTLTGv8kqA,en-ar_EG:::speech:::vid_JoTLTGv8kqA,validation,en-bho_IN
2,en-bho_IN:::speech:::vid_Lb7Dhf7oo4Y,en-ar_EG:::speech:::vid_Lb7Dhf7oo4Y,validation,en-bho_IN
2,en-bho_IN:::speech:::vid_YTxmx8hyJtA,en-ar_EG:::speech:::vid_YTxmx8hyJtA,validation,en-bho_IN
2,en-bho_IN:::news:::guardian.229703,en-ar_EG:::news:::guardian.229703,test,en-bho_IN
2,en-bho_IN:::news:::nytimes.153341,en-bho_IN:::news:::nytimes.153341,test,en-bho_IN
2,en-bho_IN:::social:::114151944720213193,en-ar_EG:::social:::114151944720213193,test,en-bho_IN
2,en-bho_IN:::speech:::vid_2cLeDVfEqG4,en-ar_EG:::speech:::vid_2cLeDVfEqG4,test,en-bho_IN
2,en-bho_IN:::speech:::vid_8GpZT9TJJAw,en-ar_EG:::speech:::vid_8GpZT9TJJAw,test,en-bho_IN
2,en-bho_IN:::speech:::vid_BuaGgQdFI-o,en-bho_IN:::speech:::vid_BuaGgQdFI-o,test,en-bho_IN
2,en-bho_IN:::speech:::vid_JpW9KlX1Pjs,en-ar_EG:::speech:::vid_JpW9KlX1Pjs,test,en-bho_IN
2,en-bho_IN:::speech:::vid_Qu8m9h-AC0I,en-ar_EG:::speech:::vid_Qu8m9h-AC0I,test,en-bho_IN
2,en-bho_IN:::speech:::vid_nNjtLybPRjM,en-ar_EG:::speech:::vid_nNjtLybPRjM,test,en-bho_IN
2,en-bho_IN:::speech:::vid_u2JNW0Ftyzg,en-bho_IN:::speech:::vid_u2JNW0Ftyzg,test,en-bho_IN
3,en-bho_IN:::literary:::rink_rats_chapter2,en-ar_EG:::literary:::rink_rats_chapter2,train,en-bho_IN
3,en-bho_IN:::news:::guardian.231311,en-ar_EG:::news:::guardian.231311,train,en-bho_IN
3,en-bho_IN:::news:::newrepublic.com.12619,en-ar_EG:::news:::newrepublic.com.12619,train,en-bho_IN
3,en-bho_IN:::news:::nytimes.153341,en-bho_IN:::news:::nytimes.153341,train,en-bho_IN
3,en-bho_IN:::social:::114151944720213193,en-ar_EG:::social:::114151944720213193,train,en-bho_IN
3,en-bho_IN:::social:::114157282362077575,en-bho_IN:::social:::114157282362077575,train,en-bho_IN
3,en-bho_IN:::social:::114174389242714730,en-ar_EG:::social:::114174389242714730,train,en-bho_IN
3,en-bho_IN:::social:::114417630342798842,en-ar_EG:::social:::114417630342798842,train,en-bho_IN
3,en-bho_IN:::speech:::vid_2cLeDVfEqG4,en-ar_EG:::speech:::vid_2cLeDVfEqG4,train,en-bho_IN
3,en-bho_IN:::speech:::vid_2qWfOH69wGU,en-bho_IN:::speech:::vid_2qWfOH69wGU,train,en-bho_IN
3,en-bho_IN:::speech:::vid_3DI4-E5Imow,en-ar_EG:::speech:::vid_3DI4-E5Imow,train,en-bho_IN
3,en-bho_IN:::speech:::vid_3vpEaAjDgtI,en-ar_EG:::speech:::vid_3vpEaAjDgtI,train,en-bho_IN
3,en-bho_IN:::speech:::vid_8GpZT9TJJAw,en-ar_EG:::speech:::vid_8GpZT9TJJAw,train,en-bho_IN
3,en-bho_IN:::speech:::vid_8I8msBYGNR4,en-bho_IN:::speech:::vid_8I8msBYGNR4,train,en-bho_IN
3,en-bho_IN:::speech:::vid_8qZFupajBuo,en-ar_EG:::speech:::vid_8qZFupajBuo,train,en-bho_IN
3,en-bho_IN:::speech:::vid_BuaGgQdFI-o,en-bho_IN:::speech:::vid_BuaGgQdFI-o,train,en-bho_IN
3,en-bho_IN:::speech:::vid_GYfhGLrrDts,en-ar_EG:::speech:::vid_GYfhGLrrDts,train,en-bho_IN
3,en-bho_IN:::speech:::vid_JpW9KlX1Pjs,en-ar_EG:::speech:::vid_JpW9KlX1Pjs,train,en-bho_IN
3,en-bho_IN:::speech:::vid_M7v3ZfP4fm0,en-ar_EG:::speech:::vid_M7v3ZfP4fm0,train,en-bho_IN
3,en-bho_IN:::speech:::vid_MK9b8_2DwLY,en-bho_IN:::speech:::vid_MK9b8_2DwLY,train,en-bho_IN
3,en-bho_IN:::speech:::vid_OXHLjswiGeI,en-bho_IN:::speech:::vid_OXHLjswiGeI,train,en-bho_IN
3,en-bho_IN:::speech:::vid_OmK3XTCDbbs,en-ar_EG:::speech:::vid_OmK3XTCDbbs,train,en-bho_IN
3,en-bho_IN:::speech:::vid_RIjzeZ1xk1c,en-ar_EG:::speech:::vid_RIjzeZ1xk1c,train,en-bho_IN
3,en-bho_IN:::speech:::vid_YTxmx8hyJtA,en-ar_EG:::speech:::vid_YTxmx8hyJtA,train,en-bho_IN
3,en-bho_IN:::speech:::vid__S0GOwEJXUA,en-ar_EG:::speech:::vid__S0GOwEJXUA,train,en-bho_IN
3,en-bho_IN:::speech:::vid_fWRlPSl5itQ,en-bho_IN:::speech:::vid_fWRlPSl5itQ,train,en-bho_IN
3,en-bho_IN:::speech:::vid_nNjtLybPRjM,en-ar_EG:::speech:::vid_nNjtLybPRjM,train,en-bho_IN
3,en-bho_IN:::speech:::vid_qhwgP27R4xw,en-ar_EG:::speech:::vid_qhwgP27R4xw,train,en-bho_IN
3,en-bho_IN:::speech:::vid_rU8nY03Lo5s,en-ar_EG:::speech:::vid_rU8nY03Lo5s,train,en-bho_IN
3,en-bho_IN:::speech:::vid_u2JNW0Ftyzg,en-bho_IN:::speech:::vid_u2JNW0Ftyzg,train,en-bho_IN
3,en-bho_IN:::speech:::vid_v2NNTNAXRWY,en-ar_EG:::speech:::vid_v2NNTNAXRWY,train,en-bho_IN
3,en-bho_IN:::speech:::vid_x48axn9yc9k,en-bho_IN:::speech:::vid_x48axn9yc9k,train,en-bho_IN
3,en-bho_IN:::news:::brisbanetimes.com.au.306576,en-ar_EG:::news:::brisbanetimes.com.au.306576,validation,en-bho_IN
3,en-bho_IN:::news:::guardian.229703,en-ar_EG:::news:::guardian.229703,validation,en-bho_IN
3,en-bho_IN:::news:::newrepublic.com.12623,en-ar_EG:::news:::newrepublic.com.12623,validation,en-bho_IN
3,en-bho_IN:::social:::114300646822630777,en-ar_EG:::social:::114300646822630777,validation,en-bho_IN
3,en-bho_IN:::speech:::vid_6dP6bHX73_k,en-ar_EG:::speech:::vid_6dP6bHX73_k,validation,en-bho_IN
3,en-bho_IN:::speech:::vid_JIq55zBGNX4,en-ar_EG:::speech:::vid_JIq55zBGNX4,validation,en-bho_IN
3,en-bho_IN:::speech:::vid_Lb7Dhf7oo4Y,en-ar_EG:::speech:::vid_Lb7Dhf7oo4Y,validation,en-bho_IN
3,en-bho_IN:::speech:::vid_Qu8m9h-AC0I,en-ar_EG:::speech:::vid_Qu8m9h-AC0I,validation,en-bho_IN
3,en-bho_IN:::news:::guardian.228996,en-ar_EG:::news:::guardian.228996,test,en-bho_IN
3,en-bho_IN:::news:::guardian.230737,en-bho_IN:::news:::guardian.230737,test,en-bho_IN
3,en-bho_IN:::social:::112502991207286008,en-ar_EG:::social:::112502991207286008,test,en-bho_IN
3,en-bho_IN:::speech:::vid_27keISTaqYw,en-ar_EG:::speech:::vid_27keISTaqYw,test,en-bho_IN
3,en-bho_IN:::speech:::vid_7Aw4Q46omiM,en-ar_EG:::speech:::vid_7Aw4Q46omiM,test,en-bho_IN
3,en-bho_IN:::speech:::vid_AJlp_obQgq8,en-bho_IN:::speech:::vid_AJlp_obQgq8,test,en-bho_IN
3,en-bho_IN:::speech:::vid_JoTLTGv8kqA,en-ar_EG:::speech:::vid_JoTLTGv8kqA,test,en-bho_IN
3,en-bho_IN:::speech:::vid_PJLN1kAzbyw,en-ar_EG:::speech:::vid_PJLN1kAzbyw,test,en-bho_IN
3,en-bho_IN:::speech:::vid_mDjddYiHd7A,en-ar_EG:::speech:::vid_mDjddYiHd7A,test,en-bho_IN
3,en-bho_IN:::speech:::vid_n-mmxFdva4w,en-bho_IN:::speech:::vid_n-mmxFdva4w,test,en-bho_IN
4,en-bho_IN:::literary:::rink_rats_chapter2,en-ar_EG:::literary:::rink_rats_chapter2,train,en-bho_IN
4,en-bho_IN:::news:::guardian.228996,en-ar_EG:::news:::guardian.228996,train,en-bho_IN
4,en-bho_IN:::news:::guardian.229703,en-ar_EG:::news:::guardian.229703,train,en-bho_IN
4,en-bho_IN:::news:::guardian.230737,en-bho_IN:::news:::guardian.230737,train,en-bho_IN
4,en-bho_IN:::news:::guardian.231311,en-ar_EG:::news:::guardian.231311,train,en-bho_IN
4,en-bho_IN:::news:::nytimes.153341,en-bho_IN:::news:::nytimes.153341,train,en-bho_IN
4,en-bho_IN:::social:::112502991207286008,en-ar_EG:::social:::112502991207286008,train,en-bho_IN
4,en-bho_IN:::social:::114151944720213193,en-ar_EG:::social:::114151944720213193,train,en-bho_IN
4,en-bho_IN:::social:::114174389242714730,en-ar_EG:::social:::114174389242714730,train,en-bho_IN
4,en-bho_IN:::social:::114300646822630777,en-ar_EG:::social:::114300646822630777,train,en-bho_IN
4,en-bho_IN:::speech:::vid_27keISTaqYw,en-ar_EG:::speech:::vid_27keISTaqYw,train,en-bho_IN
4,en-bho_IN:::speech:::vid_2qWfOH69wGU,en-bho_IN:::speech:::vid_2qWfOH69wGU,train,en-bho_IN
4,en-bho_IN:::speech:::vid_3DI4-E5Imow,en-ar_EG:::speech:::vid_3DI4-E5Imow,train,en-bho_IN
4,en-bho_IN:::speech:::vid_7Aw4Q46omiM,en-ar_EG:::speech:::vid_7Aw4Q46omiM,train,en-bho_IN
4,en-bho_IN:::speech:::vid_8GpZT9TJJAw,en-ar_EG:::speech:::vid_8GpZT9TJJAw,train,en-bho_IN
4,en-bho_IN:::speech:::vid_8qZFupajBuo,en-ar_EG:::speech:::vid_8qZFupajBuo,train,en-bho_IN
4,en-bho_IN:::speech:::vid_AJlp_obQgq8,en-bho_IN:::speech:::vid_AJlp_obQgq8,train,en-bho_IN
4,en-bho_IN:::speech:::vid_BuaGgQdFI-o,en-bho_IN:::speech:::vid_BuaGgQdFI-o,train,en-bho_IN
4,en-bho_IN:::speech:::vid_GYfhGLrrDts,en-ar_EG:::speech:::vid_GYfhGLrrDts,train,en-bho_IN
4,en-bho_IN:::speech:::vid_JoTLTGv8kqA,en-ar_EG:::speech:::vid_JoTLTGv8kqA,train,en-bho_IN
4,en-bho_IN:::speech:::vid_JpW9KlX1Pjs,en-ar_EG:::speech:::vid_JpW9KlX1Pjs,train,en-bho_IN
4,en-bho_IN:::speech:::vid_M7v3ZfP4fm0,en-ar_EG:::speech:::vid_M7v3ZfP4fm0,train,en-bho_IN
4,en-bho_IN:::speech:::vid_MK9b8_2DwLY,en-bho_IN:::speech:::vid_MK9b8_2DwLY,train,en-bho_IN
4,en-bho_IN:::speech:::vid_OXHLjswiGeI,en-bho_IN:::speech:::vid_OXHLjswiGeI,train,en-bho_IN
4,en-bho_IN:::speech:::vid_Qu8m9h-AC0I,en-ar_EG:::speech:::vid_Qu8m9h-AC0I,train,en-bho_IN
4,en-bho_IN:::speech:::vid_RIjzeZ1xk1c,en-ar_EG:::speech:::vid_RIjzeZ1xk1c,train,en-bho_IN
4,en-bho_IN:::speech:::vid_YTxmx8hyJtA,en-ar_EG:::speech:::vid_YTxmx8hyJtA,train,en-bho_IN
4,en-bho_IN:::speech:::vid_mDjddYiHd7A,en-ar_EG:::speech:::vid_mDjddYiHd7A,train,en-bho_IN
4,en-bho_IN:::speech:::vid_n-mmxFdva4w,en-bho_IN:::speech:::vid_n-mmxFdva4w,train,en-bho_IN
4,en-bho_IN:::speech:::vid_qhwgP27R4xw,en-ar_EG:::speech:::vid_qhwgP27R4xw,train,en-bho_IN
4,en-bho_IN:::speech:::vid_rU8nY03Lo5s,en-ar_EG:::speech:::vid_rU8nY03Lo5s,train,en-bho_IN
4,en-bho_IN:::speech:::vid_x48axn9yc9k,en-bho_IN:::speech:::vid_x48axn9yc9k,train,en-bho_IN
4,en-bho_IN:::news:::newrepublic.com.12619,en-ar_EG:::news:::newrepublic.com.12619,validation,en-bho_IN
4,en-bho_IN:::social:::114157282362077575,en-bho_IN:::social:::114157282362077575,validation,en-bho_IN
4,en-bho_IN:::speech:::vid_2cLeDVfEqG4,en-ar_EG:::speech:::vid_2cLeDVfEqG4,validation,en-bho_IN
4,en-bho_IN:::speech:::vid_3vpEaAjDgtI,en-ar_EG:::speech:::vid_3vpEaAjDgtI,validation,en-bho_IN
4,en-bho_IN:::speech:::vid_Lb7Dhf7oo4Y,en-ar_EG:::speech:::vid_Lb7Dhf7oo4Y,validation,en-bho_IN
4,en-bho_IN:::speech:::vid_PJLN1kAzbyw,en-ar_EG:::speech:::vid_PJLN1kAzbyw,validation,en-bho_IN
4,en-bho_IN:::speech:::vid_nNjtLybPRjM,en-ar_EG:::speech:::vid_nNjtLybPRjM,validation,en-bho_IN
4,en-bho_IN:::speech:::vid_u2JNW0Ftyzg,en-bho_IN:::speech:::vid_u2JNW0Ftyzg,validation,en-bho_IN
4,en-bho_IN:::news:::brisbanetimes.com.au.306576,en-ar_EG:::news:::brisbanetimes.com.au.306576,test,en-bho_IN
4,en-bho_IN:::news:::newrepublic.com.12623,en-ar_EG:::news:::newrepublic.com.12623,test,en-bho_IN
4,en-bho_IN:::social:::114417630342798842,en-ar_EG:::social:::114417630342798842,test,en-bho_IN
4,en-bho_IN:::speech:::vid_6dP6bHX73_k,en-ar_EG:::speech:::vid_6dP6bHX73_k,test,en-bho_IN
4,en-bho_IN:::speech:::vid_8I8msBYGNR4,en-bho_IN:::speech:::vid_8I8msBYGNR4,test,en-bho_IN
4,en-bho_IN:::speech:::vid_JIq55zBGNX4,en-ar_EG:::speech:::vid_JIq55zBGNX4,test,en-bho_IN
4,en-bho_IN:::speech:::vid_OmK3XTCDbbs,en-ar_EG:::speech:::vid_OmK3XTCDbbs,test,en-bho_IN
4,en-bho_IN:::speech:::vid__S0GOwEJXUA,en-ar_EG:::speech:::vid__S0GOwEJXUA,test,en-bho_IN
4,en-bho_IN:::speech:::vid_fWRlPSl5itQ,en-bho_IN:::speech:::vid_fWRlPSl5itQ,test,en-bho_IN
4,en-bho_IN:::speech:::vid_v2NNTNAXRWY,en-ar_EG:::speech:::vid_v2NNTNAXRWY,test,en-bho_IN
5,en-bho_IN:::news:::brisbanetimes.com.au.306576,en-ar_EG:::news:::brisbanetimes.com.au.306576,train,en-bho_IN
5,en-bho_IN:::news:::guardian.229703,en-ar_EG:::news:::guardian.229703,train,en-bho_IN
5,en-bho_IN:::news:::guardian.230737,en-bho_IN:::news:::guardian.230737,train,en-bho_IN
5,en-bho_IN:::news:::guardian.231311,en-ar_EG:::news:::guardian.231311,train,en-bho_IN
5,en-bho_IN:::news:::newrepublic.com.12623,en-ar_EG:::news:::newrepublic.com.12623,train,en-bho_IN
5,en-bho_IN:::news:::nytimes.153341,en-bho_IN:::news:::nytimes.153341,train,en-bho_IN
5,en-bho_IN:::social:::112502991207286008,en-ar_EG:::social:::112502991207286008,train,en-bho_IN
5,en-bho_IN:::social:::114151944720213193,en-ar_EG:::social:::114151944720213193,train,en-bho_IN
5,en-bho_IN:::social:::114157282362077575,en-bho_IN:::social:::114157282362077575,train,en-bho_IN
5,en-bho_IN:::social:::114417630342798842,en-ar_EG:::social:::114417630342798842,train,en-bho_IN
5,en-bho_IN:::speech:::vid_27keISTaqYw,en-ar_EG:::speech:::vid_27keISTaqYw,train,en-bho_IN
5,en-bho_IN:::speech:::vid_2cLeDVfEqG4,en-ar_EG:::speech:::vid_2cLeDVfEqG4,train,en-bho_IN
5,en-bho_IN:::speech:::vid_3DI4-E5Imow,en-ar_EG:::speech:::vid_3DI4-E5Imow,train,en-bho_IN
5,en-bho_IN:::speech:::vid_7Aw4Q46omiM,en-ar_EG:::speech:::vid_7Aw4Q46omiM,train,en-bho_IN
5,en-bho_IN:::speech:::vid_8GpZT9TJJAw,en-ar_EG:::speech:::vid_8GpZT9TJJAw,train,en-bho_IN
5,en-bho_IN:::speech:::vid_8I8msBYGNR4,en-bho_IN:::speech:::vid_8I8msBYGNR4,train,en-bho_IN
5,en-bho_IN:::speech:::vid_AJlp_obQgq8,en-bho_IN:::speech:::vid_AJlp_obQgq8,train,en-bho_IN
5,en-bho_IN:::speech:::vid_BuaGgQdFI-o,en-bho_IN:::speech:::vid_BuaGgQdFI-o,train,en-bho_IN
5,en-bho_IN:::speech:::vid_JIq55zBGNX4,en-ar_EG:::speech:::vid_JIq55zBGNX4,train,en-bho_IN
5,en-bho_IN:::speech:::vid_JoTLTGv8kqA,en-ar_EG:::speech:::vid_JoTLTGv8kqA,train,en-bho_IN
5,en-bho_IN:::speech:::vid_JpW9KlX1Pjs,en-ar_EG:::speech:::vid_JpW9KlX1Pjs,train,en-bho_IN
5,en-bho_IN:::speech:::vid_MK9b8_2DwLY,en-bho_IN:::speech:::vid_MK9b8_2DwLY,train,en-bho_IN
5,en-bho_IN:::speech:::vid_PJLN1kAzbyw,en-ar_EG:::speech:::vid_PJLN1kAzbyw,train,en-bho_IN
5,en-bho_IN:::speech:::vid_RIjzeZ1xk1c,en-ar_EG:::speech:::vid_RIjzeZ1xk1c,train,en-bho_IN
5,en-bho_IN:::speech:::vid__S0GOwEJXUA,en-ar_EG:::speech:::vid__S0GOwEJXUA,train,en-bho_IN
5,en-bho_IN:::speech:::vid_fWRlPSl5itQ,en-bho_IN:::speech:::vid_fWRlPSl5itQ,train,en-bho_IN
5,en-bho_IN:::speech:::vid_n-mmxFdva4w,en-bho_IN:::speech:::vid_n-mmxFdva4w,train,en-bho_IN
5,en-bho_IN:::speech:::vid_nNjtLybPRjM,en-ar_EG:::speech:::vid_nNjtLybPRjM,train,en-bho_IN
5,en-bho_IN:::speech:::vid_qhwgP27R4xw,en-ar_EG:::speech:::vid_qhwgP27R4xw,train,en-bho_IN
5,en-bho_IN:::speech:::vid_u2JNW0Ftyzg,en-bho_IN:::speech:::vid_u2JNW0Ftyzg,train,en-bho_IN
5,en-bho_IN:::speech:::vid_v2NNTNAXRWY,en-ar_EG:::speech:::vid_v2NNTNAXRWY,train,en-bho_IN
5,en-bho_IN:::speech:::vid_x48axn9yc9k,en-bho_IN:::speech:::vid_x48axn9yc9k,train,en-bho_IN
5,en-bho_IN:::news:::guardian.228996,en-ar_EG:::news:::guardian.228996,validation,en-bho_IN
5,en-bho_IN:::social:::114174389242714730,en-ar_EG:::social:::114174389242714730,validation,en-bho_IN
5,en-bho_IN:::speech:::vid_6dP6bHX73_k,en-ar_EG:::speech:::vid_6dP6bHX73_k,validation,en-bho_IN
5,en-bho_IN:::speech:::vid_8qZFupajBuo,en-ar_EG:::speech:::vid_8qZFupajBuo,validation,en-bho_IN
5,en-bho_IN:::speech:::vid_Lb7Dhf7oo4Y,en-ar_EG:::speech:::vid_Lb7Dhf7oo4Y,validation,en-bho_IN
5,en-bho_IN:::speech:::vid_OmK3XTCDbbs,en-ar_EG:::speech:::vid_OmK3XTCDbbs,validation,en-bho_IN
5,en-bho_IN:::speech:::vid_Qu8m9h-AC0I,en-ar_EG:::speech:::vid_Qu8m9h-AC0I,validation,en-bho_IN
5,en-bho_IN:::speech:::vid_mDjddYiHd7A,en-ar_EG:::speech:::vid_mDjddYiHd7A,validation,en-bho_IN
5,en-bho_IN:::literary:::rink_rats_chapter2,en-ar_EG:::literary:::rink_rats_chapter2,test,en-bho_IN
5,en-bho_IN:::news:::newrepublic.com.12619,en-ar_EG:::news:::newrepublic.com.12619,test,en-bho_IN
5,en-bho_IN:::social:::114300646822630777,en-ar_EG:::social:::114300646822630777,test,en-bho_IN
5,en-bho_IN:::speech:::vid_2qWfOH69wGU,en-bho_IN:::speech:::vid_2qWfOH69wGU,test,en-bho_IN
5,en-bho_IN:::speech:::vid_3vpEaAjDgtI,en-ar_EG:::speech:::vid_3vpEaAjDgtI,test,en-bho_IN
5,en-bho_IN:::speech:::vid_GYfhGLrrDts,en-ar_EG:::speech:::vid_GYfhGLrrDts,test,en-bho_IN
5,en-bho_IN:::speech:::vid_M7v3ZfP4fm0,en-ar_EG:::speech:::vid_M7v3ZfP4fm0,test,en-bho_IN
5,en-bho_IN:::speech:::vid_OXHLjswiGeI,en-bho_IN:::speech:::vid_OXHLjswiGeI,test,en-bho_IN
5,en-bho_IN:::speech:::vid_YTxmx8hyJtA,en-ar_EG:::speech:::vid_YTxmx8hyJtA,test,en-bho_IN
5,en-bho_IN:::speech:::vid_rU8nY03Lo5s,en-ar_EG:::speech:::vid_rU8nY03Lo5s,test,en-bho_IN
1,en-cs_CZ:::dialogue:::MUL0845,en-cs_CZ:::dialogue:::MUL0845,train,en-cs_CZ
1,en-cs_CZ:::dialogue:::MUL1060,en-cs_CZ:::dialogue:::MUL1060,train,en-cs_CZ
1,en-cs_CZ:::dialogue:::MUL1066,en-cs_CZ:::dialogue:::MUL1066,train,en-cs_CZ
1,en-cs_CZ:::dialogue:::MUL1139,en-cs_CZ:::dialogue:::MUL1139,train,en-cs_CZ
1,en-cs_CZ:::dialogue:::MUL2294,en-cs_CZ:::dialogue:::MUL2294,train,en-cs_CZ
1,en-cs_CZ:::dialogue:::MUL2305,en-cs_CZ:::dialogue:::MUL2305,train,en-cs_CZ
1,en-cs_CZ:::dialogue:::MUL2405,en-cs_CZ:::dialogue:::MUL2405,train,en-cs_CZ
1,en-cs_CZ:::dialogue:::PMUL2755,en-cs_CZ:::dialogue:::PMUL2755,train,en-cs_CZ
1,en-cs_CZ:::dialogue:::PMUL4140,en-cs_CZ:::dialogue:::PMUL4140,train,en-cs_CZ
1,en-cs_CZ:::dialogue:::SNG0991,en-cs_CZ:::dialogue:::SNG0991,train,en-cs_CZ
1,en-cs_CZ:::literary:::rink_rats_chapter2,en-ar_EG:::literary:::rink_rats_chapter2,train,en-cs_CZ
1,en-cs_CZ:::news:::en.ndtv.com.357237,en-cs_CZ:::news:::en.ndtv.com.357237,train,en-cs_CZ
1,en-cs_CZ:::news:::guardian.228996,en-ar_EG:::news:::guardian.228996,train,en-cs_CZ
1,en-cs_CZ:::news:::guardian.229338,en-cs_CZ:::news:::guardian.229338,train,en-cs_CZ
1,en-cs_CZ:::news:::guardian.230238,en-ar_EG:::news:::guardian.230238,train,en-cs_CZ
1,en-cs_CZ:::news:::guardian.230737,en-bho_IN:::news:::guardian.230737,train,en-cs_CZ
1,en-cs_CZ:::news:::guardian.231311,en-ar_EG:::news:::guardian.231311,train,en-cs_CZ
1,en-cs_CZ:::news:::nytimes.153341,en-bho_IN:::news:::nytimes.153341,train,en-cs_CZ
1,en-cs_CZ:::social:::114151944720213193,en-ar_EG:::social:::114151944720213193,train,en-cs_CZ
1,en-cs_CZ:::social:::114174389242714730,en-ar_EG:::social:::114174389242714730,train,en-cs_CZ
1,en-cs_CZ:::social:::114417630342798842,en-ar_EG:::social:::114417630342798842,train,en-cs_CZ
1,en-cs_CZ:::speech:::vid_3DI4-E5Imow,en-ar_EG:::speech:::vid_3DI4-E5Imow,train,en-cs_CZ
1,en-cs_CZ:::speech:::vid_3vpEaAjDgtI,en-ar_EG:::speech:::vid_3vpEaAjDgtI,train,en-cs_CZ
1,en-cs_CZ:::speech:::vid_7Aw4Q46omiM,en-ar_EG:::speech:::vid_7Aw4Q46omiM,train,en-cs_CZ
1,en-cs_CZ:::speech:::vid_OmK3XTCDbbs,en-ar_EG:::speech:::vid_OmK3XTCDbbs,train,en-cs_CZ
1,en-cs_CZ:::speech:::vid_P2a0lVGYDNo,en-cs_CZ:::speech:::vid_P2a0lVGYDNo,train,en-cs_CZ
1,en-cs_CZ:::speech:::vid_QgTkUWYd82M,en-ar_EG:::speech:::vid_QgTkUWYd82M,train,en-cs_CZ
1,en-cs_CZ:::speech:::vid_RIjzeZ1xk1c,en-ar_EG:::speech:::vid_RIjzeZ1xk1c,train,en-cs_CZ
1,en-cs_CZ:::speech:::vid_YNQ_7eV3WcE,en-ar_EG:::speech:::vid_YNQ_7eV3WcE,train,en-cs_CZ
1,en-cs_CZ:::speech:::vid_YTxmx8hyJtA,en-ar_EG:::speech:::vid_YTxmx8hyJtA,train,en-cs_CZ
1,en-cs_CZ:::speech:::vid_blR87HY5UPk,en-ar_EG:::speech:::vid_blR87HY5UPk,train,en-cs_CZ
1,en-cs_CZ:::speech:::vid_m6CcZN4S8mk,en-cs_CZ:::speech:::vid_m6CcZN4S8mk,train,en-cs_CZ
1,en-cs_CZ:::speech:::vid_n-mmxFdva4w,en-bho_IN:::speech:::vid_n-mmxFdva4w,train,en-cs_CZ
1,en-cs_CZ:::speech:::vid_nU09s4CuaRg,en-ar_EG:::speech:::vid_nU09s4CuaRg,train,en-cs_CZ
1,en-cs_CZ:::speech:::vid_ncokXMVuG5s,en-cs_CZ:::speech:::vid_ncokXMVuG5s,train,en-cs_CZ
1,en-cs_CZ:::speech:::vid_pykdLJtt9yk,en-ar_EG:::speech:::vid_pykdLJtt9yk,train,en-cs_CZ
1,en-cs_CZ:::speech:::vid_qhwgP27R4xw,en-ar_EG:::speech:::vid_qhwgP27R4xw,train,en-cs_CZ
1,en-cs_CZ:::speech:::vid_rU8nY03Lo5s,en-ar_EG:::speech:::vid_rU8nY03Lo5s,train,en-cs_CZ
1,en-cs_CZ:::speech:::vid_uZvI4plitd4,en-cs_CZ:::speech:::vid_uZvI4plitd4,train,en-cs_CZ
1,en-cs_CZ:::news:::newrepublic.com.12623,en-ar_EG:::news:::newrepublic.com.12623,validation,en-cs_CZ
1,en-cs_CZ:::social:::112502991207286008,en-ar_EG:::social:::112502991207286008,validation,en-cs_CZ
1,en-cs_CZ:::speech:::vid_27keISTaqYw,en-ar_EG:::speech:::vid_27keISTaqYw,validation,en-cs_CZ
1,en-cs_CZ:::speech:::vid_Ft41IG2BAG8,en-ar_EG:::speech:::vid_Ft41IG2BAG8,validation,en-cs_CZ
1,en-cs_CZ:::speech:::vid_JIq55zBGNX4,en-ar_EG:::speech:::vid_JIq55zBGNX4,validation,en-cs_CZ
1,en-cs_CZ:::speech:::vid_JoTLTGv8kqA,en-ar_EG:::speech:::vid_JoTLTGv8kqA,validation,en-cs_CZ
1,en-cs_CZ:::speech:::vid_Lb7Dhf7oo4Y,en-ar_EG:::speech:::vid_Lb7Dhf7oo4Y,validation,en-cs_CZ
1,en-cs_CZ:::speech:::vid_M7v3ZfP4fm0,en-ar_EG:::speech:::vid_M7v3ZfP4fm0,validation,en-cs_CZ
1,en-cs_CZ:::speech:::vid_Si9CnnVI8sk,en-ar_EG:::speech:::vid_Si9CnnVI8sk,validation,en-cs_CZ
1,en-cs_CZ:::dialogue:::MUL2290,en-cs_CZ:::dialogue:::MUL2290,test,en-cs_CZ
1,en-cs_CZ:::dialogue:::PMUL4134,en-cs_CZ:::dialogue:::PMUL4134,test,en-cs_CZ
1,en-cs_CZ:::news:::newrepublic.com.12619,en-ar_EG:::news:::newrepublic.com.12619,test,en-cs_CZ
1,en-cs_CZ:::social:::114300646822630777,en-ar_EG:::social:::114300646822630777,test,en-cs_CZ
1,en-cs_CZ:::speech:::vid_6dP6bHX73_k,en-ar_EG:::speech:::vid_6dP6bHX73_k,test,en-cs_CZ
1,en-cs_CZ:::speech:::vid_JpW9KlX1Pjs,en-ar_EG:::speech:::vid_JpW9KlX1Pjs,test,en-cs_CZ
1,en-cs_CZ:::speech:::vid_Kr2KbsdNHWs,en-cs_CZ:::speech:::vid_Kr2KbsdNHWs,test,en-cs_CZ
1,en-cs_CZ:::speech:::vid_Qu8m9h-AC0I,en-ar_EG:::speech:::vid_Qu8m9h-AC0I,test,en-cs_CZ
1,en-cs_CZ:::speech:::vid__S0GOwEJXUA,en-ar_EG:::speech:::vid__S0GOwEJXUA,test,en-cs_CZ
1,en-cs_CZ:::speech:::vid_r-aI0JD0bCE,en-ar_EG:::speech:::vid_r-aI0JD0bCE,test,en-cs_CZ
1,en-cs_CZ:::speech:::vid_wTKg_pD9bHo,en-cs_CZ:::speech:::vid_wTKg_pD9bHo,test,en-cs_CZ
1,en-cs_CZ:::speech:::vid_x48axn9yc9k,en-bho_IN:::speech:::vid_x48axn9yc9k,test,en-cs_CZ
2,en-cs_CZ:::dialogue:::MUL1060,en-cs_CZ:::dialogue:::MUL1060,train,en-cs_CZ
2,en-cs_CZ:::dialogue:::MUL1066,en-cs_CZ:::dialogue:::MUL1066,train,en-cs_CZ
2,en-cs_CZ:::dialogue:::MUL2290,en-cs_CZ:::dialogue:::MUL2290,train,en-cs_CZ
2,en-cs_CZ:::dialogue:::MUL2294,en-cs_CZ:::dialogue:::MUL2294,train,en-cs_CZ
2,en-cs_CZ:::dialogue:::MUL2305,en-cs_CZ:::dialogue:::MUL2305,train,en-cs_CZ
2,en-cs_CZ:::dialogue:::MUL2405,en-cs_CZ:::dialogue:::MUL2405,train,en-cs_CZ
2,en-cs_CZ:::dialogue:::PMUL4134,en-cs_CZ:::dialogue:::PMUL4134,train,en-cs_CZ
2,en-cs_CZ:::dialogue:::PMUL4140,en-cs_CZ:::dialogue:::PMUL4140,train,en-cs_CZ
2,en-cs_CZ:::literary:::rink_rats_chapter2,en-ar_EG:::literary:::rink_rats_chapter2,train,en-cs_CZ
2,en-cs_CZ:::news:::en.ndtv.com.357237,en-cs_CZ:::news:::en.ndtv.com.357237,train,en-cs_CZ
2,en-cs_CZ:::news:::guardian.228996,en-ar_EG:::news:::guardian.228996,train,en-cs_CZ
2,en-cs_CZ:::news:::guardian.230238,en-ar_EG:::news:::guardian.230238,train,en-cs_CZ
2,en-cs_CZ:::news:::guardian.230737,en-bho_IN:::news:::guardian.230737,train,en-cs_CZ
2,en-cs_CZ:::news:::newrepublic.com.12619,en-ar_EG:::news:::newrepublic.com.12619,train,en-cs_CZ
2,en-cs_CZ:::news:::newrepublic.com.12623,en-ar_EG:::news:::newrepublic.com.12623,train,en-cs_CZ
2,en-cs_CZ:::news:::nytimes.153341,en-bho_IN:::news:::nytimes.153341,train,en-cs_CZ
2,en-cs_CZ:::social:::112502991207286008,en-ar_EG:::social:::112502991207286008,train,en-cs_CZ
2,en-cs_CZ:::social:::114151944720213193,en-ar_EG:::social:::114151944720213193,train,en-cs_CZ
2,en-cs_CZ:::social:::114417630342798842,en-ar_EG:::social:::114417630342798842,train,en-cs_CZ
2,en-cs_CZ:::speech:::vid_27keISTaqYw,en-ar_EG:::speech:::vid_27keISTaqYw,train,en-cs_CZ
2,en-cs_CZ:::speech:::vid_3DI4-E5Imow,en-ar_EG:::speech:::vid_3DI4-E5Imow,train,en-cs_CZ
2,en-cs_CZ:::speech:::vid_6dP6bHX73_k,en-ar_EG:::speech:::vid_6dP6bHX73_k,train,en-cs_CZ
2,en-cs_CZ:::speech:::vid_7Aw4Q46omiM,en-ar_EG:::speech:::vid_7Aw4Q46omiM,train,en-cs_CZ
2,en-cs_CZ:::speech:::vid_Ft41IG2BAG8,en-ar_EG:::speech:::vid_Ft41IG2BAG8,train,en-cs_CZ
2,en-cs_CZ:::speech:::vid_JIq55zBGNX4,en-ar_EG:::speech:::vid_JIq55zBGNX4,train,en-cs_CZ
2,en-cs_CZ:::speech:::vid_JpW9KlX1Pjs,en-ar_EG:::speech:::vid_JpW9KlX1Pjs,train,en-cs_CZ
2,en-cs_CZ:::speech:::vid_Lb7Dhf7oo4Y,en-ar_EG:::speech:::vid_Lb7Dhf7oo4Y,train,en-cs_CZ
2,en-cs_CZ:::speech:::vid_M7v3ZfP4fm0,en-ar_EG:::speech:::vid_M7v3ZfP4fm0,train,en-cs_CZ
2,en-cs_CZ:::speech:::vid_P2a0lVGYDNo,en-cs_CZ:::speech:::vid_P2a0lVGYDNo,train,en-cs_CZ
2,en-cs_CZ:::speech:::vid__S0GOwEJXUA,en-ar_EG:::speech:::vid__S0GOwEJXUA,train,en-cs_CZ
2,en-cs_CZ:::speech:::vid_blR87HY5UPk,en-ar_EG:::speech:::vid_blR87HY5UPk,train,en-cs_CZ
2,en-cs_CZ:::speech:::vid_m6CcZN4S8mk,en-cs_CZ:::speech:::vid_m6CcZN4S8mk,train,en-cs_CZ
2,en-cs_CZ:::speech:::vid_nU09s4CuaRg,en-ar_EG:::speech:::vid_nU09s4CuaRg,train,en-cs_CZ
2,en-cs_CZ:::speech:::vid_ncokXMVuG5s,en-cs_CZ:::speech:::vid_ncokXMVuG5s,train,en-cs_CZ
2,en-cs_CZ:::speech:::vid_pykdLJtt9yk,en-ar_EG:::speech:::vid_pykdLJtt9yk,train,en-cs_CZ
2,en-cs_CZ:::speech:::vid_r-aI0JD0bCE,en-ar_EG:::speech:::vid_r-aI0JD0bCE,train,en-cs_CZ
2,en-cs_CZ:::speech:::vid_rU8nY03Lo5s,en-ar_EG:::speech:::vid_rU8nY03Lo5s,train,en-cs_CZ
2,en-cs_CZ:::speech:::vid_wTKg_pD9bHo,en-cs_CZ:::speech:::vid_wTKg_pD9bHo,train,en-cs_CZ
2,en-cs_CZ:::speech:::vid_x48axn9yc9k,en-bho_IN:::speech:::vid_x48axn9yc9k,train,en-cs_CZ
2,en-cs_CZ:::dialogue:::MUL0845,en-cs_CZ:::dialogue:::MUL0845,validation,en-cs_CZ
2,en-cs_CZ:::dialogue:::SNG0991,en-cs_CZ:::dialogue:::SNG0991,validation,en-cs_CZ
2,en-cs_CZ:::social:::114300646822630777,en-ar_EG:::social:::114300646822630777,validation,en-cs_CZ
2,en-cs_CZ:::speech:::vid_Kr2KbsdNHWs,en-cs_CZ:::speech:::vid_Kr2KbsdNHWs,validation,en-cs_CZ
2,en-cs_CZ:::speech:::vid_OmK3XTCDbbs,en-ar_EG:::speech:::vid_OmK3XTCDbbs,validation,en-cs_CZ
2,en-cs_CZ:::speech:::vid_Qu8m9h-AC0I,en-ar_EG:::speech:::vid_Qu8m9h-AC0I,validation,en-cs_CZ
2,en-cs_CZ:::speech:::vid_RIjzeZ1xk1c,en-ar_EG:::speech:::vid_RIjzeZ1xk1c,validation,en-cs_CZ
2,en-cs_CZ:::speech:::vid_Si9CnnVI8sk,en-ar_EG:::speech:::vid_Si9CnnVI8sk,validation,en-cs_CZ
2,en-cs_CZ:::speech:::vid_YNQ_7eV3WcE,en-ar_EG:::speech:::vid_YNQ_7eV3WcE,validation,en-cs_CZ
2,en-cs_CZ:::dialogue:::MUL1139,en-cs_CZ:::dialogue:::MUL1139,test,en-cs_CZ
2,en-cs_CZ:::dialogue:::PMUL2755,en-cs_CZ:::dialogue:::PMUL2755,test,en-cs_CZ
2,en-cs_CZ:::news:::guardian.229338,en-cs_CZ:::news:::guardian.229338,test,en-cs_CZ
2,en-cs_CZ:::news:::guardian.231311,en-ar_EG:::news:::guardian.231311,test,en-cs_CZ
2,en-cs_CZ:::social:::114174389242714730,en-ar_EG:::social:::114174389242714730,test,en-cs_CZ
2,en-cs_CZ:::speech:::vid_3vpEaAjDgtI,en-ar_EG:::speech:::vid_3vpEaAjDgtI,test,en-cs_CZ
2,en-cs_CZ:::speech:::vid_JoTLTGv8kqA,en-ar_EG:::speech:::vid_JoTLTGv8kqA,test,en-cs_CZ
2,en-cs_CZ:::speech:::vid_QgTkUWYd82M,en-ar_EG:::speech:::vid_QgTkUWYd82M,test,en-cs_CZ
2,en-cs_CZ:::speech:::vid_YTxmx8hyJtA,en-ar_EG:::speech:::vid_YTxmx8hyJtA,test,en-cs_CZ
2,en-cs_CZ:::speech:::vid_n-mmxFdva4w,en-bho_IN:::speech:::vid_n-mmxFdva4w,test,en-cs_CZ
2,en-cs_CZ:::speech:::vid_qhwgP27R4xw,en-ar_EG:::speech:::vid_qhwgP27R4xw,test,en-cs_CZ
2,en-cs_CZ:::speech:::vid_uZvI4plitd4,en-cs_CZ:::speech:::vid_uZvI4plitd4,test,en-cs_CZ
3,en-cs_CZ:::dialogue:::MUL1060,en-cs_CZ:::dialogue:::MUL1060,train,en-cs_CZ
3,en-cs_CZ:::dialogue:::MUL1139,en-cs_CZ:::dialogue:::MUL1139,train,en-cs_CZ
3,en-cs_CZ:::dialogue:::MUL2294,en-cs_CZ:::dialogue:::MUL2294,train,en-cs_CZ
3,en-cs_CZ:::dialogue:::MUL2305,en-cs_CZ:::dialogue:::MUL2305,train,en-cs_CZ
3,en-cs_CZ:::dialogue:::PMUL2755,en-cs_CZ:::dialogue:::PMUL2755,train,en-cs_CZ
3,en-cs_CZ:::dialogue:::PMUL4134,en-cs_CZ:::dialogue:::PMUL4134,train,en-cs_CZ
3,en-cs_CZ:::dialogue:::PMUL4140,en-cs_CZ:::dialogue:::PMUL4140,train,en-cs_CZ
3,en-cs_CZ:::dialogue:::SNG0991,en-cs_CZ:::dialogue:::SNG0991,train,en-cs_CZ
3,en-cs_CZ:::literary:::rink_rats_chapter2,en-ar_EG:::literary:::rink_rats_chapter2,train,en-cs_CZ
3,en-cs_CZ:::news:::guardian.229338,en-cs_CZ:::news:::guardian.229338,train,en-cs_CZ
3,en-cs_CZ:::news:::guardian.230737,en-bho_IN:::news:::guardian.230737,train,en-cs_CZ
3,en-cs_CZ:::news:::newrepublic.com.12619,en-ar_EG:::news:::newrepublic.com.12619,train,en-cs_CZ
3,en-cs_CZ:::news:::newrepublic.com.12623,en-ar_EG:::news:::newrepublic.com.12623,train,en-cs_CZ
3,en-cs_CZ:::social:::114174389242714730,en-ar_EG:::social:::114174389242714730,train,en-cs_CZ
3,en-cs_CZ:::social:::114300646822630777,en-ar_EG:::social:::114300646822630777,train,en-cs_CZ
3,en-cs_CZ:::social:::114417630342798842,en-ar_EG:::social:::114417630342798842,train,en-cs_CZ
3,en-cs_CZ:::speech:::vid_27keISTaqYw,en-ar_EG:::speech:::vid_27keISTaqYw,train,en-cs_CZ
3,en-cs_CZ:::speech:::vid_3vpEaAjDgtI,en-ar_EG:::speech:::vid_3vpEaAjDgtI,train,en-cs_CZ
3,en-cs_CZ:::speech:::vid_6dP6bHX73_k,en-ar_EG:::speech:::vid_6dP6bHX73_k,train,en-cs_CZ
3,en-cs_CZ:::speech:::vid_7Aw4Q46omiM,en-ar_EG:::speech:::vid_7Aw4Q46omiM,train,en-cs_CZ
3,en-cs_CZ:::speech:::vid_JoTLTGv8kqA,en-ar_EG:::speech:::vid_JoTLTGv8kqA,train,en-cs_CZ
3,en-cs_CZ:::speech:::vid_JpW9KlX1Pjs,en-ar_EG:::speech:::vid_JpW9KlX1Pjs,train,en-cs_CZ
3,en-cs_CZ:::speech:::vid_Kr2KbsdNHWs,en-cs_CZ:::speech:::vid_Kr2KbsdNHWs,train,en-cs_CZ
3,en-cs_CZ:::speech:::vid_Lb7Dhf7oo4Y,en-ar_EG:::speech:::vid_Lb7Dhf7oo4Y,train,en-cs_CZ
3,en-cs_CZ:::speech:::vid_P2a0lVGYDNo,en-cs_CZ:::speech:::vid_P2a0lVGYDNo,train,en-cs_CZ
3,en-cs_CZ:::speech:::vid_QgTkUWYd82M,en-ar_EG:::speech:::vid_QgTkUWYd82M,train,en-cs_CZ
3,en-cs_CZ:::speech:::vid_Qu8m9h-AC0I,en-ar_EG:::speech:::vid_Qu8m9h-AC0I,train,en-cs_CZ
3,en-cs_CZ:::speech:::vid_RIjzeZ1xk1c,en-ar_EG:::speech:::vid_RIjzeZ1xk1c,train,en-cs_CZ
3,en-cs_CZ:::speech:::vid_Si9CnnVI8sk,en-ar_EG:::speech:::vid_Si9CnnVI8sk,train,en-cs_CZ
3,en-cs_CZ:::speech:::vid__S0GOwEJXUA,en-ar_EG:::speech:::vid__S0GOwEJXUA,train,en-cs_CZ
3,en-cs_CZ:::speech:::vid_blR87HY5UPk,en-ar_EG:::speech:::vid_blR87HY5UPk,train,en-cs_CZ
3,en-cs_CZ:::speech:::vid_m6CcZN4S8mk,en-cs_CZ:::speech:::vid_m6CcZN4S8mk,train,en-cs_CZ
3,en-cs_CZ:::speech:::vid_nU09s4CuaRg,en-ar_EG:::speech:::vid_nU09s4CuaRg,train,en-cs_CZ
3,en-cs_CZ:::speech:::vid_qhwgP27R4xw,en-ar_EG:::speech:::vid_qhwgP27R4xw,train,en-cs_CZ
3,en-cs_CZ:::speech:::vid_r-aI0JD0bCE,en-ar_EG:::speech:::vid_r-aI0JD0bCE,train,en-cs_CZ
3,en-cs_CZ:::speech:::vid_rU8nY03Lo5s,en-ar_EG:::speech:::vid_rU8nY03Lo5s,train,en-cs_CZ
3,en-cs_CZ:::speech:::vid_uZvI4plitd4,en-cs_CZ:::speech:::vid_uZvI4plitd4,train,en-cs_CZ
3,en-cs_CZ:::speech:::vid_wTKg_pD9bHo,en-cs_CZ:::speech:::vid_wTKg_pD9bHo,train,en-cs_CZ
3,en-cs_CZ:::speech:::vid_x48axn9yc9k,en-bho_IN:::speech:::vid_x48axn9yc9k,train,en-cs_CZ
3,en-cs_CZ:::dialogue:::MUL0845,en-cs_CZ:::dialogue:::MUL0845,validation,en-cs_CZ
3,en-cs_CZ:::dialogue:::MUL2290,en-cs_CZ:::dialogue:::MUL2290,validation,en-cs_CZ
3,en-cs_CZ:::news:::guardian.228996,en-ar_EG:::news:::guardian.228996,validation,en-cs_CZ
3,en-cs_CZ:::news:::guardian.231311,en-ar_EG:::news:::guardian.231311,validation,en-cs_CZ
3,en-cs_CZ:::social:::112502991207286008,en-ar_EG:::social:::112502991207286008,validation,en-cs_CZ
3,en-cs_CZ:::speech:::vid_Ft41IG2BAG8,en-ar_EG:::speech:::vid_Ft41IG2BAG8,validation,en-cs_CZ
3,en-cs_CZ:::speech:::vid_M7v3ZfP4fm0,en-ar_EG:::speech:::vid_M7v3ZfP4fm0,validation,en-cs_CZ
3,en-cs_CZ:::speech:::vid_YTxmx8hyJtA,en-ar_EG:::speech:::vid_YTxmx8hyJtA,validation,en-cs_CZ
3,en-cs_CZ:::speech:::vid_n-mmxFdva4w,en-bho_IN:::speech:::vid_n-mmxFdva4w,validation,en-cs_CZ
3,en-cs_CZ:::dialogue:::MUL1066,en-cs_CZ:::dialogue:::MUL1066,test,en-cs_CZ
3,en-cs_CZ:::dialogue:::MUL2405,en-cs_CZ:::dialogue:::MUL2405,test,en-cs_CZ
3,en-cs_CZ:::news:::en.ndtv.com.357237,en-cs_CZ:::news:::en.ndtv.com.357237,test,en-cs_CZ
3,en-cs_CZ:::news:::guardian.230238,en-ar_EG:::news:::guardian.230238,test,en-cs_CZ
3,en-cs_CZ:::news:::nytimes.153341,en-bho_IN:::news:::nytimes.153341,test,en-cs_CZ
3,en-cs_CZ:::social:::114151944720213193,en-ar_EG:::social:::114151944720213193,test,en-cs_CZ
3,en-cs_CZ:::speech:::vid_3DI4-E5Imow,en-ar_EG:::speech:::vid_3DI4-E5Imow,test,en-cs_CZ
3,en-cs_CZ:::speech:::vid_JIq55zBGNX4,en-ar_EG:::speech:::vid_JIq55zBGNX4,test,en-cs_CZ
3,en-cs_CZ:::speech:::vid_OmK3XTCDbbs,en-ar_EG:::speech:::vid_OmK3XTCDbbs,test,en-cs_CZ
3,en-cs_CZ:::speech:::vid_YNQ_7eV3WcE,en-ar_EG:::speech:::vid_YNQ_7eV3WcE,test,en-cs_CZ
3,en-cs_CZ:::speech:::vid_ncokXMVuG5s,en-cs_CZ:::speech:::vid_ncokXMVuG5s,test,en-cs_CZ
3,en-cs_CZ:::speech:::vid_pykdLJtt9yk,en-ar_EG:::speech:::vid_pykdLJtt9yk,test,en-cs_CZ
4,en-cs_CZ:::dialogue:::MUL0845,en-cs_CZ:::dialogue:::MUL0845,train,en-cs_CZ
4,en-cs_CZ:::dialogue:::MUL1066,en-cs_CZ:::dialogue:::MUL1066,train,en-cs_CZ
4,en-cs_CZ:::dialogue:::MUL1139,en-cs_CZ:::dialogue:::MUL1139,train,en-cs_CZ
4,en-cs_CZ:::dialogue:::MUL2290,en-cs_CZ:::dialogue:::MUL2290,train,en-cs_CZ
4,en-cs_CZ:::dialogue:::MUL2405,en-cs_CZ:::dialogue:::MUL2405,train,en-cs_CZ
4,en-cs_CZ:::dialogue:::PMUL2755,en-cs_CZ:::dialogue:::PMUL2755,train,en-cs_CZ
4,en-cs_CZ:::dialogue:::PMUL4134,en-cs_CZ:::dialogue:::PMUL4134,train,en-cs_CZ
4,en-cs_CZ:::dialogue:::PMUL4140,en-cs_CZ:::dialogue:::PMUL4140,train,en-cs_CZ
4,en-cs_CZ:::literary:::rink_rats_chapter2,en-ar_EG:::literary:::rink_rats_chapter2,train,en-cs_CZ
4,en-cs_CZ:::news:::en.ndtv.com.357237,en-cs_CZ:::news:::en.ndtv.com.357237,train,en-cs_CZ
4,en-cs_CZ:::news:::guardian.229338,en-cs_CZ:::news:::guardian.229338,train,en-cs_CZ
4,en-cs_CZ:::news:::guardian.230238,en-ar_EG:::news:::guardian.230238,train,en-cs_CZ
4,en-cs_CZ:::news:::guardian.231311,en-ar_EG:::news:::guardian.231311,train,en-cs_CZ
4,en-cs_CZ:::news:::newrepublic.com.12623,en-ar_EG:::news:::newrepublic.com.12623,train,en-cs_CZ
4,en-cs_CZ:::social:::114151944720213193,en-ar_EG:::social:::114151944720213193,train,en-cs_CZ
4,en-cs_CZ:::social:::114174389242714730,en-ar_EG:::social:::114174389242714730,train,en-cs_CZ
4,en-cs_CZ:::social:::114300646822630777,en-ar_EG:::social:::114300646822630777,train,en-cs_CZ
4,en-cs_CZ:::social:::114417630342798842,en-ar_EG:::social:::114417630342798842,train,en-cs_CZ
4,en-cs_CZ:::speech:::vid_3DI4-E5Imow,en-ar_EG:::speech:::vid_3DI4-E5Imow,train,en-cs_CZ
4,en-cs_CZ:::speech:::vid_3vpEaAjDgtI,en-ar_EG:::speech:::vid_3vpEaAjDgtI,train,en-cs_CZ
4,en-cs_CZ:::speech:::vid_JIq55zBGNX4,en-ar_EG:::speech:::vid_JIq55zBGNX4,train,en-cs_CZ
4,en-cs_CZ:::speech:::vid_JoTLTGv8kqA,en-ar_EG:::speech:::vid_JoTLTGv8kqA,train,en-cs_CZ
4,en-cs_CZ:::speech:::vid_JpW9KlX1Pjs,en-ar_EG:::speech:::vid_JpW9KlX1Pjs,train,en-cs_CZ
4,en-cs_CZ:::speech:::vid_Kr2KbsdNHWs,en-cs_CZ:::speech:::vid_Kr2KbsdNHWs,train,en-cs_CZ
4,en-cs_CZ:::speech:::vid_Lb7Dhf7oo4Y,en-ar_EG:::speech:::vid_Lb7Dhf7oo4Y,train,en-cs_CZ
4,en-cs_CZ:::speech:::vid_OmK3XTCDbbs,en-ar_EG:::speech:::vid_OmK3XTCDbbs,train,en-cs_CZ
4,en-cs_CZ:::speech:::vid_P2a0lVGYDNo,en-cs_CZ:::speech:::vid_P2a0lVGYDNo,train,en-cs_CZ
4,en-cs_CZ:::speech:::vid_QgTkUWYd82M,en-ar_EG:::speech:::vid_QgTkUWYd82M,train,en-cs_CZ
4,en-cs_CZ:::speech:::vid_Qu8m9h-AC0I,en-ar_EG:::speech:::vid_Qu8m9h-AC0I,train,en-cs_CZ
4,en-cs_CZ:::speech:::vid_RIjzeZ1xk1c,en-ar_EG:::speech:::vid_RIjzeZ1xk1c,train,en-cs_CZ
4,en-cs_CZ:::speech:::vid_YNQ_7eV3WcE,en-ar_EG:::speech:::vid_YNQ_7eV3WcE,train,en-cs_CZ
4,en-cs_CZ:::speech:::vid_YTxmx8hyJtA,en-ar_EG:::speech:::vid_YTxmx8hyJtA,train,en-cs_CZ
4,en-cs_CZ:::speech:::vid__S0GOwEJXUA,en-ar_EG:::speech:::vid__S0GOwEJXUA,train,en-cs_CZ
4,en-cs_CZ:::speech:::vid_blR87HY5UPk,en-ar_EG:::speech:::vid_blR87HY5UPk,train,en-cs_CZ
4,en-cs_CZ:::speech:::vid_pykdLJtt9yk,en-ar_EG:::speech:::vid_pykdLJtt9yk,train,en-cs_CZ
4,en-cs_CZ:::speech:::vid_qhwgP27R4xw,en-ar_EG:::speech:::vid_qhwgP27R4xw,train,en-cs_CZ
4,en-cs_CZ:::speech:::vid_r-aI0JD0bCE,en-ar_EG:::speech:::vid_r-aI0JD0bCE,train,en-cs_CZ
4,en-cs_CZ:::speech:::vid_uZvI4plitd4,en-cs_CZ:::speech:::vid_uZvI4plitd4,train,en-cs_CZ
4,en-cs_CZ:::speech:::vid_wTKg_pD9bHo,en-cs_CZ:::speech:::vid_wTKg_pD9bHo,train,en-cs_CZ
4,en-cs_CZ:::dialogue:::MUL2294,en-cs_CZ:::dialogue:::MUL2294,validation,en-cs_CZ
4,en-cs_CZ:::news:::newrepublic.com.12619,en-ar_EG:::news:::newrepublic.com.12619,validation,en-cs_CZ
4,en-cs_CZ:::news:::nytimes.153341,en-bho_IN:::news:::nytimes.153341,validation,en-cs_CZ
4,en-cs_CZ:::speech:::vid_6dP6bHX73_k,en-ar_EG:::speech:::vid_6dP6bHX73_k,validation,en-cs_CZ
4,en-cs_CZ:::speech:::vid_7Aw4Q46omiM,en-ar_EG:::speech:::vid_7Aw4Q46omiM,validation,en-cs_CZ
4,en-cs_CZ:::speech:::vid_n-mmxFdva4w,en-bho_IN:::speech:::vid_n-mmxFdva4w,validation,en-cs_CZ
4,en-cs_CZ:::speech:::vid_ncokXMVuG5s,en-cs_CZ:::speech:::vid_ncokXMVuG5s,validation,en-cs_CZ
4,en-cs_CZ:::speech:::vid_rU8nY03Lo5s,en-ar_EG:::speech:::vid_rU8nY03Lo5s,validation,en-cs_CZ
4,en-cs_CZ:::speech:::vid_x48axn9yc9k,en-bho_IN:::speech:::vid_x48axn9yc9k,validation,en-cs_CZ
4,en-cs_CZ:::dialogue:::MUL1060,en-cs_CZ:::dialogue:::MUL1060,test,en-cs_CZ
4,en-cs_CZ:::dialogue:::MUL2305,en-cs_CZ:::dialogue:::MUL2305,test,en-cs_CZ
4,en-cs_CZ:::dialogue:::SNG0991,en-cs_CZ:::dialogue:::SNG0991,test,en-cs_CZ
4,en-cs_CZ:::news:::guardian.228996,en-ar_EG:::news:::guardian.228996,test,en-cs_CZ
4,en-cs_CZ:::news:::guardian.230737,en-bho_IN:::news:::guardian.230737,test,en-cs_CZ
4,en-cs_CZ:::social:::112502991207286008,en-ar_EG:::social:::112502991207286008,test,en-cs_CZ
4,en-cs_CZ:::speech:::vid_27keISTaqYw,en-ar_EG:::speech:::vid_27keISTaqYw,test,en-cs_CZ
4,en-cs_CZ:::speech:::vid_Ft41IG2BAG8,en-ar_EG:::speech:::vid_Ft41IG2BAG8,test,en-cs_CZ
4,en-cs_CZ:::speech:::vid_M7v3ZfP4fm0,en-ar_EG:::speech:::vid_M7v3ZfP4fm0,test,en-cs_CZ
4,en-cs_CZ:::speech:::vid_Si9CnnVI8sk,en-ar_EG:::speech:::vid_Si9CnnVI8sk,test,en-cs_CZ
4,en-cs_CZ:::speech:::vid_m6CcZN4S8mk,en-cs_CZ:::speech:::vid_m6CcZN4S8mk,test,en-cs_CZ
4,en-cs_CZ:::speech:::vid_nU09s4CuaRg,en-ar_EG:::speech:::vid_nU09s4CuaRg,test,en-cs_CZ
5,en-cs_CZ:::dialogue:::MUL1060,en-cs_CZ:::dialogue:::MUL1060,train,en-cs_CZ
5,en-cs_CZ:::dialogue:::MUL1139,en-cs_CZ:::dialogue:::MUL1139,train,en-cs_CZ
5,en-cs_CZ:::dialogue:::MUL2290,en-cs_CZ:::dialogue:::MUL2290,train,en-cs_CZ
5,en-cs_CZ:::dialogue:::MUL2405,en-cs_CZ:::dialogue:::MUL2405,train,en-cs_CZ
5,en-cs_CZ:::dialogue:::PMUL2755,en-cs_CZ:::dialogue:::PMUL2755,train,en-cs_CZ
5,en-cs_CZ:::dialogue:::PMUL4134,en-cs_CZ:::dialogue:::PMUL4134,train,en-cs_CZ
5,en-cs_CZ:::dialogue:::SNG0991,en-cs_CZ:::dialogue:::SNG0991,train,en-cs_CZ
5,en-cs_CZ:::news:::en.ndtv.com.357237,en-cs_CZ:::news:::en.ndtv.com.357237,train,en-cs_CZ
5,en-cs_CZ:::news:::guardian.228996,en-ar_EG:::news:::guardian.228996,train,en-cs_CZ
5,en-cs_CZ:::news:::guardian.229338,en-cs_CZ:::news:::guardian.229338,train,en-cs_CZ
5,en-cs_CZ:::news:::guardian.230238,en-ar_EG:::news:::guardian.230238,train,en-cs_CZ
5,en-cs_CZ:::news:::guardian.230737,en-bho_IN:::news:::guardian.230737,train,en-cs_CZ
5,en-cs_CZ:::news:::guardian.231311,en-ar_EG:::news:::guardian.231311,train,en-cs_CZ
5,en-cs_CZ:::news:::newrepublic.com.12619,en-ar_EG:::news:::newrepublic.com.12619,train,en-cs_CZ
5,en-cs_CZ:::news:::nytimes.153341,en-bho_IN:::news:::nytimes.153341,train,en-cs_CZ
5,en-cs_CZ:::social:::112502991207286008,en-ar_EG:::social:::112502991207286008,train,en-cs_CZ
5,en-cs_CZ:::social:::114151944720213193,en-ar_EG:::social:::114151944720213193,train,en-cs_CZ
5,en-cs_CZ:::social:::114174389242714730,en-ar_EG:::social:::114174389242714730,train,en-cs_CZ
5,en-cs_CZ:::speech:::vid_27keISTaqYw,en-ar_EG:::speech:::vid_27keISTaqYw,train,en-cs_CZ
5,en-cs_CZ:::speech:::vid_3DI4-E5Imow,en-ar_EG:::speech:::vid_3DI4-E5Imow,train,en-cs_CZ
5,en-cs_CZ:::speech:::vid_3vpEaAjDgtI,en-ar_EG:::speech:::vid_3vpEaAjDgtI,train,en-cs_CZ
5,en-cs_CZ:::speech:::vid_6dP6bHX73_k,en-ar_EG:::speech:::vid_6dP6bHX73_k,train,en-cs_CZ
5,en-cs_CZ:::speech:::vid_JIq55zBGNX4,en-ar_EG:::speech:::vid_JIq55zBGNX4,train,en-cs_CZ
5,en-cs_CZ:::speech:::vid_JoTLTGv8kqA,en-ar_EG:::speech:::vid_JoTLTGv8kqA,train,en-cs_CZ
5,en-cs_CZ:::speech:::vid_JpW9KlX1Pjs,en-ar_EG:::speech:::vid_JpW9KlX1Pjs,train,en-cs_CZ
5,en-cs_CZ:::speech:::vid_Kr2KbsdNHWs,en-cs_CZ:::speech:::vid_Kr2KbsdNHWs,train,en-cs_CZ
5,en-cs_CZ:::speech:::vid_M7v3ZfP4fm0,en-ar_EG:::speech:::vid_M7v3ZfP4fm0,train,en-cs_CZ
5,en-cs_CZ:::speech:::vid_OmK3XTCDbbs,en-ar_EG:::speech:::vid_OmK3XTCDbbs,train,en-cs_CZ
5,en-cs_CZ:::speech:::vid_QgTkUWYd82M,en-ar_EG:::speech:::vid_QgTkUWYd82M,train,en-cs_CZ
5,en-cs_CZ:::speech:::vid_Si9CnnVI8sk,en-ar_EG:::speech:::vid_Si9CnnVI8sk,train,en-cs_CZ
5,en-cs_CZ:::speech:::vid_YNQ_7eV3WcE,en-ar_EG:::speech:::vid_YNQ_7eV3WcE,train,en-cs_CZ
5,en-cs_CZ:::speech:::vid__S0GOwEJXUA,en-ar_EG:::speech:::vid__S0GOwEJXUA,train,en-cs_CZ
5,en-cs_CZ:::speech:::vid_m6CcZN4S8mk,en-cs_CZ:::speech:::vid_m6CcZN4S8mk,train,en-cs_CZ
5,en-cs_CZ:::speech:::vid_n-mmxFdva4w,en-bho_IN:::speech:::vid_n-mmxFdva4w,train,en-cs_CZ
5,en-cs_CZ:::speech:::vid_nU09s4CuaRg,en-ar_EG:::speech:::vid_nU09s4CuaRg,train,en-cs_CZ
5,en-cs_CZ:::speech:::vid_ncokXMVuG5s,en-cs_CZ:::speech:::vid_ncokXMVuG5s,train,en-cs_CZ
5,en-cs_CZ:::speech:::vid_r-aI0JD0bCE,en-ar_EG:::speech:::vid_r-aI0JD0bCE,train,en-cs_CZ
5,en-cs_CZ:::speech:::vid_uZvI4plitd4,en-cs_CZ:::speech:::vid_uZvI4plitd4,train,en-cs_CZ
5,en-cs_CZ:::speech:::vid_wTKg_pD9bHo,en-cs_CZ:::speech:::vid_wTKg_pD9bHo,train,en-cs_CZ
5,en-cs_CZ:::dialogue:::MUL1066,en-cs_CZ:::dialogue:::MUL1066,validation,en-cs_CZ
5,en-cs_CZ:::dialogue:::MUL2305,en-cs_CZ:::dialogue:::MUL2305,validation,en-cs_CZ
5,en-cs_CZ:::social:::114300646822630777,en-ar_EG:::social:::114300646822630777,validation,en-cs_CZ
5,en-cs_CZ:::speech:::vid_Ft41IG2BAG8,en-ar_EG:::speech:::vid_Ft41IG2BAG8,validation,en-cs_CZ
5,en-cs_CZ:::speech:::vid_Qu8m9h-AC0I,en-ar_EG:::speech:::vid_Qu8m9h-AC0I,validation,en-cs_CZ
5,en-cs_CZ:::speech:::vid_YTxmx8hyJtA,en-ar_EG:::speech:::vid_YTxmx8hyJtA,validation,en-cs_CZ
5,en-cs_CZ:::speech:::vid_pykdLJtt9yk,en-ar_EG:::speech:::vid_pykdLJtt9yk,validation,en-cs_CZ
5,en-cs_CZ:::speech:::vid_qhwgP27R4xw,en-ar_EG:::speech:::vid_qhwgP27R4xw,validation,en-cs_CZ
5,en-cs_CZ:::speech:::vid_x48axn9yc9k,en-bho_IN:::speech:::vid_x48axn9yc9k,validation,en-cs_CZ
5,en-cs_CZ:::dialogue:::MUL0845,en-cs_CZ:::dialogue:::MUL0845,test,en-cs_CZ
5,en-cs_CZ:::dialogue:::MUL2294,en-cs_CZ:::dialogue:::MUL2294,test,en-cs_CZ
5,en-cs_CZ:::dialogue:::PMUL4140,en-cs_CZ:::dialogue:::PMUL4140,test,en-cs_CZ
5,en-cs_CZ:::literary:::rink_rats_chapter2,en-ar_EG:::literary:::rink_rats_chapter2,test,en-cs_CZ
5,en-cs_CZ:::news:::newrepublic.com.12623,en-ar_EG:::news:::newrepublic.com.12623,test,en-cs_CZ
5,en-cs_CZ:::social:::114417630342798842,en-ar_EG:::social:::114417630342798842,test,en-cs_CZ
5,en-cs_CZ:::speech:::vid_7Aw4Q46omiM,en-ar_EG:::speech:::vid_7Aw4Q46omiM,test,en-cs_CZ
5,en-cs_CZ:::speech:::vid_Lb7Dhf7oo4Y,en-ar_EG:::speech:::vid_Lb7Dhf7oo4Y,test,en-cs_CZ
5,en-cs_CZ:::speech:::vid_P2a0lVGYDNo,en-cs_CZ:::speech:::vid_P2a0lVGYDNo,test,en-cs_CZ
5,en-cs_CZ:::speech:::vid_RIjzeZ1xk1c,en-ar_EG:::speech:::vid_RIjzeZ1xk1c,test,en-cs_CZ
5,en-cs_CZ:::speech:::vid_blR87HY5UPk,en-ar_EG:::speech:::vid_blR87HY5UPk,test,en-cs_CZ
5,en-cs_CZ:::speech:::vid_rU8nY03Lo5s,en-ar_EG:::speech:::vid_rU8nY03Lo5s,test,en-cs_CZ
1,en-et_EE:::literary:::rink_rats_chapter2,en-ar_EG:::literary:::rink_rats_chapter2,train,en-et_EE
1,en-et_EE:::news:::en.ndtv.com.357237,en-cs_CZ:::news:::en.ndtv.com.357237,train,en-et_EE
1,en-et_EE:::news:::guardian.228996,en-ar_EG:::news:::guardian.228996,train,en-et_EE
1,en-et_EE:::news:::guardian.229338,en-cs_CZ:::news:::guardian.229338,train,en-et_EE
1,en-et_EE:::news:::guardian.230737,en-bho_IN:::news:::guardian.230737,train,en-et_EE
1,en-et_EE:::news:::guardian.231311,en-ar_EG:::news:::guardian.231311,train,en-et_EE
1,en-et_EE:::news:::newrepublic.com.12623,en-ar_EG:::news:::newrepublic.com.12623,train,en-et_EE
1,en-et_EE:::news:::nytimes.153341,en-bho_IN:::news:::nytimes.153341,train,en-et_EE
1,en-et_EE:::social:::114151944720213193,en-ar_EG:::social:::114151944720213193,train,en-et_EE
1,en-et_EE:::social:::114174389242714730,en-ar_EG:::social:::114174389242714730,train,en-et_EE
1,en-et_EE:::social:::114300646822630777,en-ar_EG:::social:::114300646822630777,train,en-et_EE
1,en-et_EE:::social:::114417630342798842,en-ar_EG:::social:::114417630342798842,train,en-et_EE
1,en-et_EE:::speech:::vid_3vpEaAjDgtI,en-ar_EG:::speech:::vid_3vpEaAjDgtI,train,en-et_EE
1,en-et_EE:::speech:::vid_7Aw4Q46omiM,en-ar_EG:::speech:::vid_7Aw4Q46omiM,train,en-et_EE
1,en-et_EE:::speech:::vid_JIq55zBGNX4,en-ar_EG:::speech:::vid_JIq55zBGNX4,train,en-et_EE
1,en-et_EE:::speech:::vid_JoTLTGv8kqA,en-ar_EG:::speech:::vid_JoTLTGv8kqA,train,en-et_EE
1,en-et_EE:::speech:::vid_OmK3XTCDbbs,en-ar_EG:::speech:::vid_OmK3XTCDbbs,train,en-et_EE
1,en-et_EE:::speech:::vid_PJLN1kAzbyw,en-ar_EG:::speech:::vid_PJLN1kAzbyw,train,en-et_EE
1,en-et_EE:::speech:::vid_QgTkUWYd82M,en-ar_EG:::speech:::vid_QgTkUWYd82M,train,en-et_EE
1,en-et_EE:::speech:::vid_RIjzeZ1xk1c,en-ar_EG:::speech:::vid_RIjzeZ1xk1c,train,en-et_EE
1,en-et_EE:::speech:::vid_Si9CnnVI8sk,en-ar_EG:::speech:::vid_Si9CnnVI8sk,train,en-et_EE
1,en-et_EE:::speech:::vid_YNQ_7eV3WcE,en-ar_EG:::speech:::vid_YNQ_7eV3WcE,train,en-et_EE
1,en-et_EE:::speech:::vid_YTxmx8hyJtA,en-ar_EG:::speech:::vid_YTxmx8hyJtA,train,en-et_EE
1,en-et_EE:::speech:::vid_fWRlPSl5itQ,en-bho_IN:::speech:::vid_fWRlPSl5itQ,train,en-et_EE
1,en-et_EE:::speech:::vid_m6CcZN4S8mk,en-cs_CZ:::speech:::vid_m6CcZN4S8mk,train,en-et_EE
1,en-et_EE:::speech:::vid_mDjddYiHd7A,en-ar_EG:::speech:::vid_mDjddYiHd7A,train,en-et_EE
1,en-et_EE:::speech:::vid_nNjtLybPRjM,en-ar_EG:::speech:::vid_nNjtLybPRjM,train,en-et_EE
1,en-et_EE:::speech:::vid_nU09s4CuaRg,en-ar_EG:::speech:::vid_nU09s4CuaRg,train,en-et_EE
1,en-et_EE:::speech:::vid_qhwgP27R4xw,en-ar_EG:::speech:::vid_qhwgP27R4xw,train,en-et_EE
1,en-et_EE:::speech:::vid_uZvI4plitd4,en-cs_CZ:::speech:::vid_uZvI4plitd4,train,en-et_EE
1,en-et_EE:::speech:::vid_v2NNTNAXRWY,en-ar_EG:::speech:::vid_v2NNTNAXRWY,train,en-et_EE
1,en-et_EE:::speech:::vid_wTKg_pD9bHo,en-cs_CZ:::speech:::vid_wTKg_pD9bHo,train,en-et_EE
1,en-et_EE:::speech:::vid_x48axn9yc9k,en-bho_IN:::speech:::vid_x48axn9yc9k,train,en-et_EE
1,en-et_EE:::news:::newrepublic.com.12619,en-ar_EG:::news:::newrepublic.com.12619,validation,en-et_EE
1,en-et_EE:::speech:::vid_3DI4-E5Imow,en-ar_EG:::speech:::vid_3DI4-E5Imow,validation,en-et_EE
1,en-et_EE:::speech:::vid_6dP6bHX73_k,en-ar_EG:::speech:::vid_6dP6bHX73_k,validation,en-et_EE
1,en-et_EE:::speech:::vid_Ft41IG2BAG8,en-ar_EG:::speech:::vid_Ft41IG2BAG8,validation,en-et_EE
1,en-et_EE:::speech:::vid_GYfhGLrrDts,en-ar_EG:::speech:::vid_GYfhGLrrDts,validation,en-et_EE
1,en-et_EE:::speech:::vid_M7v3ZfP4fm0,en-ar_EG:::speech:::vid_M7v3ZfP4fm0,validation,en-et_EE
1,en-et_EE:::speech:::vid_ncokXMVuG5s,en-cs_CZ:::speech:::vid_ncokXMVuG5s,validation,en-et_EE
1,en-et_EE:::speech:::vid_rU8nY03Lo5s,en-ar_EG:::speech:::vid_rU8nY03Lo5s,validation,en-et_EE
1,en-et_EE:::news:::brisbanetimes.com.au.306576,en-ar_EG:::news:::brisbanetimes.com.au.306576,test,en-et_EE
1,en-et_EE:::social:::112502991207286008,en-ar_EG:::social:::112502991207286008,test,en-et_EE
1,en-et_EE:::social:::114157282362077575,en-bho_IN:::social:::114157282362077575,test,en-et_EE
1,en-et_EE:::speech:::vid_27keISTaqYw,en-ar_EG:::speech:::vid_27keISTaqYw,test,en-et_EE
1,en-et_EE:::speech:::vid_8GpZT9TJJAw,en-ar_EG:::speech:::vid_8GpZT9TJJAw,test,en-et_EE
1,en-et_EE:::speech:::vid_HjRhgaz1xTI,en-et_EE:::speech:::vid_HjRhgaz1xTI,test,en-et_EE
1,en-et_EE:::speech:::vid_Kr2KbsdNHWs,en-cs_CZ:::speech:::vid_Kr2KbsdNHWs,test,en-et_EE
1,en-et_EE:::speech:::vid_Lb7Dhf7oo4Y,en-ar_EG:::speech:::vid_Lb7Dhf7oo4Y,test,en-et_EE
1,en-et_EE:::speech:::vid_Qu8m9h-AC0I,en-ar_EG:::speech:::vid_Qu8m9h-AC0I,test,en-et_EE
1,en-et_EE:::speech:::vid__S0GOwEJXUA,en-ar_EG:::speech:::vid__S0GOwEJXUA,test,en-et_EE
1,en-et_EE:::speech:::vid_r-aI0JD0bCE,en-ar_EG:::speech:::vid_r-aI0JD0bCE,test,en-et_EE
2,en-et_EE:::news:::brisbanetimes.com.au.306576,en-ar_EG:::news:::brisbanetimes.com.au.306576,train,en-et_EE
2,en-et_EE:::news:::en.ndtv.com.357237,en-cs_CZ:::news:::en.ndtv.com.357237,train,en-et_EE
2,en-et_EE:::news:::guardian.231311,en-ar_EG:::news:::guardian.231311,train,en-et_EE
2,en-et_EE:::news:::newrepublic.com.12619,en-ar_EG:::news:::newrepublic.com.12619,train,en-et_EE
2,en-et_EE:::social:::112502991207286008,en-ar_EG:::social:::112502991207286008,train,en-et_EE
2,en-et_EE:::social:::114151944720213193,en-ar_EG:::social:::114151944720213193,train,en-et_EE
2,en-et_EE:::social:::114174389242714730,en-ar_EG:::social:::114174389242714730,train,en-et_EE
2,en-et_EE:::social:::114300646822630777,en-ar_EG:::social:::114300646822630777,train,en-et_EE
2,en-et_EE:::speech:::vid_27keISTaqYw,en-ar_EG:::speech:::vid_27keISTaqYw,train,en-et_EE
2,en-et_EE:::speech:::vid_3DI4-E5Imow,en-ar_EG:::speech:::vid_3DI4-E5Imow,train,en-et_EE
2,en-et_EE:::speech:::vid_3vpEaAjDgtI,en-ar_EG:::speech:::vid_3vpEaAjDgtI,train,en-et_EE
2,en-et_EE:::speech:::vid_6dP6bHX73_k,en-ar_EG:::speech:::vid_6dP6bHX73_k,train,en-et_EE
2,en-et_EE:::speech:::vid_8GpZT9TJJAw,en-ar_EG:::speech:::vid_8GpZT9TJJAw,train,en-et_EE
2,en-et_EE:::speech:::vid_Ft41IG2BAG8,en-ar_EG:::speech:::vid_Ft41IG2BAG8,train,en-et_EE
2,en-et_EE:::speech:::vid_HjRhgaz1xTI,en-et_EE:::speech:::vid_HjRhgaz1xTI,train,en-et_EE
2,en-et_EE:::speech:::vid_JIq55zBGNX4,en-ar_EG:::speech:::vid_JIq55zBGNX4,train,en-et_EE
2,en-et_EE:::speech:::vid_Kr2KbsdNHWs,en-cs_CZ:::speech:::vid_Kr2KbsdNHWs,train,en-et_EE
2,en-et_EE:::speech:::vid_Lb7Dhf7oo4Y,en-ar_EG:::speech:::vid_Lb7Dhf7oo4Y,train,en-et_EE
2,en-et_EE:::speech:::vid_M7v3ZfP4fm0,en-ar_EG:::speech:::vid_M7v3ZfP4fm0,train,en-et_EE
2,en-et_EE:::speech:::vid_Qu8m9h-AC0I,en-ar_EG:::speech:::vid_Qu8m9h-AC0I,train,en-et_EE
2,en-et_EE:::speech:::vid_RIjzeZ1xk1c,en-ar_EG:::speech:::vid_RIjzeZ1xk1c,train,en-et_EE
2,en-et_EE:::speech:::vid_Si9CnnVI8sk,en-ar_EG:::speech:::vid_Si9CnnVI8sk,train,en-et_EE
2,en-et_EE:::speech:::vid_YNQ_7eV3WcE,en-ar_EG:::speech:::vid_YNQ_7eV3WcE,train,en-et_EE
2,en-et_EE:::speech:::vid_m6CcZN4S8mk,en-cs_CZ:::speech:::vid_m6CcZN4S8mk,train,en-et_EE
2,en-et_EE:::speech:::vid_mDjddYiHd7A,en-ar_EG:::speech:::vid_mDjddYiHd7A,train,en-et_EE
2,en-et_EE:::speech:::vid_nNjtLybPRjM,en-ar_EG:::speech:::vid_nNjtLybPRjM,train,en-et_EE
2,en-et_EE:::speech:::vid_nU09s4CuaRg,en-ar_EG:::speech:::vid_nU09s4CuaRg,train,en-et_EE
2,en-et_EE:::speech:::vid_ncokXMVuG5s,en-cs_CZ:::speech:::vid_ncokXMVuG5s,train,en-et_EE
2,en-et_EE:::speech:::vid_r-aI0JD0bCE,en-ar_EG:::speech:::vid_r-aI0JD0bCE,train,en-et_EE
2,en-et_EE:::speech:::vid_rU8nY03Lo5s,en-ar_EG:::speech:::vid_rU8nY03Lo5s,train,en-et_EE
2,en-et_EE:::speech:::vid_uZvI4plitd4,en-cs_CZ:::speech:::vid_uZvI4plitd4,train,en-et_EE
2,en-et_EE:::speech:::vid_v2NNTNAXRWY,en-ar_EG:::speech:::vid_v2NNTNAXRWY,train,en-et_EE
2,en-et_EE:::speech:::vid_x48axn9yc9k,en-bho_IN:::speech:::vid_x48axn9yc9k,train,en-et_EE
2,en-et_EE:::news:::guardian.228996,en-ar_EG:::news:::guardian.228996,validation,en-et_EE
2,en-et_EE:::news:::guardian.230737,en-bho_IN:::news:::guardian.230737,validation,en-et_EE
2,en-et_EE:::social:::114157282362077575,en-bho_IN:::social:::114157282362077575,validation,en-et_EE
2,en-et_EE:::speech:::vid_GYfhGLrrDts,en-ar_EG:::speech:::vid_GYfhGLrrDts,validation,en-et_EE
2,en-et_EE:::speech:::vid_OmK3XTCDbbs,en-ar_EG:::speech:::vid_OmK3XTCDbbs,validation,en-et_EE
2,en-et_EE:::speech:::vid_PJLN1kAzbyw,en-ar_EG:::speech:::vid_PJLN1kAzbyw,validation,en-et_EE
2,en-et_EE:::speech:::vid__S0GOwEJXUA,en-ar_EG:::speech:::vid__S0GOwEJXUA,validation,en-et_EE
2,en-et_EE:::speech:::vid_fWRlPSl5itQ,en-bho_IN:::speech:::vid_fWRlPSl5itQ,validation,en-et_EE
2,en-et_EE:::literary:::rink_rats_chapter2,en-ar_EG:::literary:::rink_rats_chapter2,test,en-et_EE
2,en-et_EE:::news:::guardian.229338,en-cs_CZ:::news:::guardian.229338,test,en-et_EE
2,en-et_EE:::news:::newrepublic.com.12623,en-ar_EG:::news:::newrepublic.com.12623,test,en-et_EE
2,en-et_EE:::news:::nytimes.153341,en-bho_IN:::news:::nytimes.153341,test,en-et_EE
2,en-et_EE:::social:::114417630342798842,en-ar_EG:::social:::114417630342798842,test,en-et_EE
2,en-et_EE:::speech:::vid_7Aw4Q46omiM,en-ar_EG:::speech:::vid_7Aw4Q46omiM,test,en-et_EE
2,en-et_EE:::speech:::vid_JoTLTGv8kqA,en-ar_EG:::speech:::vid_JoTLTGv8kqA,test,en-et_EE
2,en-et_EE:::speech:::vid_QgTkUWYd82M,en-ar_EG:::speech:::vid_QgTkUWYd82M,test,en-et_EE
2,en-et_EE:::speech:::vid_YTxmx8hyJtA,en-ar_EG:::speech:::vid_YTxmx8hyJtA,test,en-et_EE
2,en-et_EE:::speech:::vid_qhwgP27R4xw,en-ar_EG:::speech:::vid_qhwgP27R4xw,test,en-et_EE
2,en-et_EE:::speech:::vid_wTKg_pD9bHo,en-cs_CZ:::speech:::vid_wTKg_pD9bHo,test,en-et_EE
3,en-et_EE:::literary:::rink_rats_chapter2,en-ar_EG:::literary:::rink_rats_chapter2,train,en-et_EE
3,en-et_EE:::news:::guardian.229338,en-cs_CZ:::news:::guardian.229338,train,en-et_EE
3,en-et_EE:::news:::guardian.231311,en-ar_EG:::news:::guardian.231311,train,en-et_EE
3,en-et_EE:::news:::newrepublic.com.12623,en-ar_EG:::news:::newrepublic.com.12623,train,en-et_EE
3,en-et_EE:::news:::nytimes.153341,en-bho_IN:::news:::nytimes.153341,train,en-et_EE
3,en-et_EE:::social:::114151944720213193,en-ar_EG:::social:::114151944720213193,train,en-et_EE
3,en-et_EE:::social:::114157282362077575,en-bho_IN:::social:::114157282362077575,train,en-et_EE
3,en-et_EE:::social:::114174389242714730,en-ar_EG:::social:::114174389242714730,train,en-et_EE
3,en-et_EE:::social:::114417630342798842,en-ar_EG:::social:::114417630342798842,train,en-et_EE
3,en-et_EE:::speech:::vid_27keISTaqYw,en-ar_EG:::speech:::vid_27keISTaqYw,train,en-et_EE
3,en-et_EE:::speech:::vid_3DI4-E5Imow,en-ar_EG:::speech:::vid_3DI4-E5Imow,train,en-et_EE
3,en-et_EE:::speech:::vid_3vpEaAjDgtI,en-ar_EG:::speech:::vid_3vpEaAjDgtI,train,en-et_EE
3,en-et_EE:::speech:::vid_7Aw4Q46omiM,en-ar_EG:::speech:::vid_7Aw4Q46omiM,train,en-et_EE
3,en-et_EE:::speech:::vid_Ft41IG2BAG8,en-ar_EG:::speech:::vid_Ft41IG2BAG8,train,en-et_EE
3,en-et_EE:::speech:::vid_GYfhGLrrDts,en-ar_EG:::speech:::vid_GYfhGLrrDts,train,en-et_EE
3,en-et_EE:::speech:::vid_HjRhgaz1xTI,en-et_EE:::speech:::vid_HjRhgaz1xTI,train,en-et_EE
3,en-et_EE:::speech:::vid_JoTLTGv8kqA,en-ar_EG:::speech:::vid_JoTLTGv8kqA,train,en-et_EE
3,en-et_EE:::speech:::vid_Kr2KbsdNHWs,en-cs_CZ:::speech:::vid_Kr2KbsdNHWs,train,en-et_EE
3,en-et_EE:::speech:::vid_M7v3ZfP4fm0,en-ar_EG:::speech:::vid_M7v3ZfP4fm0,train,en-et_EE
3,en-et_EE:::speech:::vid_QgTkUWYd82M,en-ar_EG:::speech:::vid_QgTkUWYd82M,train,en-et_EE
3,en-et_EE:::speech:::vid_RIjzeZ1xk1c,en-ar_EG:::speech:::vid_RIjzeZ1xk1c,train,en-et_EE
3,en-et_EE:::speech:::vid_Si9CnnVI8sk,en-ar_EG:::speech:::vid_Si9CnnVI8sk,train,en-et_EE
3,en-et_EE:::speech:::vid__S0GOwEJXUA,en-ar_EG:::speech:::vid__S0GOwEJXUA,train,en-et_EE
3,en-et_EE:::speech:::vid_fWRlPSl5itQ,en-bho_IN:::speech:::vid_fWRlPSl5itQ,train,en-et_EE
3,en-et_EE:::speech:::vid_m6CcZN4S8mk,en-cs_CZ:::speech:::vid_m6CcZN4S8mk,train,en-et_EE
3,en-et_EE:::speech:::vid_mDjddYiHd7A,en-ar_EG:::speech:::vid_mDjddYiHd7A,train,en-et_EE
3,en-et_EE:::speech:::vid_nNjtLybPRjM,en-ar_EG:::speech:::vid_nNjtLybPRjM,train,en-et_EE
3,en-et_EE:::speech:::vid_ncokXMVuG5s,en-cs_CZ:::speech:::vid_ncokXMVuG5s,train,en-et_EE
3,en-et_EE:::speech:::vid_qhwgP27R4xw,en-ar_EG:::speech:::vid_qhwgP27R4xw,train,en-et_EE
3,en-et_EE:::speech:::vid_r-aI0JD0bCE,en-ar_EG:::speech:::vid_r-aI0JD0bCE,train,en-et_EE
3,en-et_EE:::speech:::vid_rU8nY03Lo5s,en-ar_EG:::speech:::vid_rU8nY03Lo5s,train,en-et_EE
3,en-et_EE:::speech:::vid_v2NNTNAXRWY,en-ar_EG:::speech:::vid_v2NNTNAXRWY,train,en-et_EE
3,en-et_EE:::speech:::vid_wTKg_pD9bHo,en-cs_CZ:::speech:::vid_wTKg_pD9bHo,train,en-et_EE
3,en-et_EE:::speech:::vid_x48axn9yc9k,en-bho_IN:::speech:::vid_x48axn9yc9k,train,en-et_EE
3,en-et_EE:::news:::brisbanetimes.com.au.306576,en-ar_EG:::news:::brisbanetimes.com.au.306576,validation,en-et_EE
3,en-et_EE:::news:::guardian.228996,en-ar_EG:::news:::guardian.228996,validation,en-et_EE
3,en-et_EE:::social:::112502991207286008,en-ar_EG:::social:::112502991207286008,validation,en-et_EE
3,en-et_EE:::speech:::vid_8GpZT9TJJAw,en-ar_EG:::speech:::vid_8GpZT9TJJAw,validation,en-et_EE
3,en-et_EE:::speech:::vid_Lb7Dhf7oo4Y,en-ar_EG:::speech:::vid_Lb7Dhf7oo4Y,validation,en-et_EE
3,en-et_EE:::speech:::vid_OmK3XTCDbbs,en-ar_EG:::speech:::vid_OmK3XTCDbbs,validation,en-et_EE
3,en-et_EE:::speech:::vid_Qu8m9h-AC0I,en-ar_EG:::speech:::vid_Qu8m9h-AC0I,validation,en-et_EE
3,en-et_EE:::speech:::vid_YTxmx8hyJtA,en-ar_EG:::speech:::vid_YTxmx8hyJtA,validation,en-et_EE
3,en-et_EE:::news:::en.ndtv.com.357237,en-cs_CZ:::news:::en.ndtv.com.357237,test,en-et_EE
3,en-et_EE:::news:::guardian.230737,en-bho_IN:::news:::guardian.230737,test,en-et_EE
3,en-et_EE:::news:::newrepublic.com.12619,en-ar_EG:::news:::newrepublic.com.12619,test,en-et_EE
3,en-et_EE:::social:::114300646822630777,en-ar_EG:::social:::114300646822630777,test,en-et_EE
3,en-et_EE:::speech:::vid_6dP6bHX73_k,en-ar_EG:::speech:::vid_6dP6bHX73_k,test,en-et_EE
3,en-et_EE:::speech:::vid_JIq55zBGNX4,en-ar_EG:::speech:::vid_JIq55zBGNX4,test,en-et_EE
3,en-et_EE:::speech:::vid_PJLN1kAzbyw,en-ar_EG:::speech:::vid_PJLN1kAzbyw,test,en-et_EE
3,en-et_EE:::speech:::vid_YNQ_7eV3WcE,en-ar_EG:::speech:::vid_YNQ_7eV3WcE,test,en-et_EE
3,en-et_EE:::speech:::vid_nU09s4CuaRg,en-ar_EG:::speech:::vid_nU09s4CuaRg,test,en-et_EE
3,en-et_EE:::speech:::vid_uZvI4plitd4,en-cs_CZ:::speech:::vid_uZvI4plitd4,test,en-et_EE
4,en-et_EE:::literary:::rink_rats_chapter2,en-ar_EG:::literary:::rink_rats_chapter2,train,en-et_EE
4,en-et_EE:::news:::brisbanetimes.com.au.306576,en-ar_EG:::news:::brisbanetimes.com.au.306576,train,en-et_EE
4,en-et_EE:::news:::en.ndtv.com.357237,en-cs_CZ:::news:::en.ndtv.com.357237,train,en-et_EE
4,en-et_EE:::news:::guardian.228996,en-ar_EG:::news:::guardian.228996,train,en-et_EE
4,en-et_EE:::news:::guardian.229338,en-cs_CZ:::news:::guardian.229338,train,en-et_EE
4,en-et_EE:::news:::newrepublic.com.12619,en-ar_EG:::news:::newrepublic.com.12619,train,en-et_EE
4,en-et_EE:::news:::newrepublic.com.12623,en-ar_EG:::news:::newrepublic.com.12623,train,en-et_EE
4,en-et_EE:::social:::112502991207286008,en-ar_EG:::social:::112502991207286008,train,en-et_EE
4,en-et_EE:::social:::114151944720213193,en-ar_EG:::social:::114151944720213193,train,en-et_EE
4,en-et_EE:::social:::114157282362077575,en-bho_IN:::social:::114157282362077575,train,en-et_EE
4,en-et_EE:::social:::114300646822630777,en-ar_EG:::social:::114300646822630777,train,en-et_EE
4,en-et_EE:::social:::114417630342798842,en-ar_EG:::social:::114417630342798842,train,en-et_EE
4,en-et_EE:::speech:::vid_27keISTaqYw,en-ar_EG:::speech:::vid_27keISTaqYw,train,en-et_EE
4,en-et_EE:::speech:::vid_3DI4-E5Imow,en-ar_EG:::speech:::vid_3DI4-E5Imow,train,en-et_EE
4,en-et_EE:::speech:::vid_8GpZT9TJJAw,en-ar_EG:::speech:::vid_8GpZT9TJJAw,train,en-et_EE
4,en-et_EE:::speech:::vid_Ft41IG2BAG8,en-ar_EG:::speech:::vid_Ft41IG2BAG8,train,en-et_EE
4,en-et_EE:::speech:::vid_HjRhgaz1xTI,en-et_EE:::speech:::vid_HjRhgaz1xTI,train,en-et_EE
4,en-et_EE:::speech:::vid_JIq55zBGNX4,en-ar_EG:::speech:::vid_JIq55zBGNX4,train,en-et_EE
4,en-et_EE:::speech:::vid_JoTLTGv8kqA,en-ar_EG:::speech:::vid_JoTLTGv8kqA,train,en-et_EE
4,en-et_EE:::speech:::vid_Kr2KbsdNHWs,en-cs_CZ:::speech:::vid_Kr2KbsdNHWs,train,en-et_EE
4,en-et_EE:::speech:::vid_M7v3ZfP4fm0,en-ar_EG:::speech:::vid_M7v3ZfP4fm0,train,en-et_EE
4,en-et_EE:::speech:::vid_PJLN1kAzbyw,en-ar_EG:::speech:::vid_PJLN1kAzbyw,train,en-et_EE
4,en-et_EE:::speech:::vid_QgTkUWYd82M,en-ar_EG:::speech:::vid_QgTkUWYd82M,train,en-et_EE
4,en-et_EE:::speech:::vid_RIjzeZ1xk1c,en-ar_EG:::speech:::vid_RIjzeZ1xk1c,train,en-et_EE
4,en-et_EE:::speech:::vid_YNQ_7eV3WcE,en-ar_EG:::speech:::vid_YNQ_7eV3WcE,train,en-et_EE
4,en-et_EE:::speech:::vid_YTxmx8hyJtA,en-ar_EG:::speech:::vid_YTxmx8hyJtA,train,en-et_EE
4,en-et_EE:::speech:::vid__S0GOwEJXUA,en-ar_EG:::speech:::vid__S0GOwEJXUA,train,en-et_EE
4,en-et_EE:::speech:::vid_fWRlPSl5itQ,en-bho_IN:::speech:::vid_fWRlPSl5itQ,train,en-et_EE
4,en-et_EE:::speech:::vid_m6CcZN4S8mk,en-cs_CZ:::speech:::vid_m6CcZN4S8mk,train,en-et_EE
4,en-et_EE:::speech:::vid_mDjddYiHd7A,en-ar_EG:::speech:::vid_mDjddYiHd7A,train,en-et_EE
4,en-et_EE:::speech:::vid_r-aI0JD0bCE,en-ar_EG:::speech:::vid_r-aI0JD0bCE,train,en-et_EE
4,en-et_EE:::speech:::vid_rU8nY03Lo5s,en-ar_EG:::speech:::vid_rU8nY03Lo5s,train,en-et_EE
4,en-et_EE:::speech:::vid_uZvI4plitd4,en-cs_CZ:::speech:::vid_uZvI4plitd4,train,en-et_EE
4,en-et_EE:::speech:::vid_wTKg_pD9bHo,en-cs_CZ:::speech:::vid_wTKg_pD9bHo,train,en-et_EE
4,en-et_EE:::news:::guardian.230737,en-bho_IN:::news:::guardian.230737,validation,en-et_EE
4,en-et_EE:::news:::nytimes.153341,en-bho_IN:::news:::nytimes.153341,validation,en-et_EE
4,en-et_EE:::speech:::vid_6dP6bHX73_k,en-ar_EG:::speech:::vid_6dP6bHX73_k,validation,en-et_EE
4,en-et_EE:::speech:::vid_7Aw4Q46omiM,en-ar_EG:::speech:::vid_7Aw4Q46omiM,validation,en-et_EE
4,en-et_EE:::speech:::vid_Lb7Dhf7oo4Y,en-ar_EG:::speech:::vid_Lb7Dhf7oo4Y,validation,en-et_EE
4,en-et_EE:::speech:::vid_Qu8m9h-AC0I,en-ar_EG:::speech:::vid_Qu8m9h-AC0I,validation,en-et_EE
4,en-et_EE:::speech:::vid_nU09s4CuaRg,en-ar_EG:::speech:::vid_nU09s4CuaRg,validation,en-et_EE
4,en-et_EE:::speech:::vid_qhwgP27R4xw,en-ar_EG:::speech:::vid_qhwgP27R4xw,validation,en-et_EE
4,en-et_EE:::news:::guardian.231311,en-ar_EG:::news:::guardian.231311,test,en-et_EE
4,en-et_EE:::social:::114174389242714730,en-ar_EG:::social:::114174389242714730,test,en-et_EE
4,en-et_EE:::speech:::vid_3vpEaAjDgtI,en-ar_EG:::speech:::vid_3vpEaAjDgtI,test,en-et_EE
4,en-et_EE:::speech:::vid_GYfhGLrrDts,en-ar_EG:::speech:::vid_GYfhGLrrDts,test,en-et_EE
4,en-et_EE:::speech:::vid_OmK3XTCDbbs,en-ar_EG:::speech:::vid_OmK3XTCDbbs,test,en-et_EE
4,en-et_EE:::speech:::vid_Si9CnnVI8sk,en-ar_EG:::speech:::vid_Si9CnnVI8sk,test,en-et_EE
4,en-et_EE:::speech:::vid_nNjtLybPRjM,en-ar_EG:::speech:::vid_nNjtLybPRjM,test,en-et_EE
4,en-et_EE:::speech:::vid_ncokXMVuG5s,en-cs_CZ:::speech:::vid_ncokXMVuG5s,test,en-et_EE
4,en-et_EE:::speech:::vid_v2NNTNAXRWY,en-ar_EG:::speech:::vid_v2NNTNAXRWY,test,en-et_EE
4,en-et_EE:::speech:::vid_x48axn9yc9k,en-bho_IN:::speech:::vid_x48axn9yc9k,test,en-et_EE
5,en-et_EE:::literary:::rink_rats_chapter2,en-ar_EG:::literary:::rink_rats_chapter2,train,en-et_EE
5,en-et_EE:::news:::en.ndtv.com.357237,en-cs_CZ:::news:::en.ndtv.com.357237,train,en-et_EE
5,en-et_EE:::news:::guardian.229338,en-cs_CZ:::news:::guardian.229338,train,en-et_EE
5,en-et_EE:::news:::guardian.230737,en-bho_IN:::news:::guardian.230737,train,en-et_EE
5,en-et_EE:::news:::guardian.231311,en-ar_EG:::news:::guardian.231311,train,en-et_EE
5,en-et_EE:::news:::newrepublic.com.12619,en-ar_EG:::news:::newrepublic.com.12619,train,en-et_EE
5,en-et_EE:::news:::newrepublic.com.12623,en-ar_EG:::news:::newrepublic.com.12623,train,en-et_EE
5,en-et_EE:::news:::nytimes.153341,en-bho_IN:::news:::nytimes.153341,train,en-et_EE
5,en-et_EE:::social:::112502991207286008,en-ar_EG:::social:::112502991207286008,train,en-et_EE
5,en-et_EE:::social:::114157282362077575,en-bho_IN:::social:::114157282362077575,train,en-et_EE
5,en-et_EE:::social:::114174389242714730,en-ar_EG:::social:::114174389242714730,train,en-et_EE
5,en-et_EE:::social:::114417630342798842,en-ar_EG:::social:::114417630342798842,train,en-et_EE
5,en-et_EE:::speech:::vid_27keISTaqYw,en-ar_EG:::speech:::vid_27keISTaqYw,train,en-et_EE
5,en-et_EE:::speech:::vid_3vpEaAjDgtI,en-ar_EG:::speech:::vid_3vpEaAjDgtI,train,en-et_EE
5,en-et_EE:::speech:::vid_6dP6bHX73_k,en-ar_EG:::speech:::vid_6dP6bHX73_k,train,en-et_EE
5,en-et_EE:::speech:::vid_8GpZT9TJJAw,en-ar_EG:::speech:::vid_8GpZT9TJJAw,train,en-et_EE
5,en-et_EE:::speech:::vid_GYfhGLrrDts,en-ar_EG:::speech:::vid_GYfhGLrrDts,train,en-et_EE
5,en-et_EE:::speech:::vid_HjRhgaz1xTI,en-et_EE:::speech:::vid_HjRhgaz1xTI,train,en-et_EE
5,en-et_EE:::speech:::vid_JIq55zBGNX4,en-ar_EG:::speech:::vid_JIq55zBGNX4,train,en-et_EE
5,en-et_EE:::speech:::vid_Kr2KbsdNHWs,en-cs_CZ:::speech:::vid_Kr2KbsdNHWs,train,en-et_EE
5,en-et_EE:::speech:::vid_Lb7Dhf7oo4Y,en-ar_EG:::speech:::vid_Lb7Dhf7oo4Y,train,en-et_EE
5,en-et_EE:::speech:::vid_OmK3XTCDbbs,en-ar_EG:::speech:::vid_OmK3XTCDbbs,train,en-et_EE
5,en-et_EE:::speech:::vid_PJLN1kAzbyw,en-ar_EG:::speech:::vid_PJLN1kAzbyw,train,en-et_EE
5,en-et_EE:::speech:::vid_Qu8m9h-AC0I,en-ar_EG:::speech:::vid_Qu8m9h-AC0I,train,en-et_EE
5,en-et_EE:::speech:::vid_Si9CnnVI8sk,en-ar_EG:::speech:::vid_Si9CnnVI8sk,train,en-et_EE
5,en-et_EE:::speech:::vid_YNQ_7eV3WcE,en-ar_EG:::speech:::vid_YNQ_7eV3WcE,train,en-et_EE
5,en-et_EE:::speech:::vid__S0GOwEJXUA,en-ar_EG:::speech:::vid__S0GOwEJXUA,train,en-et_EE
5,en-et_EE:::speech:::vid_nNjtLybPRjM,en-ar_EG:::speech:::vid_nNjtLybPRjM,train,en-et_EE
5,en-et_EE:::speech:::vid_ncokXMVuG5s,en-cs_CZ:::speech:::vid_ncokXMVuG5s,train,en-et_EE
5,en-et_EE:::speech:::vid_r-aI0JD0bCE,en-ar_EG:::speech:::vid_r-aI0JD0bCE,train,en-et_EE
5,en-et_EE:::speech:::vid_uZvI4plitd4,en-cs_CZ:::speech:::vid_uZvI4plitd4,train,en-et_EE
5,en-et_EE:::speech:::vid_v2NNTNAXRWY,en-ar_EG:::speech:::vid_v2NNTNAXRWY,train,en-et_EE
5,en-et_EE:::speech:::vid_wTKg_pD9bHo,en-cs_CZ:::speech:::vid_wTKg_pD9bHo,train,en-et_EE
5,en-et_EE:::speech:::vid_x48axn9yc9k,en-bho_IN:::speech:::vid_x48axn9yc9k,train,en-et_EE
5,en-et_EE:::news:::brisbanetimes.com.au.306576,en-ar_EG:::news:::brisbanetimes.com.au.306576,validation,en-et_EE
5,en-et_EE:::social:::114300646822630777,en-ar_EG:::social:::114300646822630777,validation,en-et_EE
5,en-et_EE:::speech:::vid_7Aw4Q46omiM,en-ar_EG:::speech:::vid_7Aw4Q46omiM,validation,en-et_EE
5,en-et_EE:::speech:::vid_JoTLTGv8kqA,en-ar_EG:::speech:::vid_JoTLTGv8kqA,validation,en-et_EE
5,en-et_EE:::speech:::vid_QgTkUWYd82M,en-ar_EG:::speech:::vid_QgTkUWYd82M,validation,en-et_EE
5,en-et_EE:::speech:::vid_YTxmx8hyJtA,en-ar_EG:::speech:::vid_YTxmx8hyJtA,validation,en-et_EE
5,en-et_EE:::speech:::vid_nU09s4CuaRg,en-ar_EG:::speech:::vid_nU09s4CuaRg,validation,en-et_EE
5,en-et_EE:::speech:::vid_qhwgP27R4xw,en-ar_EG:::speech:::vid_qhwgP27R4xw,validation,en-et_EE
5,en-et_EE:::news:::guardian.228996,en-ar_EG:::news:::guardian.228996,test,en-et_EE
5,en-et_EE:::social:::114151944720213193,en-ar_EG:::social:::114151944720213193,test,en-et_EE
5,en-et_EE:::speech:::vid_3DI4-E5Imow,en-ar_EG:::speech:::vid_3DI4-E5Imow,test,en-et_EE
5,en-et_EE:::speech:::vid_Ft41IG2BAG8,en-ar_EG:::speech:::vid_Ft41IG2BAG8,test,en-et_EE
5,en-et_EE:::speech:::vid_M7v3ZfP4fm0,en-ar_EG:::speech:::vid_M7v3ZfP4fm0,test,en-et_EE
5,en-et_EE:::speech:::vid_RIjzeZ1xk1c,en-ar_EG:::speech:::vid_RIjzeZ1xk1c,test,en-et_EE
5,en-et_EE:::speech:::vid_fWRlPSl5itQ,en-bho_IN:::speech:::vid_fWRlPSl5itQ,test,en-et_EE
5,en-et_EE:::speech:::vid_m6CcZN4S8mk,en-cs_CZ:::speech:::vid_m6CcZN4S8mk,test,en-et_EE
5,en-et_EE:::speech:::vid_mDjddYiHd7A,en-ar_EG:::speech:::vid_mDjddYiHd7A,test,en-et_EE
5,en-et_EE:::speech:::vid_rU8nY03Lo5s,en-ar_EG:::speech:::vid_rU8nY03Lo5s,test,en-et_EE
1,en-is_IS:::literary:::rink_rats_chapter2,en-ar_EG:::literary:::rink_rats_chapter2,train,en-is_IS
1,en-is_IS:::news:::en.ndtv.com.357237,en-cs_CZ:::news:::en.ndtv.com.357237,train,en-is_IS
1,en-is_IS:::news:::guardian.229338,en-cs_CZ:::news:::guardian.229338,train,en-is_IS
1,en-is_IS:::news:::guardian.229703,en-ar_EG:::news:::guardian.229703,train,en-is_IS
1,en-is_IS:::news:::guardian.231314,en-is_IS:::news:::guardian.231314,train,en-is_IS
1,en-is_IS:::news:::newrepublic.com.12619,en-ar_EG:::news:::newrepublic.com.12619,train,en-is_IS
1,en-is_IS:::news:::nytimes.153341,en-bho_IN:::news:::nytimes.153341,train,en-is_IS
1,en-is_IS:::news:::nytimes.154208,en-ar_EG:::news:::nytimes.154208,train,en-is_IS
1,en-is_IS:::social:::112502991207286008,en-ar_EG:::social:::112502991207286008,train,en-is_IS
1,en-is_IS:::social:::114157282362077575,en-bho_IN:::social:::114157282362077575,train,en-is_IS
1,en-is_IS:::social:::114174389242714730,en-ar_EG:::social:::114174389242714730,train,en-is_IS
1,en-is_IS:::social:::114294867111841563,en-ar_EG:::social:::114294867111841563,train,en-is_IS
1,en-is_IS:::social:::114300646822630777,en-ar_EG:::social:::114300646822630777,train,en-is_IS
1,en-is_IS:::speech:::vid_3DI4-E5Imow,en-ar_EG:::speech:::vid_3DI4-E5Imow,train,en-is_IS
1,en-is_IS:::speech:::vid_6dP6bHX73_k,en-ar_EG:::speech:::vid_6dP6bHX73_k,train,en-is_IS
1,en-is_IS:::speech:::vid_8I8msBYGNR4,en-bho_IN:::speech:::vid_8I8msBYGNR4,train,en-is_IS
1,en-is_IS:::speech:::vid_HxIaVXzxoBs,en-is_IS:::speech:::vid_HxIaVXzxoBs,train,en-is_IS
1,en-is_IS:::speech:::vid_JIq55zBGNX4,en-ar_EG:::speech:::vid_JIq55zBGNX4,train,en-is_IS
1,en-is_IS:::speech:::vid_JoTLTGv8kqA,en-ar_EG:::speech:::vid_JoTLTGv8kqA,train,en-is_IS
1,en-is_IS:::speech:::vid_Kr2KbsdNHWs,en-cs_CZ:::speech:::vid_Kr2KbsdNHWs,train,en-is_IS
1,en-is_IS:::speech:::vid_OmK3XTCDbbs,en-ar_EG:::speech:::vid_OmK3XTCDbbs,train,en-is_IS
1,en-is_IS:::speech:::vid_PJLN1kAzbyw,en-ar_EG:::speech:::vid_PJLN1kAzbyw,train,en-is_IS
1,en-is_IS:::speech:::vid_QgTkUWYd82M,en-ar_EG:::speech:::vid_QgTkUWYd82M,train,en-is_IS
1,en-is_IS:::speech:::vid_Qu8m9h-AC0I,en-ar_EG:::speech:::vid_Qu8m9h-AC0I,train,en-is_IS
1,en-is_IS:::speech:::vid_YNQ_7eV3WcE,en-ar_EG:::speech:::vid_YNQ_7eV3WcE,train,en-is_IS
1,en-is_IS:::speech:::vid_YTxmx8hyJtA,en-ar_EG:::speech:::vid_YTxmx8hyJtA,train,en-is_IS
1,en-is_IS:::speech:::vid__S0GOwEJXUA,en-ar_EG:::speech:::vid__S0GOwEJXUA,train,en-is_IS
1,en-is_IS:::speech:::vid_blR87HY5UPk,en-ar_EG:::speech:::vid_blR87HY5UPk,train,en-is_IS
1,en-is_IS:::speech:::vid_nNjtLybPRjM,en-ar_EG:::speech:::vid_nNjtLybPRjM,train,en-is_IS
1,en-is_IS:::speech:::vid_nU09s4CuaRg,en-ar_EG:::speech:::vid_nU09s4CuaRg,train,en-is_IS
1,en-is_IS:::speech:::vid_qhwgP27R4xw,en-ar_EG:::speech:::vid_qhwgP27R4xw,train,en-is_IS
1,en-is_IS:::speech:::vid_u2JNW0Ftyzg,en-bho_IN:::speech:::vid_u2JNW0Ftyzg,train,en-is_IS
1,en-is_IS:::speech:::vid_v2NNTNAXRWY,en-ar_EG:::speech:::vid_v2NNTNAXRWY,train,en-is_IS
1,en-is_IS:::speech:::vid_wTKg_pD9bHo,en-cs_CZ:::speech:::vid_wTKg_pD9bHo,train,en-is_IS
1,en-is_IS:::news:::newrepublic.com.12623,en-ar_EG:::news:::newrepublic.com.12623,validation,en-is_IS
1,en-is_IS:::social:::114417630342798842,en-ar_EG:::social:::114417630342798842,validation,en-is_IS
1,en-is_IS:::speech:::vid_3vpEaAjDgtI,en-ar_EG:::speech:::vid_3vpEaAjDgtI,validation,en-is_IS
1,en-is_IS:::speech:::vid_8GpZT9TJJAw,en-ar_EG:::speech:::vid_8GpZT9TJJAw,validation,en-is_IS
1,en-is_IS:::speech:::vid_GYfhGLrrDts,en-ar_EG:::speech:::vid_GYfhGLrrDts,validation,en-is_IS
1,en-is_IS:::speech:::vid_Lb7Dhf7oo4Y,en-ar_EG:::speech:::vid_Lb7Dhf7oo4Y,validation,en-is_IS
1,en-is_IS:::speech:::vid_ncokXMVuG5s,en-cs_CZ:::speech:::vid_ncokXMVuG5s,validation,en-is_IS
1,en-is_IS:::speech:::vid_rU8nY03Lo5s,en-ar_EG:::speech:::vid_rU8nY03Lo5s,validation,en-is_IS
1,en-is_IS:::news:::guardian.231311,en-ar_EG:::news:::guardian.231311,test,en-is_IS
1,en-is_IS:::social:::114151944720213193,en-ar_EG:::social:::114151944720213193,test,en-is_IS
1,en-is_IS:::speech:::vid_27keISTaqYw,en-ar_EG:::speech:::vid_27keISTaqYw,test,en-is_IS
1,en-is_IS:::speech:::vid_Ft41IG2BAG8,en-ar_EG:::speech:::vid_Ft41IG2BAG8,test,en-is_IS
1,en-is_IS:::speech:::vid_M7v3ZfP4fm0,en-ar_EG:::speech:::vid_M7v3ZfP4fm0,test,en-is_IS
1,en-is_IS:::speech:::vid_MO757yMnU0A,en-is_IS:::speech:::vid_MO757yMnU0A,test,en-is_IS
1,en-is_IS:::speech:::vid_OXHLjswiGeI,en-bho_IN:::speech:::vid_OXHLjswiGeI,test,en-is_IS
1,en-is_IS:::speech:::vid_Si9CnnVI8sk,en-ar_EG:::speech:::vid_Si9CnnVI8sk,test,en-is_IS
1,en-is_IS:::speech:::vid_m6CcZN4S8mk,en-cs_CZ:::speech:::vid_m6CcZN4S8mk,test,en-is_IS
1,en-is_IS:::speech:::vid_mDjddYiHd7A,en-ar_EG:::speech:::vid_mDjddYiHd7A,test,en-is_IS
1,en-is_IS:::speech:::vid_uB_fMAbhJwY,en-ar_EG:::speech:::vid_uB_fMAbhJwY,test,en-is_IS
2,en-is_IS:::literary:::rink_rats_chapter2,en-ar_EG:::literary:::rink_rats_chapter2,train,en-is_IS
2,en-is_IS:::news:::en.ndtv.com.357237,en-cs_CZ:::news:::en.ndtv.com.357237,train,en-is_IS
2,en-is_IS:::news:::guardian.229338,en-cs_CZ:::news:::guardian.229338,train,en-is_IS
2,en-is_IS:::news:::guardian.231314,en-is_IS:::news:::guardian.231314,train,en-is_IS
2,en-is_IS:::news:::newrepublic.com.12619,en-ar_EG:::news:::newrepublic.com.12619,train,en-is_IS
2,en-is_IS:::news:::newrepublic.com.12623,en-ar_EG:::news:::newrepublic.com.12623,train,en-is_IS
2,en-is_IS:::news:::nytimes.153341,en-bho_IN:::news:::nytimes.153341,train,en-is_IS
2,en-is_IS:::news:::nytimes.154208,en-ar_EG:::news:::nytimes.154208,train,en-is_IS
2,en-is_IS:::social:::114151944720213193,en-ar_EG:::social:::114151944720213193,train,en-is_IS
2,en-is_IS:::social:::114174389242714730,en-ar_EG:::social:::114174389242714730,train,en-is_IS
2,en-is_IS:::social:::114294867111841563,en-ar_EG:::social:::114294867111841563,train,en-is_IS
2,en-is_IS:::social:::114300646822630777,en-ar_EG:::social:::114300646822630777,train,en-is_IS
2,en-is_IS:::speech:::vid_27keISTaqYw,en-ar_EG:::speech:::vid_27keISTaqYw,train,en-is_IS
2,en-is_IS:::speech:::vid_3DI4-E5Imow,en-ar_EG:::speech:::vid_3DI4-E5Imow,train,en-is_IS
2,en-is_IS:::speech:::vid_3vpEaAjDgtI,en-ar_EG:::speech:::vid_3vpEaAjDgtI,train,en-is_IS
2,en-is_IS:::speech:::vid_6dP6bHX73_k,en-ar_EG:::speech:::vid_6dP6bHX73_k,train,en-is_IS
2,en-is_IS:::speech:::vid_Ft41IG2BAG8,en-ar_EG:::speech:::vid_Ft41IG2BAG8,train,en-is_IS
2,en-is_IS:::speech:::vid_JIq55zBGNX4,en-ar_EG:::speech:::vid_JIq55zBGNX4,train,en-is_IS
2,en-is_IS:::speech:::vid_JoTLTGv8kqA,en-ar_EG:::speech:::vid_JoTLTGv8kqA,train,en-is_IS
2,en-is_IS:::speech:::vid_M7v3ZfP4fm0,en-ar_EG:::speech:::vid_M7v3ZfP4fm0,train,en-is_IS
2,en-is_IS:::speech:::vid_MO757yMnU0A,en-is_IS:::speech:::vid_MO757yMnU0A,train,en-is_IS
2,en-is_IS:::speech:::vid_OXHLjswiGeI,en-bho_IN:::speech:::vid_OXHLjswiGeI,train,en-is_IS
2,en-is_IS:::speech:::vid_QgTkUWYd82M,en-ar_EG:::speech:::vid_QgTkUWYd82M,train,en-is_IS
2,en-is_IS:::speech:::vid_Si9CnnVI8sk,en-ar_EG:::speech:::vid_Si9CnnVI8sk,train,en-is_IS
2,en-is_IS:::speech:::vid_YTxmx8hyJtA,en-ar_EG:::speech:::vid_YTxmx8hyJtA,train,en-is_IS
2,en-is_IS:::speech:::vid_mDjddYiHd7A,en-ar_EG:::speech:::vid_mDjddYiHd7A,train,en-is_IS
2,en-is_IS:::speech:::vid_nNjtLybPRjM,en-ar_EG:::speech:::vid_nNjtLybPRjM,train,en-is_IS
2,en-is_IS:::speech:::vid_nU09s4CuaRg,en-ar_EG:::speech:::vid_nU09s4CuaRg,train,en-is_IS
2,en-is_IS:::speech:::vid_ncokXMVuG5s,en-cs_CZ:::speech:::vid_ncokXMVuG5s,train,en-is_IS
2,en-is_IS:::speech:::vid_qhwgP27R4xw,en-ar_EG:::speech:::vid_qhwgP27R4xw,train,en-is_IS
2,en-is_IS:::speech:::vid_u2JNW0Ftyzg,en-bho_IN:::speech:::vid_u2JNW0Ftyzg,train,en-is_IS
2,en-is_IS:::speech:::vid_uB_fMAbhJwY,en-ar_EG:::speech:::vid_uB_fMAbhJwY,train,en-is_IS
2,en-is_IS:::speech:::vid_v2NNTNAXRWY,en-ar_EG:::speech:::vid_v2NNTNAXRWY,train,en-is_IS
2,en-is_IS:::speech:::vid_wTKg_pD9bHo,en-cs_CZ:::speech:::vid_wTKg_pD9bHo,train,en-is_IS
2,en-is_IS:::news:::guardian.231311,en-ar_EG:::news:::guardian.231311,validation,en-is_IS
2,en-is_IS:::social:::114157282362077575,en-bho_IN:::social:::114157282362077575,validation,en-is_IS
2,en-is_IS:::speech:::vid_GYfhGLrrDts,en-ar_EG:::speech:::vid_GYfhGLrrDts,validation,en-is_IS
2,en-is_IS:::speech:::vid_OmK3XTCDbbs,en-ar_EG:::speech:::vid_OmK3XTCDbbs,validation,en-is_IS
2,en-is_IS:::speech:::vid_PJLN1kAzbyw,en-ar_EG:::speech:::vid_PJLN1kAzbyw,validation,en-is_IS
2,en-is_IS:::speech:::vid_YNQ_7eV3WcE,en-ar_EG:::speech:::vid_YNQ_7eV3WcE,validation,en-is_IS
2,en-is_IS:::speech:::vid__S0GOwEJXUA,en-ar_EG:::speech:::vid__S0GOwEJXUA,validation,en-is_IS
2,en-is_IS:::speech:::vid_m6CcZN4S8mk,en-cs_CZ:::speech:::vid_m6CcZN4S8mk,validation,en-is_IS
2,en-is_IS:::news:::guardian.229703,en-ar_EG:::news:::guardian.229703,test,en-is_IS
2,en-is_IS:::social:::112502991207286008,en-ar_EG:::social:::112502991207286008,test,en-is_IS
2,en-is_IS:::social:::114417630342798842,en-ar_EG:::social:::114417630342798842,test,en-is_IS
2,en-is_IS:::speech:::vid_8GpZT9TJJAw,en-ar_EG:::speech:::vid_8GpZT9TJJAw,test,en-is_IS
2,en-is_IS:::speech:::vid_8I8msBYGNR4,en-bho_IN:::speech:::vid_8I8msBYGNR4,test,en-is_IS
2,en-is_IS:::speech:::vid_HxIaVXzxoBs,en-is_IS:::speech:::vid_HxIaVXzxoBs,test,en-is_IS
2,en-is_IS:::speech:::vid_Kr2KbsdNHWs,en-cs_CZ:::speech:::vid_Kr2KbsdNHWs,test,en-is_IS
2,en-is_IS:::speech:::vid_Lb7Dhf7oo4Y,en-ar_EG:::speech:::vid_Lb7Dhf7oo4Y,test,en-is_IS
2,en-is_IS:::speech:::vid_Qu8m9h-AC0I,en-ar_EG:::speech:::vid_Qu8m9h-AC0I,test,en-is_IS
2,en-is_IS:::speech:::vid_blR87HY5UPk,en-ar_EG:::speech:::vid_blR87HY5UPk,test,en-is_IS
2,en-is_IS:::speech:::vid_rU8nY03Lo5s,en-ar_EG:::speech:::vid_rU8nY03Lo5s,test,en-is_IS
3,en-is_IS:::news:::en.ndtv.com.357237,en-cs_CZ:::news:::en.ndtv.com.357237,train,en-is_IS
3,en-is_IS:::news:::guardian.229703,en-ar_EG:::news:::guardian.229703,train,en-is_IS
3,en-is_IS:::news:::newrepublic.com.12623,en-ar_EG:::news:::newrepublic.com.12623,train,en-is_IS
3,en-is_IS:::news:::nytimes.153341,en-bho_IN:::news:::nytimes.153341,train,en-is_IS
3,en-is_IS:::social:::112502991207286008,en-ar_EG:::social:::112502991207286008,train,en-is_IS
3,en-is_IS:::social:::114174389242714730,en-ar_EG:::social:::114174389242714730,train,en-is_IS
3,en-is_IS:::social:::114294867111841563,en-ar_EG:::social:::114294867111841563,train,en-is_IS
3,en-is_IS:::social:::114417630342798842,en-ar_EG:::social:::114417630342798842,train,en-is_IS
3,en-is_IS:::speech:::vid_27keISTaqYw,en-ar_EG:::speech:::vid_27keISTaqYw,train,en-is_IS
3,en-is_IS:::speech:::vid_3DI4-E5Imow,en-ar_EG:::speech:::vid_3DI4-E5Imow,train,en-is_IS
3,en-is_IS:::speech:::vid_3vpEaAjDgtI,en-ar_EG:::speech:::vid_3vpEaAjDgtI,train,en-is_IS
3,en-is_IS:::speech:::vid_8GpZT9TJJAw,en-ar_EG:::speech:::vid_8GpZT9TJJAw,train,en-is_IS
3,en-is_IS:::speech:::vid_8I8msBYGNR4,en-bho_IN:::speech:::vid_8I8msBYGNR4,train,en-is_IS
3,en-is_IS:::speech:::vid_GYfhGLrrDts,en-ar_EG:::speech:::vid_GYfhGLrrDts,train,en-is_IS
3,en-is_IS:::speech:::vid_HxIaVXzxoBs,en-is_IS:::speech:::vid_HxIaVXzxoBs,train,en-is_IS
3,en-is_IS:::speech:::vid_JIq55zBGNX4,en-ar_EG:::speech:::vid_JIq55zBGNX4,train,en-is_IS
3,en-is_IS:::speech:::vid_Kr2KbsdNHWs,en-cs_CZ:::speech:::vid_Kr2KbsdNHWs,train,en-is_IS
3,en-is_IS:::speech:::vid_Lb7Dhf7oo4Y,en-ar_EG:::speech:::vid_Lb7Dhf7oo4Y,train,en-is_IS
3,en-is_IS:::speech:::vid_MO757yMnU0A,en-is_IS:::speech:::vid_MO757yMnU0A,train,en-is_IS
3,en-is_IS:::speech:::vid_OXHLjswiGeI,en-bho_IN:::speech:::vid_OXHLjswiGeI,train,en-is_IS
3,en-is_IS:::speech:::vid_OmK3XTCDbbs,en-ar_EG:::speech:::vid_OmK3XTCDbbs,train,en-is_IS
3,en-is_IS:::speech:::vid_Qu8m9h-AC0I,en-ar_EG:::speech:::vid_Qu8m9h-AC0I,train,en-is_IS
3,en-is_IS:::speech:::vid_YNQ_7eV3WcE,en-ar_EG:::speech:::vid_YNQ_7eV3WcE,train,en-is_IS
3,en-is_IS:::speech:::vid_YTxmx8hyJtA,en-ar_EG:::speech:::vid_YTxmx8hyJtA,train,en-is_IS
3,en-is_IS:::speech:::vid_m6CcZN4S8mk,en-cs_CZ:::speech:::vid_m6CcZN4S8mk,train,en-is_IS
3,en-is_IS:::speech:::vid_mDjddYiHd7A,en-ar_EG:::speech:::vid_mDjddYiHd7A,train,en-is_IS
3,en-is_IS:::speech:::vid_nNjtLybPRjM,en-ar_EG:::speech:::vid_nNjtLybPRjM,train,en-is_IS
3,en-is_IS:::speech:::vid_nU09s4CuaRg,en-ar_EG:::speech:::vid_nU09s4CuaRg,train,en-is_IS
3,en-is_IS:::speech:::vid_ncokXMVuG5s,en-cs_CZ:::speech:::vid_ncokXMVuG5s,train,en-is_IS
3,en-is_IS:::speech:::vid_rU8nY03Lo5s,en-ar_EG:::speech:::vid_rU8nY03Lo5s,train,en-is_IS
3,en-is_IS:::speech:::vid_u2JNW0Ftyzg,en-bho_IN:::speech:::vid_u2JNW0Ftyzg,train,en-is_IS
3,en-is_IS:::speech:::vid_uB_fMAbhJwY,en-ar_EG:::speech:::vid_uB_fMAbhJwY,train,en-is_IS
3,en-is_IS:::speech:::vid_v2NNTNAXRWY,en-ar_EG:::speech:::vid_v2NNTNAXRWY,train,en-is_IS
3,en-is_IS:::speech:::vid_wTKg_pD9bHo,en-cs_CZ:::speech:::vid_wTKg_pD9bHo,train,en-is_IS
3,en-is_IS:::news:::guardian.231311,en-ar_EG:::news:::guardian.231311,validation,en-is_IS
3,en-is_IS:::news:::newrepublic.com.12619,en-ar_EG:::news:::newrepublic.com.12619,validation,en-is_IS
3,en-is_IS:::social:::114151944720213193,en-ar_EG:::social:::114151944720213193,validation,en-is_IS
3,en-is_IS:::speech:::vid_Ft41IG2BAG8,en-ar_EG:::speech:::vid_Ft41IG2BAG8,validation,en-is_IS
3,en-is_IS:::speech:::vid_M7v3ZfP4fm0,en-ar_EG:::speech:::vid_M7v3ZfP4fm0,validation,en-is_IS
3,en-is_IS:::speech:::vid_PJLN1kAzbyw,en-ar_EG:::speech:::vid_PJLN1kAzbyw,validation,en-is_IS
3,en-is_IS:::speech:::vid_Si9CnnVI8sk,en-ar_EG:::speech:::vid_Si9CnnVI8sk,validation,en-is_IS
3,en-is_IS:::speech:::vid_blR87HY5UPk,en-ar_EG:::speech:::vid_blR87HY5UPk,validation,en-is_IS
3,en-is_IS:::literary:::rink_rats_chapter2,en-ar_EG:::literary:::rink_rats_chapter2,test,en-is_IS
3,en-is_IS:::news:::guardian.229338,en-cs_CZ:::news:::guardian.229338,test,en-is_IS
3,en-is_IS:::news:::guardian.231314,en-is_IS:::news:::guardian.231314,test,en-is_IS
3,en-is_IS:::news:::nytimes.154208,en-ar_EG:::news:::nytimes.154208,test,en-is_IS
3,en-is_IS:::social:::114157282362077575,en-bho_IN:::social:::114157282362077575,test,en-is_IS
3,en-is_IS:::social:::114300646822630777,en-ar_EG:::social:::114300646822630777,test,en-is_IS
3,en-is_IS:::speech:::vid_6dP6bHX73_k,en-ar_EG:::speech:::vid_6dP6bHX73_k,test,en-is_IS
3,en-is_IS:::speech:::vid_JoTLTGv8kqA,en-ar_EG:::speech:::vid_JoTLTGv8kqA,test,en-is_IS
3,en-is_IS:::speech:::vid_QgTkUWYd82M,en-ar_EG:::speech:::vid_QgTkUWYd82M,test,en-is_IS
3,en-is_IS:::speech:::vid__S0GOwEJXUA,en-ar_EG:::speech:::vid__S0GOwEJXUA,test,en-is_IS
3,en-is_IS:::speech:::vid_qhwgP27R4xw,en-ar_EG:::speech:::vid_qhwgP27R4xw,test,en-is_IS
4,en-is_IS:::literary:::rink_rats_chapter2,en-ar_EG:::literary:::rink_rats_chapter2,train,en-is_IS
4,en-is_IS:::news:::guardian.229338,en-cs_CZ:::news:::guardian.229338,train,en-is_IS
4,en-is_IS:::news:::guardian.229703,en-ar_EG:::news:::guardian.229703,train,en-is_IS
4,en-is_IS:::news:::guardian.231311,en-ar_EG:::news:::guardian.231311,train,en-is_IS
4,en-is_IS:::news:::guardian.231314,en-is_IS:::news:::guardian.231314,train,en-is_IS
4,en-is_IS:::news:::newrepublic.com.12619,en-ar_EG:::news:::newrepublic.com.12619,train,en-is_IS
4,en-is_IS:::social:::112502991207286008,en-ar_EG:::social:::112502991207286008,train,en-is_IS
4,en-is_IS:::social:::114151944720213193,en-ar_EG:::social:::114151944720213193,train,en-is_IS
4,en-is_IS:::social:::114174389242714730,en-ar_EG:::social:::114174389242714730,train,en-is_IS
4,en-is_IS:::social:::114300646822630777,en-ar_EG:::social:::114300646822630777,train,en-is_IS
4,en-is_IS:::social:::114417630342798842,en-ar_EG:::social:::114417630342798842,train,en-is_IS
4,en-is_IS:::speech:::vid_27keISTaqYw,en-ar_EG:::speech:::vid_27keISTaqYw,train,en-is_IS
4,en-is_IS:::speech:::vid_8GpZT9TJJAw,en-ar_EG:::speech:::vid_8GpZT9TJJAw,train,en-is_IS
4,en-is_IS:::speech:::vid_8I8msBYGNR4,en-bho_IN:::speech:::vid_8I8msBYGNR4,train,en-is_IS
4,en-is_IS:::speech:::vid_Ft41IG2BAG8,en-ar_EG:::speech:::vid_Ft41IG2BAG8,train,en-is_IS
4,en-is_IS:::speech:::vid_GYfhGLrrDts,en-ar_EG:::speech:::vid_GYfhGLrrDts,train,en-is_IS
4,en-is_IS:::speech:::vid_HxIaVXzxoBs,en-is_IS:::speech:::vid_HxIaVXzxoBs,train,en-is_IS
4,en-is_IS:::speech:::vid_JoTLTGv8kqA,en-ar_EG:::speech:::vid_JoTLTGv8kqA,train,en-is_IS
4,en-is_IS:::speech:::vid_Kr2KbsdNHWs,en-cs_CZ:::speech:::vid_Kr2KbsdNHWs,train,en-is_IS
4,en-is_IS:::speech:::vid_M7v3ZfP4fm0,en-ar_EG:::speech:::vid_M7v3ZfP4fm0,train,en-is_IS
4,en-is_IS:::speech:::vid_MO757yMnU0A,en-is_IS:::speech:::vid_MO757yMnU0A,train,en-is_IS
4,en-is_IS:::speech:::vid_OXHLjswiGeI,en-bho_IN:::speech:::vid_OXHLjswiGeI,train,en-is_IS
4,en-is_IS:::speech:::vid_OmK3XTCDbbs,en-ar_EG:::speech:::vid_OmK3XTCDbbs,train,en-is_IS
4,en-is_IS:::speech:::vid_QgTkUWYd82M,en-ar_EG:::speech:::vid_QgTkUWYd82M,train,en-is_IS
4,en-is_IS:::speech:::vid_Si9CnnVI8sk,en-ar_EG:::speech:::vid_Si9CnnVI8sk,train,en-is_IS
4,en-is_IS:::speech:::vid_YNQ_7eV3WcE,en-ar_EG:::speech:::vid_YNQ_7eV3WcE,train,en-is_IS
4,en-is_IS:::speech:::vid__S0GOwEJXUA,en-ar_EG:::speech:::vid__S0GOwEJXUA,train,en-is_IS
4,en-is_IS:::speech:::vid_blR87HY5UPk,en-ar_EG:::speech:::vid_blR87HY5UPk,train,en-is_IS
4,en-is_IS:::speech:::vid_m6CcZN4S8mk,en-cs_CZ:::speech:::vid_m6CcZN4S8mk,train,en-is_IS
4,en-is_IS:::speech:::vid_mDjddYiHd7A,en-ar_EG:::speech:::vid_mDjddYiHd7A,train,en-is_IS
4,en-is_IS:::speech:::vid_ncokXMVuG5s,en-cs_CZ:::speech:::vid_ncokXMVuG5s,train,en-is_IS
4,en-is_IS:::speech:::vid_rU8nY03Lo5s,en-ar_EG:::speech:::vid_rU8nY03Lo5s,train,en-is_IS
4,en-is_IS:::speech:::vid_u2JNW0Ftyzg,en-bho_IN:::speech:::vid_u2JNW0Ftyzg,train,en-is_IS
4,en-is_IS:::speech:::vid_uB_fMAbhJwY,en-ar_EG:::speech:::vid_uB_fMAbhJwY,train,en-is_IS
4,en-is_IS:::news:::nytimes.154208,en-ar_EG:::news:::nytimes.154208,validation,en-is_IS
4,en-is_IS:::social:::114157282362077575,en-bho_IN:::social:::114157282362077575,validation,en-is_IS
4,en-is_IS:::speech:::vid_3DI4-E5Imow,en-ar_EG:::speech:::vid_3DI4-E5Imow,validation,en-is_IS
4,en-is_IS:::speech:::vid_6dP6bHX73_k,en-ar_EG:::speech:::vid_6dP6bHX73_k,validation,en-is_IS
4,en-is_IS:::speech:::vid_Lb7Dhf7oo4Y,en-ar_EG:::speech:::vid_Lb7Dhf7oo4Y,validation,en-is_IS
4,en-is_IS:::speech:::vid_Qu8m9h-AC0I,en-ar_EG:::speech:::vid_Qu8m9h-AC0I,validation,en-is_IS
4,en-is_IS:::speech:::vid_nNjtLybPRjM,en-ar_EG:::speech:::vid_nNjtLybPRjM,validation,en-is_IS
4,en-is_IS:::speech:::vid_qhwgP27R4xw,en-ar_EG:::speech:::vid_qhwgP27R4xw,validation,en-is_IS
4,en-is_IS:::speech:::vid_v2NNTNAXRWY,en-ar_EG:::speech:::vid_v2NNTNAXRWY,validation,en-is_IS
4,en-is_IS:::news:::en.ndtv.com.357237,en-cs_CZ:::news:::en.ndtv.com.357237,test,en-is_IS
4,en-is_IS:::news:::newrepublic.com.12623,en-ar_EG:::news:::newrepublic.com.12623,test,en-is_IS
4,en-is_IS:::news:::nytimes.153341,en-bho_IN:::news:::nytimes.153341,test,en-is_IS
4,en-is_IS:::social:::114294867111841563,en-ar_EG:::social:::114294867111841563,test,en-is_IS
4,en-is_IS:::speech:::vid_3vpEaAjDgtI,en-ar_EG:::speech:::vid_3vpEaAjDgtI,test,en-is_IS
4,en-is_IS:::speech:::vid_JIq55zBGNX4,en-ar_EG:::speech:::vid_JIq55zBGNX4,test,en-is_IS
4,en-is_IS:::speech:::vid_PJLN1kAzbyw,en-ar_EG:::speech:::vid_PJLN1kAzbyw,test,en-is_IS
4,en-is_IS:::speech:::vid_YTxmx8hyJtA,en-ar_EG:::speech:::vid_YTxmx8hyJtA,test,en-is_IS
4,en-is_IS:::speech:::vid_nU09s4CuaRg,en-ar_EG:::speech:::vid_nU09s4CuaRg,test,en-is_IS
4,en-is_IS:::speech:::vid_wTKg_pD9bHo,en-cs_CZ:::speech:::vid_wTKg_pD9bHo,test,en-is_IS
5,en-is_IS:::literary:::rink_rats_chapter2,en-ar_EG:::literary:::rink_rats_chapter2,train,en-is_IS
5,en-is_IS:::news:::en.ndtv.com.357237,en-cs_CZ:::news:::en.ndtv.com.357237,train,en-is_IS
5,en-is_IS:::news:::guardian.229338,en-cs_CZ:::news:::guardian.229338,train,en-is_IS
5,en-is_IS:::news:::guardian.231311,en-ar_EG:::news:::guardian.231311,train,en-is_IS
5,en-is_IS:::news:::guardian.231314,en-is_IS:::news:::guardian.231314,train,en-is_IS
5,en-is_IS:::news:::newrepublic.com.12623,en-ar_EG:::news:::newrepublic.com.12623,train,en-is_IS
5,en-is_IS:::news:::nytimes.153341,en-bho_IN:::news:::nytimes.153341,train,en-is_IS
5,en-is_IS:::news:::nytimes.154208,en-ar_EG:::news:::nytimes.154208,train,en-is_IS
5,en-is_IS:::social:::112502991207286008,en-ar_EG:::social:::112502991207286008,train,en-is_IS
5,en-is_IS:::social:::114151944720213193,en-ar_EG:::social:::114151944720213193,train,en-is_IS
5,en-is_IS:::social:::114300646822630777,en-ar_EG:::social:::114300646822630777,train,en-is_IS
5,en-is_IS:::social:::114417630342798842,en-ar_EG:::social:::114417630342798842,train,en-is_IS
5,en-is_IS:::speech:::vid_27keISTaqYw,en-ar_EG:::speech:::vid_27keISTaqYw,train,en-is_IS
5,en-is_IS:::speech:::vid_3vpEaAjDgtI,en-ar_EG:::speech:::vid_3vpEaAjDgtI,train,en-is_IS
5,en-is_IS:::speech:::vid_8GpZT9TJJAw,en-ar_EG:::speech:::vid_8GpZT9TJJAw,train,en-is_IS
5,en-is_IS:::speech:::vid_8I8msBYGNR4,en-bho_IN:::speech:::vid_8I8msBYGNR4,train,en-is_IS
5,en-is_IS:::speech:::vid_Ft41IG2BAG8,en-ar_EG:::speech:::vid_Ft41IG2BAG8,train,en-is_IS
5,en-is_IS:::speech:::vid_HxIaVXzxoBs,en-is_IS:::speech:::vid_HxIaVXzxoBs,train,en-is_IS
5,en-is_IS:::speech:::vid_JoTLTGv8kqA,en-ar_EG:::speech:::vid_JoTLTGv8kqA,train,en-is_IS
5,en-is_IS:::speech:::vid_Kr2KbsdNHWs,en-cs_CZ:::speech:::vid_Kr2KbsdNHWs,train,en-is_IS
5,en-is_IS:::speech:::vid_Lb7Dhf7oo4Y,en-ar_EG:::speech:::vid_Lb7Dhf7oo4Y,train,en-is_IS
5,en-is_IS:::speech:::vid_M7v3ZfP4fm0,en-ar_EG:::speech:::vid_M7v3ZfP4fm0,train,en-is_IS
5,en-is_IS:::speech:::vid_MO757yMnU0A,en-is_IS:::speech:::vid_MO757yMnU0A,train,en-is_IS
5,en-is_IS:::speech:::vid_OXHLjswiGeI,en-bho_IN:::speech:::vid_OXHLjswiGeI,train,en-is_IS
5,en-is_IS:::speech:::vid_PJLN1kAzbyw,en-ar_EG:::speech:::vid_PJLN1kAzbyw,train,en-is_IS
5,en-is_IS:::speech:::vid_QgTkUWYd82M,en-ar_EG:::speech:::vid_QgTkUWYd82M,train,en-is_IS
5,en-is_IS:::speech:::vid_Qu8m9h-AC0I,en-ar_EG:::speech:::vid_Qu8m9h-AC0I,train,en-is_IS
5,en-is_IS:::speech:::vid_YTxmx8hyJtA,en-ar_EG:::speech:::vid_YTxmx8hyJtA,train,en-is_IS
5,en-is_IS:::speech:::vid__S0GOwEJXUA,en-ar_EG:::speech:::vid__S0GOwEJXUA,train,en-is_IS
5,en-is_IS:::speech:::vid_m6CcZN4S8mk,en-cs_CZ:::speech:::vid_m6CcZN4S8mk,train,en-is_IS
5,en-is_IS:::speech:::vid_nU09s4CuaRg,en-ar_EG:::speech:::vid_nU09s4CuaRg,train,en-is_IS
5,en-is_IS:::speech:::vid_qhwgP27R4xw,en-ar_EG:::speech:::vid_qhwgP27R4xw,train,en-is_IS
5,en-is_IS:::speech:::vid_rU8nY03Lo5s,en-ar_EG:::speech:::vid_rU8nY03Lo5s,train,en-is_IS
5,en-is_IS:::speech:::vid_wTKg_pD9bHo,en-cs_CZ:::speech:::vid_wTKg_pD9bHo,train,en-is_IS
5,en-is_IS:::news:::guardian.229703,en-ar_EG:::news:::guardian.229703,validation,en-is_IS
5,en-is_IS:::social:::114157282362077575,en-bho_IN:::social:::114157282362077575,validation,en-is_IS
5,en-is_IS:::social:::114294867111841563,en-ar_EG:::social:::114294867111841563,validation,en-is_IS
5,en-is_IS:::speech:::vid_6dP6bHX73_k,en-ar_EG:::speech:::vid_6dP6bHX73_k,validation,en-is_IS
5,en-is_IS:::speech:::vid_JIq55zBGNX4,en-ar_EG:::speech:::vid_JIq55zBGNX4,validation,en-is_IS
5,en-is_IS:::speech:::vid_Si9CnnVI8sk,en-ar_EG:::speech:::vid_Si9CnnVI8sk,validation,en-is_IS
5,en-is_IS:::speech:::vid_blR87HY5UPk,en-ar_EG:::speech:::vid_blR87HY5UPk,validation,en-is_IS
5,en-is_IS:::speech:::vid_mDjddYiHd7A,en-ar_EG:::speech:::vid_mDjddYiHd7A,validation,en-is_IS
5,en-is_IS:::speech:::vid_uB_fMAbhJwY,en-ar_EG:::speech:::vid_uB_fMAbhJwY,validation,en-is_IS
5,en-is_IS:::news:::newrepublic.com.12619,en-ar_EG:::news:::newrepublic.com.12619,test,en-is_IS
5,en-is_IS:::social:::114174389242714730,en-ar_EG:::social:::114174389242714730,test,en-is_IS
5,en-is_IS:::speech:::vid_3DI4-E5Imow,en-ar_EG:::speech:::vid_3DI4-E5Imow,test,en-is_IS
5,en-is_IS:::speech:::vid_GYfhGLrrDts,en-ar_EG:::speech:::vid_GYfhGLrrDts,test,en-is_IS
5,en-is_IS:::speech:::vid_OmK3XTCDbbs,en-ar_EG:::speech:::vid_OmK3XTCDbbs,test,en-is_IS
5,en-is_IS:::speech:::vid_YNQ_7eV3WcE,en-ar_EG:::speech:::vid_YNQ_7eV3WcE,test,en-is_IS
5,en-is_IS:::speech:::vid_nNjtLybPRjM,en-ar_EG:::speech:::vid_nNjtLybPRjM,test,en-is_IS
5,en-is_IS:::speech:::vid_ncokXMVuG5s,en-cs_CZ:::speech:::vid_ncokXMVuG5s,test,en-is_IS
5,en-is_IS:::speech:::vid_u2JNW0Ftyzg,en-bho_IN:::speech:::vid_u2JNW0Ftyzg,test,en-is_IS
5,en-is_IS:::speech:::vid_v2NNTNAXRWY,en-ar_EG:::speech:::vid_v2NNTNAXRWY,test,en-is_IS
1,en-it_IT:::literary:::rink_rats_chapter2,en-ar_EG:::literary:::rink_rats_chapter2,train,en-it_IT
1,en-it_IT:::news:::brisbanetimes.com.au.306576,en-ar_EG:::news:::brisbanetimes.com.au.306576,train,en-it_IT
1,en-it_IT:::news:::en.ndtv.com.357237,en-cs_CZ:::news:::en.ndtv.com.357237,train,en-it_IT
1,en-it_IT:::news:::guardian.228996,en-ar_EG:::news:::guardian.228996,train,en-it_IT
1,en-it_IT:::news:::guardian.230737,en-bho_IN:::news:::guardian.230737,train,en-it_IT
1,en-it_IT:::news:::newrepublic.com.12619,en-ar_EG:::news:::newrepublic.com.12619,train,en-it_IT
1,en-it_IT:::news:::newrepublic.com.12623,en-ar_EG:::news:::newrepublic.com.12623,train,en-it_IT
1,en-it_IT:::social:::112502991207286008,en-ar_EG:::social:::112502991207286008,train,en-it_IT
1,en-it_IT:::social:::114157282362077575,en-bho_IN:::social:::114157282362077575,train,en-it_IT
1,en-it_IT:::social:::114174389242714730,en-ar_EG:::social:::114174389242714730,train,en-it_IT
1,en-it_IT:::social:::114300646822630777,en-ar_EG:::social:::114300646822630777,train,en-it_IT
1,en-it_IT:::speech:::vid_27keISTaqYw,en-ar_EG:::speech:::vid_27keISTaqYw,train,en-it_IT
1,en-it_IT:::speech:::vid_3vpEaAjDgtI,en-ar_EG:::speech:::vid_3vpEaAjDgtI,train,en-it_IT
1,en-it_IT:::speech:::vid_Ft41IG2BAG8,en-ar_EG:::speech:::vid_Ft41IG2BAG8,train,en-it_IT
1,en-it_IT:::speech:::vid_GYfhGLrrDts,en-ar_EG:::speech:::vid_GYfhGLrrDts,train,en-it_IT
1,en-it_IT:::speech:::vid_HjRhgaz1xTI,en-et_EE:::speech:::vid_HjRhgaz1xTI,train,en-it_IT
1,en-it_IT:::speech:::vid_JoTLTGv8kqA,en-ar_EG:::speech:::vid_JoTLTGv8kqA,train,en-it_IT
1,en-it_IT:::speech:::vid_M7v3ZfP4fm0,en-ar_EG:::speech:::vid_M7v3ZfP4fm0,train,en-it_IT
1,en-it_IT:::speech:::vid_MK9b8_2DwLY,en-bho_IN:::speech:::vid_MK9b8_2DwLY,train,en-it_IT
1,en-it_IT:::speech:::vid_OmK3XTCDbbs,en-ar_EG:::speech:::vid_OmK3XTCDbbs,train,en-it_IT
1,en-it_IT:::speech:::vid_P2a0lVGYDNo,en-cs_CZ:::speech:::vid_P2a0lVGYDNo,train,en-it_IT
1,en-it_IT:::speech:::vid_PJLN1kAzbyw,en-ar_EG:::speech:::vid_PJLN1kAzbyw,train,en-it_IT
1,en-it_IT:::speech:::vid_QgTkUWYd82M,en-ar_EG:::speech:::vid_QgTkUWYd82M,train,en-it_IT
1,en-it_IT:::speech:::vid_RIjzeZ1xk1c,en-ar_EG:::speech:::vid_RIjzeZ1xk1c,train,en-it_IT
1,en-it_IT:::speech:::vid_Si9CnnVI8sk,en-ar_EG:::speech:::vid_Si9CnnVI8sk,train,en-it_IT
1,en-it_IT:::speech:::vid_YNQ_7eV3WcE,en-ar_EG:::speech:::vid_YNQ_7eV3WcE,train,en-it_IT
1,en-it_IT:::speech:::vid__S0GOwEJXUA,en-ar_EG:::speech:::vid__S0GOwEJXUA,train,en-it_IT
1,en-it_IT:::speech:::vid_blR87HY5UPk,en-ar_EG:::speech:::vid_blR87HY5UPk,train,en-it_IT
1,en-it_IT:::speech:::vid_nNjtLybPRjM,en-ar_EG:::speech:::vid_nNjtLybPRjM,train,en-it_IT
1,en-it_IT:::speech:::vid_ncokXMVuG5s,en-cs_CZ:::speech:::vid_ncokXMVuG5s,train,en-it_IT
1,en-it_IT:::speech:::vid_r-aI0JD0bCE,en-ar_EG:::speech:::vid_r-aI0JD0bCE,train,en-it_IT
1,en-it_IT:::speech:::vid_v2NNTNAXRWY,en-ar_EG:::speech:::vid_v2NNTNAXRWY,train,en-it_IT
1,en-it_IT:::speech:::vid_wTKg_pD9bHo,en-cs_CZ:::speech:::vid_wTKg_pD9bHo,train,en-it_IT
1,en-it_IT:::speech:::vid_x48axn9yc9k,en-bho_IN:::speech:::vid_x48axn9yc9k,train,en-it_IT
1,en-it_IT:::news:::guardian.231311,en-ar_EG:::news:::guardian.231311,validation,en-it_IT
1,en-it_IT:::news:::guardian.231314,en-is_IS:::news:::guardian.231314,validation,en-it_IT
1,en-it_IT:::social:::114417630342798842,en-ar_EG:::social:::114417630342798842,validation,en-it_IT
1,en-it_IT:::speech:::vid_3DI4-E5Imow,en-ar_EG:::speech:::vid_3DI4-E5Imow,validation,en-it_IT
1,en-it_IT:::speech:::vid_6dP6bHX73_k,en-ar_EG:::speech:::vid_6dP6bHX73_k,validation,en-it_IT
1,en-it_IT:::speech:::vid_7Aw4Q46omiM,en-ar_EG:::speech:::vid_7Aw4Q46omiM,validation,en-it_IT
1,en-it_IT:::speech:::vid_JIq55zBGNX4,en-ar_EG:::speech:::vid_JIq55zBGNX4,validation,en-it_IT
1,en-it_IT:::speech:::vid_VnlWOV5Oj1c,en-ar_EG:::speech:::vid_VnlWOV5Oj1c,validation,en-it_IT
1,en-it_IT:::speech:::vid_mDjddYiHd7A,en-ar_EG:::speech:::vid_mDjddYiHd7A,validation,en-it_IT
1,en-it_IT:::news:::guardian.229703,en-ar_EG:::news:::guardian.229703,test,en-it_IT
1,en-it_IT:::social:::114151944720213193,en-ar_EG:::social:::114151944720213193,test,en-it_IT
1,en-it_IT:::social:::114220065940975488,en-it_IT:::social:::114220065940975488,test,en-it_IT
1,en-it_IT:::speech:::vid_2cLeDVfEqG4,en-ar_EG:::speech:::vid_2cLeDVfEqG4,test,en-it_IT
1,en-it_IT:::speech:::vid_8qZFupajBuo,en-ar_EG:::speech:::vid_8qZFupajBuo,test,en-it_IT
1,en-it_IT:::speech:::vid_AJlp_obQgq8,en-bho_IN:::speech:::vid_AJlp_obQgq8,test,en-it_IT
1,en-it_IT:::speech:::vid_Lb7Dhf7oo4Y,en-ar_EG:::speech:::vid_Lb7Dhf7oo4Y,test,en-it_IT
1,en-it_IT:::speech:::vid_Qu8m9h-AC0I,en-ar_EG:::speech:::vid_Qu8m9h-AC0I,test,en-it_IT
1,en-it_IT:::speech:::vid_YTxmx8hyJtA,en-ar_EG:::speech:::vid_YTxmx8hyJtA,test,en-it_IT
1,en-it_IT:::speech:::vid_m6CcZN4S8mk,en-cs_CZ:::speech:::vid_m6CcZN4S8mk,test,en-it_IT
1,en-it_IT:::speech:::vid_qhwgP27R4xw,en-ar_EG:::speech:::vid_qhwgP27R4xw,test,en-it_IT
2,en-it_IT:::literary:::rink_rats_chapter2,en-ar_EG:::literary:::rink_rats_chapter2,train,en-it_IT
2,en-it_IT:::news:::en.ndtv.com.357237,en-cs_CZ:::news:::en.ndtv.com.357237,train,en-it_IT
2,en-it_IT:::news:::guardian.229703,en-ar_EG:::news:::guardian.229703,train,en-it_IT
2,en-it_IT:::news:::guardian.230737,en-bho_IN:::news:::guardian.230737,train,en-it_IT
2,en-it_IT:::news:::guardian.231311,en-ar_EG:::news:::guardian.231311,train,en-it_IT
2,en-it_IT:::news:::newrepublic.com.12619,en-ar_EG:::news:::newrepublic.com.12619,train,en-it_IT
2,en-it_IT:::news:::newrepublic.com.12623,en-ar_EG:::news:::newrepublic.com.12623,train,en-it_IT
2,en-it_IT:::social:::114151944720213193,en-ar_EG:::social:::114151944720213193,train,en-it_IT
2,en-it_IT:::social:::114174389242714730,en-ar_EG:::social:::114174389242714730,train,en-it_IT
2,en-it_IT:::social:::114220065940975488,en-it_IT:::social:::114220065940975488,train,en-it_IT
2,en-it_IT:::social:::114300646822630777,en-ar_EG:::social:::114300646822630777,train,en-it_IT
2,en-it_IT:::social:::114417630342798842,en-ar_EG:::social:::114417630342798842,train,en-it_IT
2,en-it_IT:::speech:::vid_2cLeDVfEqG4,en-ar_EG:::speech:::vid_2cLeDVfEqG4,train,en-it_IT
2,en-it_IT:::speech:::vid_3DI4-E5Imow,en-ar_EG:::speech:::vid_3DI4-E5Imow,train,en-it_IT
2,en-it_IT:::speech:::vid_3vpEaAjDgtI,en-ar_EG:::speech:::vid_3vpEaAjDgtI,train,en-it_IT
2,en-it_IT:::speech:::vid_6dP6bHX73_k,en-ar_EG:::speech:::vid_6dP6bHX73_k,train,en-it_IT
2,en-it_IT:::speech:::vid_AJlp_obQgq8,en-bho_IN:::speech:::vid_AJlp_obQgq8,train,en-it_IT
2,en-it_IT:::speech:::vid_Ft41IG2BAG8,en-ar_EG:::speech:::vid_Ft41IG2BAG8,train,en-it_IT
2,en-it_IT:::speech:::vid_GYfhGLrrDts,en-ar_EG:::speech:::vid_GYfhGLrrDts,train,en-it_IT
2,en-it_IT:::speech:::vid_HjRhgaz1xTI,en-et_EE:::speech:::vid_HjRhgaz1xTI,train,en-it_IT
2,en-it_IT:::speech:::vid_JIq55zBGNX4,en-ar_EG:::speech:::vid_JIq55zBGNX4,train,en-it_IT
2,en-it_IT:::speech:::vid_MK9b8_2DwLY,en-bho_IN:::speech:::vid_MK9b8_2DwLY,train,en-it_IT
2,en-it_IT:::speech:::vid_OmK3XTCDbbs,en-ar_EG:::speech:::vid_OmK3XTCDbbs,train,en-it_IT
2,en-it_IT:::speech:::vid_PJLN1kAzbyw,en-ar_EG:::speech:::vid_PJLN1kAzbyw,train,en-it_IT
2,en-it_IT:::speech:::vid_RIjzeZ1xk1c,en-ar_EG:::speech:::vid_RIjzeZ1xk1c,train,en-it_IT
2,en-it_IT:::speech:::vid_VnlWOV5Oj1c,en-ar_EG:::speech:::vid_VnlWOV5Oj1c,train,en-it_IT
2,en-it_IT:::speech:::vid_YTxmx8hyJtA,en-ar_EG:::speech:::vid_YTxmx8hyJtA,train,en-it_IT
2,en-it_IT:::speech:::vid__S0GOwEJXUA,en-ar_EG:::speech:::vid__S0GOwEJXUA,train,en-it_IT
2,en-it_IT:::speech:::vid_blR87HY5UPk,en-ar_EG:::speech:::vid_blR87HY5UPk,train,en-it_IT
2,en-it_IT:::speech:::vid_mDjddYiHd7A,en-ar_EG:::speech:::vid_mDjddYiHd7A,train,en-it_IT
2,en-it_IT:::speech:::vid_ncokXMVuG5s,en-cs_CZ:::speech:::vid_ncokXMVuG5s,train,en-it_IT
2,en-it_IT:::speech:::vid_qhwgP27R4xw,en-ar_EG:::speech:::vid_qhwgP27R4xw,train,en-it_IT
2,en-it_IT:::speech:::vid_r-aI0JD0bCE,en-ar_EG:::speech:::vid_r-aI0JD0bCE,train,en-it_IT
2,en-it_IT:::speech:::vid_x48axn9yc9k,en-bho_IN:::speech:::vid_x48axn9yc9k,train,en-it_IT
2,en-it_IT:::news:::brisbanetimes.com.au.306576,en-ar_EG:::news:::brisbanetimes.com.au.306576,validation,en-it_IT
2,en-it_IT:::speech:::vid_8qZFupajBuo,en-ar_EG:::speech:::vid_8qZFupajBuo,validation,en-it_IT
2,en-it_IT:::speech:::vid_Lb7Dhf7oo4Y,en-ar_EG:::speech:::vid_Lb7Dhf7oo4Y,validation,en-it_IT
2,en-it_IT:::speech:::vid_M7v3ZfP4fm0,en-ar_EG:::speech:::vid_M7v3ZfP4fm0,validation,en-it_IT
2,en-it_IT:::speech:::vid_Qu8m9h-AC0I,en-ar_EG:::speech:::vid_Qu8m9h-AC0I,validation,en-it_IT
2,en-it_IT:::speech:::vid_Si9CnnVI8sk,en-ar_EG:::speech:::vid_Si9CnnVI8sk,validation,en-it_IT
2,en-it_IT:::speech:::vid_m6CcZN4S8mk,en-cs_CZ:::speech:::vid_m6CcZN4S8mk,validation,en-it_IT
2,en-it_IT:::speech:::vid_v2NNTNAXRWY,en-ar_EG:::speech:::vid_v2NNTNAXRWY,validation,en-it_IT
2,en-it_IT:::speech:::vid_wTKg_pD9bHo,en-cs_CZ:::speech:::vid_wTKg_pD9bHo,validation,en-it_IT
2,en-it_IT:::news:::guardian.228996,en-ar_EG:::news:::guardian.228996,test,en-it_IT
2,en-it_IT:::news:::guardian.231314,en-is_IS:::news:::guardian.231314,test,en-it_IT
2,en-it_IT:::social:::112502991207286008,en-ar_EG:::social:::112502991207286008,test,en-it_IT
2,en-it_IT:::social:::114157282362077575,en-bho_IN:::social:::114157282362077575,test,en-it_IT
2,en-it_IT:::speech:::vid_27keISTaqYw,en-ar_EG:::speech:::vid_27keISTaqYw,test,en-it_IT
2,en-it_IT:::speech:::vid_7Aw4Q46omiM,en-ar_EG:::speech:::vid_7Aw4Q46omiM,test,en-it_IT
2,en-it_IT:::speech:::vid_JoTLTGv8kqA,en-ar_EG:::speech:::vid_JoTLTGv8kqA,test,en-it_IT
2,en-it_IT:::speech:::vid_P2a0lVGYDNo,en-cs_CZ:::speech:::vid_P2a0lVGYDNo,test,en-it_IT
2,en-it_IT:::speech:::vid_QgTkUWYd82M,en-ar_EG:::speech:::vid_QgTkUWYd82M,test,en-it_IT
2,en-it_IT:::speech:::vid_YNQ_7eV3WcE,en-ar_EG:::speech:::vid_YNQ_7eV3WcE,test,en-it_IT
2,en-it_IT:::speech:::vid_nNjtLybPRjM,en-ar_EG:::speech:::vid_nNjtLybPRjM,test,en-it_IT
3,en-it_IT:::literary:::rink_rats_chapter2,en-ar_EG:::literary:::rink_rats_chapter2,train,en-it_IT
3,en-it_IT:::news:::guardian.231311,en-ar_EG:::news:::guardian.231311,train,en-it_IT
3,en-it_IT:::news:::guardian.231314,en-is_IS:::news:::guardian.231314,train,en-it_IT
3,en-it_IT:::news:::newrepublic.com.12619,en-ar_EG:::news:::newrepublic.com.12619,train,en-it_IT
3,en-it_IT:::social:::114151944720213193,en-ar_EG:::social:::114151944720213193,train,en-it_IT
3,en-it_IT:::social:::114157282362077575,en-bho_IN:::social:::114157282362077575,train,en-it_IT
3,en-it_IT:::social:::114174389242714730,en-ar_EG:::social:::114174389242714730,train,en-it_IT
3,en-it_IT:::social:::114220065940975488,en-it_IT:::social:::114220065940975488,train,en-it_IT
3,en-it_IT:::social:::114300646822630777,en-ar_EG:::social:::114300646822630777,train,en-it_IT
3,en-it_IT:::speech:::vid_27keISTaqYw,en-ar_EG:::speech:::vid_27keISTaqYw,train,en-it_IT
3,en-it_IT:::speech:::vid_2cLeDVfEqG4,en-ar_EG:::speech:::vid_2cLeDVfEqG4,train,en-it_IT
3,en-it_IT:::speech:::vid_3DI4-E5Imow,en-ar_EG:::speech:::vid_3DI4-E5Imow,train,en-it_IT
3,en-it_IT:::speech:::vid_3vpEaAjDgtI,en-ar_EG:::speech:::vid_3vpEaAjDgtI,train,en-it_IT
3,en-it_IT:::speech:::vid_8qZFupajBuo,en-ar_EG:::speech:::vid_8qZFupajBuo,train,en-it_IT
3,en-it_IT:::speech:::vid_AJlp_obQgq8,en-bho_IN:::speech:::vid_AJlp_obQgq8,train,en-it_IT
3,en-it_IT:::speech:::vid_Ft41IG2BAG8,en-ar_EG:::speech:::vid_Ft41IG2BAG8,train,en-it_IT
3,en-it_IT:::speech:::vid_GYfhGLrrDts,en-ar_EG:::speech:::vid_GYfhGLrrDts,train,en-it_IT
3,en-it_IT:::speech:::vid_Lb7Dhf7oo4Y,en-ar_EG:::speech:::vid_Lb7Dhf7oo4Y,train,en-it_IT
3,en-it_IT:::speech:::vid_MK9b8_2DwLY,en-bho_IN:::speech:::vid_MK9b8_2DwLY,train,en-it_IT
3,en-it_IT:::speech:::vid_OmK3XTCDbbs,en-ar_EG:::speech:::vid_OmK3XTCDbbs,train,en-it_IT
3,en-it_IT:::speech:::vid_P2a0lVGYDNo,en-cs_CZ:::speech:::vid_P2a0lVGYDNo,train,en-it_IT
3,en-it_IT:::speech:::vid_Qu8m9h-AC0I,en-ar_EG:::speech:::vid_Qu8m9h-AC0I,train,en-it_IT
3,en-it_IT:::speech:::vid_RIjzeZ1xk1c,en-ar_EG:::speech:::vid_RIjzeZ1xk1c,train,en-it_IT
3,en-it_IT:::speech:::vid_YNQ_7eV3WcE,en-ar_EG:::speech:::vid_YNQ_7eV3WcE,train,en-it_IT
3,en-it_IT:::speech:::vid_YTxmx8hyJtA,en-ar_EG:::speech:::vid_YTxmx8hyJtA,train,en-it_IT
3,en-it_IT:::speech:::vid__S0GOwEJXUA,en-ar_EG:::speech:::vid__S0GOwEJXUA,train,en-it_IT
3,en-it_IT:::speech:::vid_blR87HY5UPk,en-ar_EG:::speech:::vid_blR87HY5UPk,train,en-it_IT
3,en-it_IT:::speech:::vid_m6CcZN4S8mk,en-cs_CZ:::speech:::vid_m6CcZN4S8mk,train,en-it_IT
3,en-it_IT:::speech:::vid_nNjtLybPRjM,en-ar_EG:::speech:::vid_nNjtLybPRjM,train,en-it_IT
3,en-it_IT:::speech:::vid_ncokXMVuG5s,en-cs_CZ:::speech:::vid_ncokXMVuG5s,train,en-it_IT
3,en-it_IT:::speech:::vid_qhwgP27R4xw,en-ar_EG:::speech:::vid_qhwgP27R4xw,train,en-it_IT
3,en-it_IT:::speech:::vid_r-aI0JD0bCE,en-ar_EG:::speech:::vid_r-aI0JD0bCE,train,en-it_IT
3,en-it_IT:::speech:::vid_wTKg_pD9bHo,en-cs_CZ:::speech:::vid_wTKg_pD9bHo,train,en-it_IT
3,en-it_IT:::speech:::vid_x48axn9yc9k,en-bho_IN:::speech:::vid_x48axn9yc9k,train,en-it_IT
3,en-it_IT:::news:::guardian.228996,en-ar_EG:::news:::guardian.228996,validation,en-it_IT
3,en-it_IT:::news:::guardian.229703,en-ar_EG:::news:::guardian.229703,validation,en-it_IT
3,en-it_IT:::social:::112502991207286008,en-ar_EG:::social:::112502991207286008,validation,en-it_IT
3,en-it_IT:::speech:::vid_7Aw4Q46omiM,en-ar_EG:::speech:::vid_7Aw4Q46omiM,validation,en-it_IT
3,en-it_IT:::speech:::vid_JoTLTGv8kqA,en-ar_EG:::speech:::vid_JoTLTGv8kqA,validation,en-it_IT
3,en-it_IT:::speech:::vid_M7v3ZfP4fm0,en-ar_EG:::speech:::vid_M7v3ZfP4fm0,validation,en-it_IT
3,en-it_IT:::speech:::vid_QgTkUWYd82M,en-ar_EG:::speech:::vid_QgTkUWYd82M,validation,en-it_IT
3,en-it_IT:::speech:::vid_Si9CnnVI8sk,en-ar_EG:::speech:::vid_Si9CnnVI8sk,validation,en-it_IT
3,en-it_IT:::speech:::vid_v2NNTNAXRWY,en-ar_EG:::speech:::vid_v2NNTNAXRWY,validation,en-it_IT
3,en-it_IT:::news:::brisbanetimes.com.au.306576,en-ar_EG:::news:::brisbanetimes.com.au.306576,test,en-it_IT
3,en-it_IT:::news:::en.ndtv.com.357237,en-cs_CZ:::news:::en.ndtv.com.357237,test,en-it_IT
3,en-it_IT:::news:::guardian.230737,en-bho_IN:::news:::guardian.230737,test,en-it_IT
3,en-it_IT:::news:::newrepublic.com.12623,en-ar_EG:::news:::newrepublic.com.12623,test,en-it_IT
3,en-it_IT:::social:::114417630342798842,en-ar_EG:::social:::114417630342798842,test,en-it_IT
3,en-it_IT:::speech:::vid_6dP6bHX73_k,en-ar_EG:::speech:::vid_6dP6bHX73_k,test,en-it_IT
3,en-it_IT:::speech:::vid_HjRhgaz1xTI,en-et_EE:::speech:::vid_HjRhgaz1xTI,test,en-it_IT
3,en-it_IT:::speech:::vid_JIq55zBGNX4,en-ar_EG:::speech:::vid_JIq55zBGNX4,test,en-it_IT
3,en-it_IT:::speech:::vid_PJLN1kAzbyw,en-ar_EG:::speech:::vid_PJLN1kAzbyw,test,en-it_IT
3,en-it_IT:::speech:::vid_VnlWOV5Oj1c,en-ar_EG:::speech:::vid_VnlWOV5Oj1c,test,en-it_IT
3,en-it_IT:::speech:::vid_mDjddYiHd7A,en-ar_EG:::speech:::vid_mDjddYiHd7A,test,en-it_IT
4,en-it_IT:::news:::brisbanetimes.com.au.306576,en-ar_EG:::news:::brisbanetimes.com.au.306576,train,en-it_IT
4,en-it_IT:::news:::en.ndtv.com.357237,en-cs_CZ:::news:::en.ndtv.com.357237,train,en-it_IT
4,en-it_IT:::news:::guardian.228996,en-ar_EG:::news:::guardian.228996,train,en-it_IT
4,en-it_IT:::news:::guardian.229703,en-ar_EG:::news:::guardian.229703,train,en-it_IT
4,en-it_IT:::news:::guardian.231311,en-ar_EG:::news:::guardian.231311,train,en-it_IT
4,en-it_IT:::news:::guardian.231314,en-is_IS:::news:::guardian.231314,train,en-it_IT
4,en-it_IT:::social:::112502991207286008,en-ar_EG:::social:::112502991207286008,train,en-it_IT
4,en-it_IT:::social:::114151944720213193,en-ar_EG:::social:::114151944720213193,train,en-it_IT
4,en-it_IT:::social:::114157282362077575,en-bho_IN:::social:::114157282362077575,train,en-it_IT
4,en-it_IT:::social:::114174389242714730,en-ar_EG:::social:::114174389242714730,train,en-it_IT
4,en-it_IT:::social:::114220065940975488,en-it_IT:::social:::114220065940975488,train,en-it_IT
4,en-it_IT:::social:::114417630342798842,en-ar_EG:::social:::114417630342798842,train,en-it_IT
4,en-it_IT:::speech:::vid_27keISTaqYw,en-ar_EG:::speech:::vid_27keISTaqYw,train,en-it_IT
4,en-it_IT:::speech:::vid_2cLeDVfEqG4,en-ar_EG:::speech:::vid_2cLeDVfEqG4,train,en-it_IT
4,en-it_IT:::speech:::vid_7Aw4Q46omiM,en-ar_EG:::speech:::vid_7Aw4Q46omiM,train,en-it_IT
4,en-it_IT:::speech:::vid_8qZFupajBuo,en-ar_EG:::speech:::vid_8qZFupajBuo,train,en-it_IT
4,en-it_IT:::speech:::vid_AJlp_obQgq8,en-bho_IN:::speech:::vid_AJlp_obQgq8,train,en-it_IT
4,en-it_IT:::speech:::vid_Ft41IG2BAG8,en-ar_EG:::speech:::vid_Ft41IG2BAG8,train,en-it_IT
4,en-it_IT:::speech:::vid_HjRhgaz1xTI,en-et_EE:::speech:::vid_HjRhgaz1xTI,train,en-it_IT
4,en-it_IT:::speech:::vid_JIq55zBGNX4,en-ar_EG:::speech:::vid_JIq55zBGNX4,train,en-it_IT
4,en-it_IT:::speech:::vid_Lb7Dhf7oo4Y,en-ar_EG:::speech:::vid_Lb7Dhf7oo4Y,train,en-it_IT
4,en-it_IT:::speech:::vid_M7v3ZfP4fm0,en-ar_EG:::speech:::vid_M7v3ZfP4fm0,train,en-it_IT
4,en-it_IT:::speech:::vid_MK9b8_2DwLY,en-bho_IN:::speech:::vid_MK9b8_2DwLY,train,en-it_IT
4,en-it_IT:::speech:::vid_P2a0lVGYDNo,en-cs_CZ:::speech:::vid_P2a0lVGYDNo,train,en-it_IT
4,en-it_IT:::speech:::vid_PJLN1kAzbyw,en-ar_EG:::speech:::vid_PJLN1kAzbyw,train,en-it_IT
4,en-it_IT:::speech:::vid_Qu8m9h-AC0I,en-ar_EG:::speech:::vid_Qu8m9h-AC0I,train,en-it_IT
4,en-it_IT:::speech:::vid_RIjzeZ1xk1c,en-ar_EG:::speech:::vid_RIjzeZ1xk1c,train,en-it_IT
4,en-it_IT:::speech:::vid_VnlWOV5Oj1c,en-ar_EG:::speech:::vid_VnlWOV5Oj1c,train,en-it_IT
4,en-it_IT:::speech:::vid_YNQ_7eV3WcE,en-ar_EG:::speech:::vid_YNQ_7eV3WcE,train,en-it_IT
4,en-it_IT:::speech:::vid_YTxmx8hyJtA,en-ar_EG:::speech:::vid_YTxmx8hyJtA,train,en-it_IT
4,en-it_IT:::speech:::vid_m6CcZN4S8mk,en-cs_CZ:::speech:::vid_m6CcZN4S8mk,train,en-it_IT
4,en-it_IT:::speech:::vid_nNjtLybPRjM,en-ar_EG:::speech:::vid_nNjtLybPRjM,train,en-it_IT
4,en-it_IT:::speech:::vid_ncokXMVuG5s,en-cs_CZ:::speech:::vid_ncokXMVuG5s,train,en-it_IT
4,en-it_IT:::speech:::vid_qhwgP27R4xw,en-ar_EG:::speech:::vid_qhwgP27R4xw,train,en-it_IT
4,en-it_IT:::news:::guardian.230737,en-bho_IN:::news:::guardian.230737,validation,en-it_IT
4,en-it_IT:::news:::newrepublic.com.12623,en-ar_EG:::news:::newrepublic.com.12623,validation,en-it_IT
4,en-it_IT:::speech:::vid_3DI4-E5Imow,en-ar_EG:::speech:::vid_3DI4-E5Imow,validation,en-it_IT
4,en-it_IT:::speech:::vid_6dP6bHX73_k,en-ar_EG:::speech:::vid_6dP6bHX73_k,validation,en-it_IT
4,en-it_IT:::speech:::vid_JoTLTGv8kqA,en-ar_EG:::speech:::vid_JoTLTGv8kqA,validation,en-it_IT
4,en-it_IT:::speech:::vid_QgTkUWYd82M,en-ar_EG:::speech:::vid_QgTkUWYd82M,validation,en-it_IT
4,en-it_IT:::speech:::vid__S0GOwEJXUA,en-ar_EG:::speech:::vid__S0GOwEJXUA,validation,en-it_IT
4,en-it_IT:::speech:::vid_mDjddYiHd7A,en-ar_EG:::speech:::vid_mDjddYiHd7A,validation,en-it_IT
4,en-it_IT:::speech:::vid_r-aI0JD0bCE,en-ar_EG:::speech:::vid_r-aI0JD0bCE,validation,en-it_IT
4,en-it_IT:::literary:::rink_rats_chapter2,en-ar_EG:::literary:::rink_rats_chapter2,test,en-it_IT
4,en-it_IT:::news:::newrepublic.com.12619,en-ar_EG:::news:::newrepublic.com.12619,test,en-it_IT
4,en-it_IT:::social:::114300646822630777,en-ar_EG:::social:::114300646822630777,test,en-it_IT
4,en-it_IT:::speech:::vid_3vpEaAjDgtI,en-ar_EG:::speech:::vid_3vpEaAjDgtI,test,en-it_IT
4,en-it_IT:::speech:::vid_GYfhGLrrDts,en-ar_EG:::speech:::vid_GYfhGLrrDts,test,en-it_IT
4,en-it_IT:::speech:::vid_OmK3XTCDbbs,en-ar_EG:::speech:::vid_OmK3XTCDbbs,test,en-it_IT
4,en-it_IT:::speech:::vid_Si9CnnVI8sk,en-ar_EG:::speech:::vid_Si9CnnVI8sk,test,en-it_IT
4,en-it_IT:::speech:::vid_blR87HY5UPk,en-ar_EG:::speech:::vid_blR87HY5UPk,test,en-it_IT
4,en-it_IT:::speech:::vid_v2NNTNAXRWY,en-ar_EG:::speech:::vid_v2NNTNAXRWY,test,en-it_IT
4,en-it_IT:::speech:::vid_wTKg_pD9bHo,en-cs_CZ:::speech:::vid_wTKg_pD9bHo,test,en-it_IT
4,en-it_IT:::speech:::vid_x48axn9yc9k,en-bho_IN:::speech:::vid_x48axn9yc9k,test,en-it_IT
5,en-it_IT:::literary:::rink_rats_chapter2,en-ar_EG:::literary:::rink_rats_chapter2,train,en-it_IT
5,en-it_IT:::news:::en.ndtv.com.357237,en-cs_CZ:::news:::en.ndtv.com.357237,train,en-it_IT
5,en-it_IT:::news:::guardian.228996,en-ar_EG:::news:::guardian.228996,train,en-it_IT
5,en-it_IT:::news:::guardian.229703,en-ar_EG:::news:::guardian.229703,train,en-it_IT
5,en-it_IT:::news:::guardian.230737,en-bho_IN:::news:::guardian.230737,train,en-it_IT
5,en-it_IT:::news:::guardian.231314,en-is_IS:::news:::guardian.231314,train,en-it_IT
5,en-it_IT:::news:::newrepublic.com.12619,en-ar_EG:::news:::newrepublic.com.12619,train,en-it_IT
5,en-it_IT:::news:::newrepublic.com.12623,en-ar_EG:::news:::newrepublic.com.12623,train,en-it_IT
5,en-it_IT:::social:::112502991207286008,en-ar_EG:::social:::112502991207286008,train,en-it_IT
5,en-it_IT:::social:::114157282362077575,en-bho_IN:::social:::114157282362077575,train,en-it_IT
5,en-it_IT:::social:::114220065940975488,en-it_IT:::social:::114220065940975488,train,en-it_IT
5,en-it_IT:::social:::114300646822630777,en-ar_EG:::social:::114300646822630777,train,en-it_IT
5,en-it_IT:::social:::114417630342798842,en-ar_EG:::social:::114417630342798842,train,en-it_IT
5,en-it_IT:::speech:::vid_27keISTaqYw,en-ar_EG:::speech:::vid_27keISTaqYw,train,en-it_IT
5,en-it_IT:::speech:::vid_2cLeDVfEqG4,en-ar_EG:::speech:::vid_2cLeDVfEqG4,train,en-it_IT
5,en-it_IT:::speech:::vid_6dP6bHX73_k,en-ar_EG:::speech:::vid_6dP6bHX73_k,train,en-it_IT
5,en-it_IT:::speech:::vid_7Aw4Q46omiM,en-ar_EG:::speech:::vid_7Aw4Q46omiM,train,en-it_IT
5,en-it_IT:::speech:::vid_8qZFupajBuo,en-ar_EG:::speech:::vid_8qZFupajBuo,train,en-it_IT
5,en-it_IT:::speech:::vid_AJlp_obQgq8,en-bho_IN:::speech:::vid_AJlp_obQgq8,train,en-it_IT
5,en-it_IT:::speech:::vid_HjRhgaz1xTI,en-et_EE:::speech:::vid_HjRhgaz1xTI,train,en-it_IT
5,en-it_IT:::speech:::vid_JIq55zBGNX4,en-ar_EG:::speech:::vid_JIq55zBGNX4,train,en-it_IT
5,en-it_IT:::speech:::vid_JoTLTGv8kqA,en-ar_EG:::speech:::vid_JoTLTGv8kqA,train,en-it_IT
5,en-it_IT:::speech:::vid_OmK3XTCDbbs,en-ar_EG:::speech:::vid_OmK3XTCDbbs,train,en-it_IT
5,en-it_IT:::speech:::vid_P2a0lVGYDNo,en-cs_CZ:::speech:::vid_P2a0lVGYDNo,train,en-it_IT
5,en-it_IT:::speech:::vid_PJLN1kAzbyw,en-ar_EG:::speech:::vid_PJLN1kAzbyw,train,en-it_IT
5,en-it_IT:::speech:::vid_QgTkUWYd82M,en-ar_EG:::speech:::vid_QgTkUWYd82M,train,en-it_IT
5,en-it_IT:::speech:::vid_Qu8m9h-AC0I,en-ar_EG:::speech:::vid_Qu8m9h-AC0I,train,en-it_IT
5,en-it_IT:::speech:::vid_YNQ_7eV3WcE,en-ar_EG:::speech:::vid_YNQ_7eV3WcE,train,en-it_IT
5,en-it_IT:::speech:::vid_blR87HY5UPk,en-ar_EG:::speech:::vid_blR87HY5UPk,train,en-it_IT
5,en-it_IT:::speech:::vid_m6CcZN4S8mk,en-cs_CZ:::speech:::vid_m6CcZN4S8mk,train,en-it_IT
5,en-it_IT:::speech:::vid_mDjddYiHd7A,en-ar_EG:::speech:::vid_mDjddYiHd7A,train,en-it_IT
5,en-it_IT:::speech:::vid_nNjtLybPRjM,en-ar_EG:::speech:::vid_nNjtLybPRjM,train,en-it_IT
5,en-it_IT:::speech:::vid_qhwgP27R4xw,en-ar_EG:::speech:::vid_qhwgP27R4xw,train,en-it_IT
5,en-it_IT:::speech:::vid_wTKg_pD9bHo,en-cs_CZ:::speech:::vid_wTKg_pD9bHo,train,en-it_IT
5,en-it_IT:::speech:::vid_x48axn9yc9k,en-bho_IN:::speech:::vid_x48axn9yc9k,train,en-it_IT
5,en-it_IT:::news:::brisbanetimes.com.au.306576,en-ar_EG:::news:::brisbanetimes.com.au.306576,validation,en-it_IT
5,en-it_IT:::social:::114151944720213193,en-ar_EG:::social:::114151944720213193,validation,en-it_IT
5,en-it_IT:::speech:::vid_3vpEaAjDgtI,en-ar_EG:::speech:::vid_3vpEaAjDgtI,validation,en-it_IT
5,en-it_IT:::speech:::vid_GYfhGLrrDts,en-ar_EG:::speech:::vid_GYfhGLrrDts,validation,en-it_IT
5,en-it_IT:::speech:::vid_Lb7Dhf7oo4Y,en-ar_EG:::speech:::vid_Lb7Dhf7oo4Y,validation,en-it_IT
5,en-it_IT:::speech:::vid_Si9CnnVI8sk,en-ar_EG:::speech:::vid_Si9CnnVI8sk,validation,en-it_IT
5,en-it_IT:::speech:::vid_VnlWOV5Oj1c,en-ar_EG:::speech:::vid_VnlWOV5Oj1c,validation,en-it_IT
5,en-it_IT:::speech:::vid_YTxmx8hyJtA,en-ar_EG:::speech:::vid_YTxmx8hyJtA,validation,en-it_IT
5,en-it_IT:::speech:::vid_v2NNTNAXRWY,en-ar_EG:::speech:::vid_v2NNTNAXRWY,validation,en-it_IT
5,en-it_IT:::news:::guardian.231311,en-ar_EG:::news:::guardian.231311,test,en-it_IT
5,en-it_IT:::social:::114174389242714730,en-ar_EG:::social:::114174389242714730,test,en-it_IT
5,en-it_IT:::speech:::vid_3DI4-E5Imow,en-ar_EG:::speech:::vid_3DI4-E5Imow,test,en-it_IT
5,en-it_IT:::speech:::vid_Ft41IG2BAG8,en-ar_EG:::speech:::vid_Ft41IG2BAG8,test,en-it_IT
5,en-it_IT:::speech:::vid_M7v3ZfP4fm0,en-ar_EG:::speech:::vid_M7v3ZfP4fm0,test,en-it_IT
5,en-it_IT:::speech:::vid_MK9b8_2DwLY,en-bho_IN:::speech:::vid_MK9b8_2DwLY,test,en-it_IT
5,en-it_IT:::speech:::vid_RIjzeZ1xk1c,en-ar_EG:::speech:::vid_RIjzeZ1xk1c,test,en-it_IT
5,en-it_IT:::speech:::vid__S0GOwEJXUA,en-ar_EG:::speech:::vid__S0GOwEJXUA,test,en-it_IT
5,en-it_IT:::speech:::vid_ncokXMVuG5s,en-cs_CZ:::speech:::vid_ncokXMVuG5s,test,en-it_IT
5,en-it_IT:::speech:::vid_r-aI0JD0bCE,en-ar_EG:::speech:::vid_r-aI0JD0bCE,test,en-it_IT
1,en-ja_JP:::literary:::rink_rats_chapter1,en-ja_JP:::literary:::rink_rats_chapter1,train,en-ja_JP
1,en-ja_JP:::news:::guardian.228996,en-ar_EG:::news:::guardian.228996,train,en-ja_JP
1,en-ja_JP:::news:::guardian.230737,en-bho_IN:::news:::guardian.230737,train,en-ja_JP
1,en-ja_JP:::news:::guardian.231311,en-ar_EG:::news:::guardian.231311,train,en-ja_JP
1,en-ja_JP:::news:::newrepublic.com.12619,en-ar_EG:::news:::newrepublic.com.12619,train,en-ja_JP
1,en-ja_JP:::news:::nytimes.153341,en-bho_IN:::news:::nytimes.153341,train,en-ja_JP
1,en-ja_JP:::social:::114151944720213193,en-ar_EG:::social:::114151944720213193,train,en-ja_JP
1,en-ja_JP:::social:::114174389242714730,en-ar_EG:::social:::114174389242714730,train,en-ja_JP
1,en-ja_JP:::social:::114300646822630777,en-ar_EG:::social:::114300646822630777,train,en-ja_JP
1,en-ja_JP:::social:::114417630342798842,en-ar_EG:::social:::114417630342798842,train,en-ja_JP
1,en-ja_JP:::speech:::vid_2cLeDVfEqG4,en-ar_EG:::speech:::vid_2cLeDVfEqG4,train,en-ja_JP
1,en-ja_JP:::speech:::vid_6dP6bHX73_k,en-ar_EG:::speech:::vid_6dP6bHX73_k,train,en-ja_JP
1,en-ja_JP:::speech:::vid_8I8msBYGNR4,en-bho_IN:::speech:::vid_8I8msBYGNR4,train,en-ja_JP
1,en-ja_JP:::speech:::vid_BrC0v6K3H4I,en-ar_EG:::speech:::vid_BrC0v6K3H4I,train,en-ja_JP
1,en-ja_JP:::speech:::vid_HjRhgaz1xTI,en-et_EE:::speech:::vid_HjRhgaz1xTI,train,en-ja_JP
1,en-ja_JP:::speech:::vid_JIq55zBGNX4,en-ar_EG:::speech:::vid_JIq55zBGNX4,train,en-ja_JP
1,en-ja_JP:::speech:::vid_Lb7Dhf7oo4Y,en-ar_EG:::speech:::vid_Lb7Dhf7oo4Y,train,en-ja_JP
1,en-ja_JP:::speech:::vid_OmK3XTCDbbs,en-ar_EG:::speech:::vid_OmK3XTCDbbs,train,en-ja_JP
1,en-ja_JP:::speech:::vid_PJLN1kAzbyw,en-ar_EG:::speech:::vid_PJLN1kAzbyw,train,en-ja_JP
1,en-ja_JP:::speech:::vid_Qu8m9h-AC0I,en-ar_EG:::speech:::vid_Qu8m9h-AC0I,train,en-ja_JP
1,en-ja_JP:::speech:::vid_RIjzeZ1xk1c,en-ar_EG:::speech:::vid_RIjzeZ1xk1c,train,en-ja_JP
1,en-ja_JP:::speech:::vid_Si9CnnVI8sk,en-ar_EG:::speech:::vid_Si9CnnVI8sk,train,en-ja_JP
1,en-ja_JP:::speech:::vid_YTxmx8hyJtA,en-ar_EG:::speech:::vid_YTxmx8hyJtA,train,en-ja_JP
1,en-ja_JP:::speech:::vid_fWRlPSl5itQ,en-bho_IN:::speech:::vid_fWRlPSl5itQ,train,en-ja_JP
1,en-ja_JP:::speech:::vid_m6CcZN4S8mk,en-cs_CZ:::speech:::vid_m6CcZN4S8mk,train,en-ja_JP
1,en-ja_JP:::speech:::vid_mDjddYiHd7A,en-ar_EG:::speech:::vid_mDjddYiHd7A,train,en-ja_JP
1,en-ja_JP:::speech:::vid_n-mmxFdva4w,en-bho_IN:::speech:::vid_n-mmxFdva4w,train,en-ja_JP
1,en-ja_JP:::speech:::vid_nNjtLybPRjM,en-ar_EG:::speech:::vid_nNjtLybPRjM,train,en-ja_JP
1,en-ja_JP:::speech:::vid_nU09s4CuaRg,en-ar_EG:::speech:::vid_nU09s4CuaRg,train,en-ja_JP
1,en-ja_JP:::speech:::vid_qhwgP27R4xw,en-ar_EG:::speech:::vid_qhwgP27R4xw,train,en-ja_JP
1,en-ja_JP:::speech:::vid_rU8nY03Lo5s,en-ar_EG:::speech:::vid_rU8nY03Lo5s,train,en-ja_JP
1,en-ja_JP:::speech:::vid_u2JNW0Ftyzg,en-bho_IN:::speech:::vid_u2JNW0Ftyzg,train,en-ja_JP
1,en-ja_JP:::news:::guardian.231314,en-is_IS:::news:::guardian.231314,validation,en-ja_JP
1,en-ja_JP:::news:::newrepublic.com.12623,en-ar_EG:::news:::newrepublic.com.12623,validation,en-ja_JP
1,en-ja_JP:::speech:::vid_3vpEaAjDgtI,en-ar_EG:::speech:::vid_3vpEaAjDgtI,validation,en-ja_JP
1,en-ja_JP:::speech:::vid_7Aw4Q46omiM,en-ar_EG:::speech:::vid_7Aw4Q46omiM,validation,en-ja_JP
1,en-ja_JP:::speech:::vid_Ft41IG2BAG8,en-ar_EG:::speech:::vid_Ft41IG2BAG8,validation,en-ja_JP
1,en-ja_JP:::speech:::vid_GYfhGLrrDts,en-ar_EG:::speech:::vid_GYfhGLrrDts,validation,en-ja_JP
1,en-ja_JP:::speech:::vid_M7v3ZfP4fm0,en-ar_EG:::speech:::vid_M7v3ZfP4fm0,validation,en-ja_JP
1,en-ja_JP:::speech:::vid_v2NNTNAXRWY,en-ar_EG:::speech:::vid_v2NNTNAXRWY,validation,en-ja_JP
1,en-ja_JP:::news:::brisbanetimes.com.au.306576,en-ar_EG:::news:::brisbanetimes.com.au.306576,test,en-ja_JP
1,en-ja_JP:::social:::112502991207286008,en-ar_EG:::social:::112502991207286008,test,en-ja_JP
1,en-ja_JP:::social:::114157282362077575,en-bho_IN:::social:::114157282362077575,test,en-ja_JP
1,en-ja_JP:::speech:::vid_27keISTaqYw,en-ar_EG:::speech:::vid_27keISTaqYw,test,en-ja_JP
1,en-ja_JP:::speech:::vid_8qZFupajBuo,en-ar_EG:::speech:::vid_8qZFupajBuo,test,en-ja_JP
1,en-ja_JP:::speech:::vid_JoTLTGv8kqA,en-ar_EG:::speech:::vid_JoTLTGv8kqA,test,en-ja_JP
1,en-ja_JP:::speech:::vid_QgTkUWYd82M,en-ar_EG:::speech:::vid_QgTkUWYd82M,test,en-ja_JP
1,en-ja_JP:::speech:::vid__S0GOwEJXUA,en-ar_EG:::speech:::vid__S0GOwEJXUA,test,en-ja_JP
1,en-ja_JP:::speech:::vid__r0K17ipoac,en-ja_JP:::speech:::vid__r0K17ipoac,test,en-ja_JP
1,en-ja_JP:::speech:::vid_r-aI0JD0bCE,en-ar_EG:::speech:::vid_r-aI0JD0bCE,test,en-ja_JP
1,en-ja_JP:::speech:::vid_x48axn9yc9k,en-bho_IN:::speech:::vid_x48axn9yc9k,test,en-ja_JP
2,en-ja_JP:::news:::brisbanetimes.com.au.306576,en-ar_EG:::news:::brisbanetimes.com.au.306576,train,en-ja_JP
2,en-ja_JP:::news:::guardian.231311,en-ar_EG:::news:::guardian.231311,train,en-ja_JP
2,en-ja_JP:::news:::guardian.231314,en-is_IS:::news:::guardian.231314,train,en-ja_JP
2,en-ja_JP:::news:::newrepublic.com.12619,en-ar_EG:::news:::newrepublic.com.12619,train,en-ja_JP
2,en-ja_JP:::social:::112502991207286008,en-ar_EG:::social:::112502991207286008,train,en-ja_JP
2,en-ja_JP:::social:::114151944720213193,en-ar_EG:::social:::114151944720213193,train,en-ja_JP
2,en-ja_JP:::social:::114174389242714730,en-ar_EG:::social:::114174389242714730,train,en-ja_JP
2,en-ja_JP:::social:::114300646822630777,en-ar_EG:::social:::114300646822630777,train,en-ja_JP
2,en-ja_JP:::speech:::vid_27keISTaqYw,en-ar_EG:::speech:::vid_27keISTaqYw,train,en-ja_JP
2,en-ja_JP:::speech:::vid_2cLeDVfEqG4,en-ar_EG:::speech:::vid_2cLeDVfEqG4,train,en-ja_JP
2,en-ja_JP:::speech:::vid_3vpEaAjDgtI,en-ar_EG:::speech:::vid_3vpEaAjDgtI,train,en-ja_JP
2,en-ja_JP:::speech:::vid_6dP6bHX73_k,en-ar_EG:::speech:::vid_6dP6bHX73_k,train,en-ja_JP
2,en-ja_JP:::speech:::vid_8qZFupajBuo,en-ar_EG:::speech:::vid_8qZFupajBuo,train,en-ja_JP
2,en-ja_JP:::speech:::vid_BrC0v6K3H4I,en-ar_EG:::speech:::vid_BrC0v6K3H4I,train,en-ja_JP
2,en-ja_JP:::speech:::vid_GYfhGLrrDts,en-ar_EG:::speech:::vid_GYfhGLrrDts,train,en-ja_JP
2,en-ja_JP:::speech:::vid_HjRhgaz1xTI,en-et_EE:::speech:::vid_HjRhgaz1xTI,train,en-ja_JP
2,en-ja_JP:::speech:::vid_JoTLTGv8kqA,en-ar_EG:::speech:::vid_JoTLTGv8kqA,train,en-ja_JP
2,en-ja_JP:::speech:::vid_Lb7Dhf7oo4Y,en-ar_EG:::speech:::vid_Lb7Dhf7oo4Y,train,en-ja_JP
2,en-ja_JP:::speech:::vid_QgTkUWYd82M,en-ar_EG:::speech:::vid_QgTkUWYd82M,train,en-ja_JP
2,en-ja_JP:::speech:::vid_Qu8m9h-AC0I,en-ar_EG:::speech:::vid_Qu8m9h-AC0I,train,en-ja_JP
2,en-ja_JP:::speech:::vid_RIjzeZ1xk1c,en-ar_EG:::speech:::vid_RIjzeZ1xk1c,train,en-ja_JP
2,en-ja_JP:::speech:::vid_Si9CnnVI8sk,en-ar_EG:::speech:::vid_Si9CnnVI8sk,train,en-ja_JP
2,en-ja_JP:::speech:::vid__r0K17ipoac,en-ja_JP:::speech:::vid__r0K17ipoac,train,en-ja_JP
2,en-ja_JP:::speech:::vid_fWRlPSl5itQ,en-bho_IN:::speech:::vid_fWRlPSl5itQ,train,en-ja_JP
2,en-ja_JP:::speech:::vid_m6CcZN4S8mk,en-cs_CZ:::speech:::vid_m6CcZN4S8mk,train,en-ja_JP
2,en-ja_JP:::speech:::vid_mDjddYiHd7A,en-ar_EG:::speech:::vid_mDjddYiHd7A,train,en-ja_JP
2,en-ja_JP:::speech:::vid_n-mmxFdva4w,en-bho_IN:::speech:::vid_n-mmxFdva4w,train,en-ja_JP
2,en-ja_JP:::speech:::vid_nNjtLybPRjM,en-ar_EG:::speech:::vid_nNjtLybPRjM,train,en-ja_JP
2,en-ja_JP:::speech:::vid_nU09s4CuaRg,en-ar_EG:::speech:::vid_nU09s4CuaRg,train,en-ja_JP
2,en-ja_JP:::speech:::vid_r-aI0JD0bCE,en-ar_EG:::speech:::vid_r-aI0JD0bCE,train,en-ja_JP
2,en-ja_JP:::speech:::vid_rU8nY03Lo5s,en-ar_EG:::speech:::vid_rU8nY03Lo5s,train,en-ja_JP
2,en-ja_JP:::speech:::vid_v2NNTNAXRWY,en-ar_EG:::speech:::vid_v2NNTNAXRWY,train,en-ja_JP
2,en-ja_JP:::speech:::vid_x48axn9yc9k,en-bho_IN:::speech:::vid_x48axn9yc9k,train,en-ja_JP
2,en-ja_JP:::news:::guardian.228996,en-ar_EG:::news:::guardian.228996,validation,en-ja_JP
2,en-ja_JP:::news:::guardian.230737,en-bho_IN:::news:::guardian.230737,validation,en-ja_JP
2,en-ja_JP:::social:::114157282362077575,en-bho_IN:::social:::114157282362077575,validation,en-ja_JP
2,en-ja_JP:::speech:::vid_8I8msBYGNR4,en-bho_IN:::speech:::vid_8I8msBYGNR4,validation,en-ja_JP
2,en-ja_JP:::speech:::vid_Ft41IG2BAG8,en-ar_EG:::speech:::vid_Ft41IG2BAG8,validation,en-ja_JP
2,en-ja_JP:::speech:::vid_M7v3ZfP4fm0,en-ar_EG:::speech:::vid_M7v3ZfP4fm0,validation,en-ja_JP
2,en-ja_JP:::speech:::vid_OmK3XTCDbbs,en-ar_EG:::speech:::vid_OmK3XTCDbbs,validation,en-ja_JP
2,en-ja_JP:::speech:::vid__S0GOwEJXUA,en-ar_EG:::speech:::vid__S0GOwEJXUA,validation,en-ja_JP
2,en-ja_JP:::literary:::rink_rats_chapter1,en-ja_JP:::literary:::rink_rats_chapter1,test,en-ja_JP
2,en-ja_JP:::news:::newrepublic.com.12623,en-ar_EG:::news:::newrepublic.com.12623,test,en-ja_JP
2,en-ja_JP:::news:::nytimes.153341,en-bho_IN:::news:::nytimes.153341,test,en-ja_JP
2,en-ja_JP:::social:::114417630342798842,en-ar_EG:::social:::114417630342798842,test,en-ja_JP
2,en-ja_JP:::speech:::vid_7Aw4Q46omiM,en-ar_EG:::speech:::vid_7Aw4Q46omiM,test,en-ja_JP
2,en-ja_JP:::speech:::vid_JIq55zBGNX4,en-ar_EG:::speech:::vid_JIq55zBGNX4,test,en-ja_JP
2,en-ja_JP:::speech:::vid_PJLN1kAzbyw,en-ar_EG:::speech:::vid_PJLN1kAzbyw,test,en-ja_JP
2,en-ja_JP:::speech:::vid_YTxmx8hyJtA,en-ar_EG:::speech:::vid_YTxmx8hyJtA,test,en-ja_JP
2,en-ja_JP:::speech:::vid_qhwgP27R4xw,en-ar_EG:::speech:::vid_qhwgP27R4xw,test,en-ja_JP
2,en-ja_JP:::speech:::vid_u2JNW0Ftyzg,en-bho_IN:::speech:::vid_u2JNW0Ftyzg,test,en-ja_JP
3,en-ja_JP:::literary:::rink_rats_chapter1,en-ja_JP:::literary:::rink_rats_chapter1,train,en-ja_JP
3,en-ja_JP:::news:::brisbanetimes.com.au.306576,en-ar_EG:::news:::brisbanetimes.com.au.306576,train,en-ja_JP
3,en-ja_JP:::news:::newrepublic.com.12623,en-ar_EG:::news:::newrepublic.com.12623,train,en-ja_JP
3,en-ja_JP:::news:::nytimes.153341,en-bho_IN:::news:::nytimes.153341,train,en-ja_JP
3,en-ja_JP:::social:::112502991207286008,en-ar_EG:::social:::112502991207286008,train,en-ja_JP
3,en-ja_JP:::social:::114157282362077575,en-bho_IN:::social:::114157282362077575,train,en-ja_JP
3,en-ja_JP:::social:::114174389242714730,en-ar_EG:::social:::114174389242714730,train,en-ja_JP
3,en-ja_JP:::social:::114417630342798842,en-ar_EG:::social:::114417630342798842,train,en-ja_JP
3,en-ja_JP:::speech:::vid_27keISTaqYw,en-ar_EG:::speech:::vid_27keISTaqYw,train,en-ja_JP
3,en-ja_JP:::speech:::vid_2cLeDVfEqG4,en-ar_EG:::speech:::vid_2cLeDVfEqG4,train,en-ja_JP
3,en-ja_JP:::speech:::vid_3vpEaAjDgtI,en-ar_EG:::speech:::vid_3vpEaAjDgtI,train,en-ja_JP
3,en-ja_JP:::speech:::vid_7Aw4Q46omiM,en-ar_EG:::speech:::vid_7Aw4Q46omiM,train,en-ja_JP
3,en-ja_JP:::speech:::vid_8I8msBYGNR4,en-bho_IN:::speech:::vid_8I8msBYGNR4,train,en-ja_JP
3,en-ja_JP:::speech:::vid_8qZFupajBuo,en-ar_EG:::speech:::vid_8qZFupajBuo,train,en-ja_JP
3,en-ja_JP:::speech:::vid_Ft41IG2BAG8,en-ar_EG:::speech:::vid_Ft41IG2BAG8,train,en-ja_JP
3,en-ja_JP:::speech:::vid_HjRhgaz1xTI,en-et_EE:::speech:::vid_HjRhgaz1xTI,train,en-ja_JP
3,en-ja_JP:::speech:::vid_JoTLTGv8kqA,en-ar_EG:::speech:::vid_JoTLTGv8kqA,train,en-ja_JP
3,en-ja_JP:::speech:::vid_M7v3ZfP4fm0,en-ar_EG:::speech:::vid_M7v3ZfP4fm0,train,en-ja_JP
3,en-ja_JP:::speech:::vid_PJLN1kAzbyw,en-ar_EG:::speech:::vid_PJLN1kAzbyw,train,en-ja_JP
3,en-ja_JP:::speech:::vid_Qu8m9h-AC0I,en-ar_EG:::speech:::vid_Qu8m9h-AC0I,train,en-ja_JP
3,en-ja_JP:::speech:::vid_RIjzeZ1xk1c,en-ar_EG:::speech:::vid_RIjzeZ1xk1c,train,en-ja_JP
3,en-ja_JP:::speech:::vid_YTxmx8hyJtA,en-ar_EG:::speech:::vid_YTxmx8hyJtA,train,en-ja_JP
3,en-ja_JP:::speech:::vid__S0GOwEJXUA,en-ar_EG:::speech:::vid__S0GOwEJXUA,train,en-ja_JP
3,en-ja_JP:::speech:::vid__r0K17ipoac,en-ja_JP:::speech:::vid__r0K17ipoac,train,en-ja_JP
3,en-ja_JP:::speech:::vid_fWRlPSl5itQ,en-bho_IN:::speech:::vid_fWRlPSl5itQ,train,en-ja_JP
3,en-ja_JP:::speech:::vid_m6CcZN4S8mk,en-cs_CZ:::speech:::vid_m6CcZN4S8mk,train,en-ja_JP
3,en-ja_JP:::speech:::vid_mDjddYiHd7A,en-ar_EG:::speech:::vid_mDjddYiHd7A,train,en-ja_JP
3,en-ja_JP:::speech:::vid_nNjtLybPRjM,en-ar_EG:::speech:::vid_nNjtLybPRjM,train,en-ja_JP
3,en-ja_JP:::speech:::vid_qhwgP27R4xw,en-ar_EG:::speech:::vid_qhwgP27R4xw,train,en-ja_JP
3,en-ja_JP:::speech:::vid_r-aI0JD0bCE,en-ar_EG:::speech:::vid_r-aI0JD0bCE,train,en-ja_JP
3,en-ja_JP:::speech:::vid_rU8nY03Lo5s,en-ar_EG:::speech:::vid_rU8nY03Lo5s,train,en-ja_JP
3,en-ja_JP:::speech:::vid_u2JNW0Ftyzg,en-bho_IN:::speech:::vid_u2JNW0Ftyzg,train,en-ja_JP
3,en-ja_JP:::speech:::vid_x48axn9yc9k,en-bho_IN:::speech:::vid_x48axn9yc9k,train,en-ja_JP
3,en-ja_JP:::news:::guardian.228996,en-ar_EG:::news:::guardian.228996,validation,en-ja_JP
3,en-ja_JP:::news:::guardian.231311,en-ar_EG:::news:::guardian.231311,validation,en-ja_JP
3,en-ja_JP:::social:::114151944720213193,en-ar_EG:::social:::114151944720213193,validation,en-ja_JP
3,en-ja_JP:::speech:::vid_BrC0v6K3H4I,en-ar_EG:::speech:::vid_BrC0v6K3H4I,validation,en-ja_JP
3,en-ja_JP:::speech:::vid_JIq55zBGNX4,en-ar_EG:::speech:::vid_JIq55zBGNX4,validation,en-ja_JP
3,en-ja_JP:::speech:::vid_Lb7Dhf7oo4Y,en-ar_EG:::speech:::vid_Lb7Dhf7oo4Y,validation,en-ja_JP
3,en-ja_JP:::speech:::vid_QgTkUWYd82M,en-ar_EG:::speech:::vid_QgTkUWYd82M,validation,en-ja_JP
3,en-ja_JP:::speech:::vid_v2NNTNAXRWY,en-ar_EG:::speech:::vid_v2NNTNAXRWY,validation,en-ja_JP
3,en-ja_JP:::news:::guardian.230737,en-bho_IN:::news:::guardian.230737,test,en-ja_JP
3,en-ja_JP:::news:::guardian.231314,en-is_IS:::news:::guardian.231314,test,en-ja_JP
3,en-ja_JP:::news:::newrepublic.com.12619,en-ar_EG:::news:::newrepublic.com.12619,test,en-ja_JP
3,en-ja_JP:::social:::114300646822630777,en-ar_EG:::social:::114300646822630777,test,en-ja_JP
3,en-ja_JP:::speech:::vid_6dP6bHX73_k,en-ar_EG:::speech:::vid_6dP6bHX73_k,test,en-ja_JP
3,en-ja_JP:::speech:::vid_GYfhGLrrDts,en-ar_EG:::speech:::vid_GYfhGLrrDts,test,en-ja_JP
3,en-ja_JP:::speech:::vid_OmK3XTCDbbs,en-ar_EG:::speech:::vid_OmK3XTCDbbs,test,en-ja_JP
3,en-ja_JP:::speech:::vid_Si9CnnVI8sk,en-ar_EG:::speech:::vid_Si9CnnVI8sk,test,en-ja_JP
3,en-ja_JP:::speech:::vid_n-mmxFdva4w,en-bho_IN:::speech:::vid_n-mmxFdva4w,test,en-ja_JP
3,en-ja_JP:::speech:::vid_nU09s4CuaRg,en-ar_EG:::speech:::vid_nU09s4CuaRg,test,en-ja_JP
4,en-ja_JP:::literary:::rink_rats_chapter1,en-ja_JP:::literary:::rink_rats_chapter1,train,en-ja_JP
4,en-ja_JP:::news:::brisbanetimes.com.au.306576,en-ar_EG:::news:::brisbanetimes.com.au.306576,train,en-ja_JP
4,en-ja_JP:::news:::guardian.228996,en-ar_EG:::news:::guardian.228996,train,en-ja_JP
4,en-ja_JP:::news:::guardian.230737,en-bho_IN:::news:::guardian.230737,train,en-ja_JP
4,en-ja_JP:::news:::guardian.231314,en-is_IS:::news:::guardian.231314,train,en-ja_JP
4,en-ja_JP:::news:::newrepublic.com.12619,en-ar_EG:::news:::newrepublic.com.12619,train,en-ja_JP
4,en-ja_JP:::news:::newrepublic.com.12623,en-ar_EG:::news:::newrepublic.com.12623,train,en-ja_JP
4,en-ja_JP:::social:::112502991207286008,en-ar_EG:::social:::112502991207286008,train,en-ja_JP
4,en-ja_JP:::social:::114151944720213193,en-ar_EG:::social:::114151944720213193,train,en-ja_JP
4,en-ja_JP:::social:::114157282362077575,en-bho_IN:::social:::114157282362077575,train,en-ja_JP
4,en-ja_JP:::social:::114300646822630777,en-ar_EG:::social:::114300646822630777,train,en-ja_JP
4,en-ja_JP:::social:::114417630342798842,en-ar_EG:::social:::114417630342798842,train,en-ja_JP
4,en-ja_JP:::speech:::vid_27keISTaqYw,en-ar_EG:::speech:::vid_27keISTaqYw,train,en-ja_JP
4,en-ja_JP:::speech:::vid_2cLeDVfEqG4,en-ar_EG:::speech:::vid_2cLeDVfEqG4,train,en-ja_JP
4,en-ja_JP:::speech:::vid_6dP6bHX73_k,en-ar_EG:::speech:::vid_6dP6bHX73_k,train,en-ja_JP
4,en-ja_JP:::speech:::vid_8I8msBYGNR4,en-bho_IN:::speech:::vid_8I8msBYGNR4,train,en-ja_JP
4,en-ja_JP:::speech:::vid_BrC0v6K3H4I,en-ar_EG:::speech:::vid_BrC0v6K3H4I,train,en-ja_JP
4,en-ja_JP:::speech:::vid_GYfhGLrrDts,en-ar_EG:::speech:::vid_GYfhGLrrDts,train,en-ja_JP
4,en-ja_JP:::speech:::vid_JIq55zBGNX4,en-ar_EG:::speech:::vid_JIq55zBGNX4,train,en-ja_JP
4,en-ja_JP:::speech:::vid_JoTLTGv8kqA,en-ar_EG:::speech:::vid_JoTLTGv8kqA,train,en-ja_JP
4,en-ja_JP:::speech:::vid_OmK3XTCDbbs,en-ar_EG:::speech:::vid_OmK3XTCDbbs,train,en-ja_JP
4,en-ja_JP:::speech:::vid_PJLN1kAzbyw,en-ar_EG:::speech:::vid_PJLN1kAzbyw,train,en-ja_JP
4,en-ja_JP:::speech:::vid_QgTkUWYd82M,en-ar_EG:::speech:::vid_QgTkUWYd82M,train,en-ja_JP
4,en-ja_JP:::speech:::vid_Si9CnnVI8sk,en-ar_EG:::speech:::vid_Si9CnnVI8sk,train,en-ja_JP
4,en-ja_JP:::speech:::vid_YTxmx8hyJtA,en-ar_EG:::speech:::vid_YTxmx8hyJtA,train,en-ja_JP
4,en-ja_JP:::speech:::vid__S0GOwEJXUA,en-ar_EG:::speech:::vid__S0GOwEJXUA,train,en-ja_JP
4,en-ja_JP:::speech:::vid__r0K17ipoac,en-ja_JP:::speech:::vid__r0K17ipoac,train,en-ja_JP
4,en-ja_JP:::speech:::vid_m6CcZN4S8mk,en-cs_CZ:::speech:::vid_m6CcZN4S8mk,train,en-ja_JP
4,en-ja_JP:::speech:::vid_mDjddYiHd7A,en-ar_EG:::speech:::vid_mDjddYiHd7A,train,en-ja_JP
4,en-ja_JP:::speech:::vid_n-mmxFdva4w,en-bho_IN:::speech:::vid_n-mmxFdva4w,train,en-ja_JP
4,en-ja_JP:::speech:::vid_rU8nY03Lo5s,en-ar_EG:::speech:::vid_rU8nY03Lo5s,train,en-ja_JP
4,en-ja_JP:::speech:::vid_u2JNW0Ftyzg,en-bho_IN:::speech:::vid_u2JNW0Ftyzg,train,en-ja_JP
4,en-ja_JP:::speech:::vid_x48axn9yc9k,en-bho_IN:::speech:::vid_x48axn9yc9k,train,en-ja_JP
4,en-ja_JP:::news:::nytimes.153341,en-bho_IN:::news:::nytimes.153341,validation,en-ja_JP
4,en-ja_JP:::speech:::vid_7Aw4Q46omiM,en-ar_EG:::speech:::vid_7Aw4Q46omiM,validation,en-ja_JP
4,en-ja_JP:::speech:::vid_8qZFupajBuo,en-ar_EG:::speech:::vid_8qZFupajBuo,validation,en-ja_JP
4,en-ja_JP:::speech:::vid_Lb7Dhf7oo4Y,en-ar_EG:::speech:::vid_Lb7Dhf7oo4Y,validation,en-ja_JP
4,en-ja_JP:::speech:::vid_Qu8m9h-AC0I,en-ar_EG:::speech:::vid_Qu8m9h-AC0I,validation,en-ja_JP
4,en-ja_JP:::speech:::vid_nU09s4CuaRg,en-ar_EG:::speech:::vid_nU09s4CuaRg,validation,en-ja_JP
4,en-ja_JP:::speech:::vid_qhwgP27R4xw,en-ar_EG:::speech:::vid_qhwgP27R4xw,validation,en-ja_JP
4,en-ja_JP:::speech:::vid_r-aI0JD0bCE,en-ar_EG:::speech:::vid_r-aI0JD0bCE,validation,en-ja_JP
4,en-ja_JP:::news:::guardian.231311,en-ar_EG:::news:::guardian.231311,test,en-ja_JP
4,en-ja_JP:::social:::114174389242714730,en-ar_EG:::social:::114174389242714730,test,en-ja_JP
4,en-ja_JP:::speech:::vid_3vpEaAjDgtI,en-ar_EG:::speech:::vid_3vpEaAjDgtI,test,en-ja_JP
4,en-ja_JP:::speech:::vid_Ft41IG2BAG8,en-ar_EG:::speech:::vid_Ft41IG2BAG8,test,en-ja_JP
4,en-ja_JP:::speech:::vid_HjRhgaz1xTI,en-et_EE:::speech:::vid_HjRhgaz1xTI,test,en-ja_JP
4,en-ja_JP:::speech:::vid_M7v3ZfP4fm0,en-ar_EG:::speech:::vid_M7v3ZfP4fm0,test,en-ja_JP
4,en-ja_JP:::speech:::vid_RIjzeZ1xk1c,en-ar_EG:::speech:::vid_RIjzeZ1xk1c,test,en-ja_JP
4,en-ja_JP:::speech:::vid_fWRlPSl5itQ,en-bho_IN:::speech:::vid_fWRlPSl5itQ,test,en-ja_JP
4,en-ja_JP:::speech:::vid_nNjtLybPRjM,en-ar_EG:::speech:::vid_nNjtLybPRjM,test,en-ja_JP
4,en-ja_JP:::speech:::vid_v2NNTNAXRWY,en-ar_EG:::speech:::vid_v2NNTNAXRWY,test,en-ja_JP
5,en-ja_JP:::literary:::rink_rats_chapter1,en-ja_JP:::literary:::rink_rats_chapter1,train,en-ja_JP
5,en-ja_JP:::news:::brisbanetimes.com.au.306576,en-ar_EG:::news:::brisbanetimes.com.au.306576,train,en-ja_JP
5,en-ja_JP:::news:::guardian.230737,en-bho_IN:::news:::guardian.230737,train,en-ja_JP
5,en-ja_JP:::news:::guardian.231314,en-is_IS:::news:::guardian.231314,train,en-ja_JP
5,en-ja_JP:::news:::newrepublic.com.12619,en-ar_EG:::news:::newrepublic.com.12619,train,en-ja_JP
5,en-ja_JP:::news:::newrepublic.com.12623,en-ar_EG:::news:::newrepublic.com.12623,train,en-ja_JP
5,en-ja_JP:::news:::nytimes.153341,en-bho_IN:::news:::nytimes.153341,train,en-ja_JP
5,en-ja_JP:::social:::112502991207286008,en-ar_EG:::social:::112502991207286008,train,en-ja_JP
5,en-ja_JP:::social:::114157282362077575,en-bho_IN:::social:::114157282362077575,train,en-ja_JP
5,en-ja_JP:::social:::114174389242714730,en-ar_EG:::social:::114174389242714730,train,en-ja_JP
5,en-ja_JP:::social:::114300646822630777,en-ar_EG:::social:::114300646822630777,train,en-ja_JP
5,en-ja_JP:::speech:::vid_27keISTaqYw,en-ar_EG:::speech:::vid_27keISTaqYw,train,en-ja_JP
5,en-ja_JP:::speech:::vid_3vpEaAjDgtI,en-ar_EG:::speech:::vid_3vpEaAjDgtI,train,en-ja_JP
5,en-ja_JP:::speech:::vid_6dP6bHX73_k,en-ar_EG:::speech:::vid_6dP6bHX73_k,train,en-ja_JP
5,en-ja_JP:::speech:::vid_7Aw4Q46omiM,en-ar_EG:::speech:::vid_7Aw4Q46omiM,train,en-ja_JP
5,en-ja_JP:::speech:::vid_Ft41IG2BAG8,en-ar_EG:::speech:::vid_Ft41IG2BAG8,train,en-ja_JP
5,en-ja_JP:::speech:::vid_GYfhGLrrDts,en-ar_EG:::speech:::vid_GYfhGLrrDts,train,en-ja_JP
5,en-ja_JP:::speech:::vid_HjRhgaz1xTI,en-et_EE:::speech:::vid_HjRhgaz1xTI,train,en-ja_JP
5,en-ja_JP:::speech:::vid_JoTLTGv8kqA,en-ar_EG:::speech:::vid_JoTLTGv8kqA,train,en-ja_JP
5,en-ja_JP:::speech:::vid_M7v3ZfP4fm0,en-ar_EG:::speech:::vid_M7v3ZfP4fm0,train,en-ja_JP
5,en-ja_JP:::speech:::vid_OmK3XTCDbbs,en-ar_EG:::speech:::vid_OmK3XTCDbbs,train,en-ja_JP
5,en-ja_JP:::speech:::vid_RIjzeZ1xk1c,en-ar_EG:::speech:::vid_RIjzeZ1xk1c,train,en-ja_JP
5,en-ja_JP:::speech:::vid_YTxmx8hyJtA,en-ar_EG:::speech:::vid_YTxmx8hyJtA,train,en-ja_JP
5,en-ja_JP:::speech:::vid__S0GOwEJXUA,en-ar_EG:::speech:::vid__S0GOwEJXUA,train,en-ja_JP
5,en-ja_JP:::speech:::vid__r0K17ipoac,en-ja_JP:::speech:::vid__r0K17ipoac,train,en-ja_JP
5,en-ja_JP:::speech:::vid_fWRlPSl5itQ,en-bho_IN:::speech:::vid_fWRlPSl5itQ,train,en-ja_JP
5,en-ja_JP:::speech:::vid_n-mmxFdva4w,en-bho_IN:::speech:::vid_n-mmxFdva4w,train,en-ja_JP
5,en-ja_JP:::speech:::vid_nU09s4CuaRg,en-ar_EG:::speech:::vid_nU09s4CuaRg,train,en-ja_JP
5,en-ja_JP:::speech:::vid_qhwgP27R4xw,en-ar_EG:::speech:::vid_qhwgP27R4xw,train,en-ja_JP
5,en-ja_JP:::speech:::vid_r-aI0JD0bCE,en-ar_EG:::speech:::vid_r-aI0JD0bCE,train,en-ja_JP
5,en-ja_JP:::speech:::vid_u2JNW0Ftyzg,en-bho_IN:::speech:::vid_u2JNW0Ftyzg,train,en-ja_JP
5,en-ja_JP:::speech:::vid_v2NNTNAXRWY,en-ar_EG:::speech:::vid_v2NNTNAXRWY,train,en-ja_JP
5,en-ja_JP:::speech:::vid_x48axn9yc9k,en-bho_IN:::speech:::vid_x48axn9yc9k,train,en-ja_JP
5,en-ja_JP:::news:::guardian.231311,en-ar_EG:::news:::guardian.231311,validation,en-ja_JP
5,en-ja_JP:::social:::114417630342798842,en-ar_EG:::social:::114417630342798842,validation,en-ja_JP
5,en-ja_JP:::speech:::vid_8qZFupajBuo,en-ar_EG:::speech:::vid_8qZFupajBuo,validation,en-ja_JP
5,en-ja_JP:::speech:::vid_JIq55zBGNX4,en-ar_EG:::speech:::vid_JIq55zBGNX4,validation,en-ja_JP
5,en-ja_JP:::speech:::vid_PJLN1kAzbyw,en-ar_EG:::speech:::vid_PJLN1kAzbyw,validation,en-ja_JP
5,en-ja_JP:::speech:::vid_QgTkUWYd82M,en-ar_EG:::speech:::vid_QgTkUWYd82M,validation,en-ja_JP
5,en-ja_JP:::speech:::vid_Si9CnnVI8sk,en-ar_EG:::speech:::vid_Si9CnnVI8sk,validation,en-ja_JP
5,en-ja_JP:::speech:::vid_nNjtLybPRjM,en-ar_EG:::speech:::vid_nNjtLybPRjM,validation,en-ja_JP
5,en-ja_JP:::news:::guardian.228996,en-ar_EG:::news:::guardian.228996,test,en-ja_JP
5,en-ja_JP:::social:::114151944720213193,en-ar_EG:::social:::114151944720213193,test,en-ja_JP
5,en-ja_JP:::speech:::vid_2cLeDVfEqG4,en-ar_EG:::speech:::vid_2cLeDVfEqG4,test,en-ja_JP
5,en-ja_JP:::speech:::vid_8I8msBYGNR4,en-bho_IN:::speech:::vid_8I8msBYGNR4,test,en-ja_JP
5,en-ja_JP:::speech:::vid_BrC0v6K3H4I,en-ar_EG:::speech:::vid_BrC0v6K3H4I,test,en-ja_JP
5,en-ja_JP:::speech:::vid_Lb7Dhf7oo4Y,en-ar_EG:::speech:::vid_Lb7Dhf7oo4Y,test,en-ja_JP
5,en-ja_JP:::speech:::vid_Qu8m9h-AC0I,en-ar_EG:::speech:::vid_Qu8m9h-AC0I,test,en-ja_JP
5,en-ja_JP:::speech:::vid_m6CcZN4S8mk,en-cs_CZ:::speech:::vid_m6CcZN4S8mk,test,en-ja_JP
5,en-ja_JP:::speech:::vid_mDjddYiHd7A,en-ar_EG:::speech:::vid_mDjddYiHd7A,test,en-ja_JP
5,en-ja_JP:::speech:::vid_rU8nY03Lo5s,en-ar_EG:::speech:::vid_rU8nY03Lo5s,test,en-ja_JP
1,en-mas_KE:::literary:::rink_rats_chapter2,en-ar_EG:::literary:::rink_rats_chapter2,train,en-mas_KE
1,en-mas_KE:::news:::guardian.228996,en-ar_EG:::news:::guardian.228996,train,en-mas_KE
1,en-mas_KE:::news:::guardian.230238,en-ar_EG:::news:::guardian.230238,train,en-mas_KE
1,en-mas_KE:::news:::guardian.231314,en-is_IS:::news:::guardian.231314,train,en-mas_KE
1,en-mas_KE:::news:::newrepublic.com.12623,en-ar_EG:::news:::newrepublic.com.12623,train,en-mas_KE
1,en-mas_KE:::news:::nytimes.153341,en-bho_IN:::news:::nytimes.153341,train,en-mas_KE
1,en-mas_KE:::social:::114151944720213193,en-ar_EG:::social:::114151944720213193,train,en-mas_KE
1,en-mas_KE:::social:::114157282362077575,en-bho_IN:::social:::114157282362077575,train,en-mas_KE
1,en-mas_KE:::social:::114174389242714730,en-ar_EG:::social:::114174389242714730,train,en-mas_KE
1,en-mas_KE:::social:::114259278941004365,en-mas_KE:::social:::114259278941004365,train,en-mas_KE
1,en-mas_KE:::social:::114300646822630777,en-ar_EG:::social:::114300646822630777,train,en-mas_KE
1,en-mas_KE:::speech:::vid_2cLeDVfEqG4,en-ar_EG:::speech:::vid_2cLeDVfEqG4,train,en-mas_KE
1,en-mas_KE:::speech:::vid_3vpEaAjDgtI,en-ar_EG:::speech:::vid_3vpEaAjDgtI,train,en-mas_KE
1,en-mas_KE:::speech:::vid_8I8msBYGNR4,en-bho_IN:::speech:::vid_8I8msBYGNR4,train,en-mas_KE
1,en-mas_KE:::speech:::vid_8qZFupajBuo,en-ar_EG:::speech:::vid_8qZFupajBuo,train,en-mas_KE
1,en-mas_KE:::speech:::vid_AJlp_obQgq8,en-bho_IN:::speech:::vid_AJlp_obQgq8,train,en-mas_KE
1,en-mas_KE:::speech:::vid_GYfhGLrrDts,en-ar_EG:::speech:::vid_GYfhGLrrDts,train,en-mas_KE
1,en-mas_KE:::speech:::vid_HjRhgaz1xTI,en-et_EE:::speech:::vid_HjRhgaz1xTI,train,en-mas_KE
1,en-mas_KE:::speech:::vid_Kr2KbsdNHWs,en-cs_CZ:::speech:::vid_Kr2KbsdNHWs,train,en-mas_KE
1,en-mas_KE:::speech:::vid_OXHLjswiGeI,en-bho_IN:::speech:::vid_OXHLjswiGeI,train,en-mas_KE
1,en-mas_KE:::speech:::vid_OmK3XTCDbbs,en-ar_EG:::speech:::vid_OmK3XTCDbbs,train,en-mas_KE
1,en-mas_KE:::speech:::vid_QgTkUWYd82M,en-ar_EG:::speech:::vid_QgTkUWYd82M,train,en-mas_KE
1,en-mas_KE:::speech:::vid_Si9CnnVI8sk,en-ar_EG:::speech:::vid_Si9CnnVI8sk,train,en-mas_KE
1,en-mas_KE:::speech:::vid_YTxmx8hyJtA,en-ar_EG:::speech:::vid_YTxmx8hyJtA,train,en-mas_KE
1,en-mas_KE:::speech:::vid__S0GOwEJXUA,en-ar_EG:::speech:::vid__S0GOwEJXUA,train,en-mas_KE
1,en-mas_KE:::speech:::vid_m6CcZN4S8mk,en-cs_CZ:::speech:::vid_m6CcZN4S8mk,train,en-mas_KE
1,en-mas_KE:::speech:::vid_mDjddYiHd7A,en-ar_EG:::speech:::vid_mDjddYiHd7A,train,en-mas_KE
1,en-mas_KE:::speech:::vid_nNjtLybPRjM,en-ar_EG:::speech:::vid_nNjtLybPRjM,train,en-mas_KE
1,en-mas_KE:::speech:::vid_r-aI0JD0bCE,en-ar_EG:::speech:::vid_r-aI0JD0bCE,train,en-mas_KE
1,en-mas_KE:::speech:::vid_u2JNW0Ftyzg,en-bho_IN:::speech:::vid_u2JNW0Ftyzg,train,en-mas_KE
1,en-mas_KE:::speech:::vid_v2NNTNAXRWY,en-ar_EG:::speech:::vid_v2NNTNAXRWY,train,en-mas_KE
1,en-mas_KE:::news:::newrepublic.com.12619,en-ar_EG:::news:::newrepublic.com.12619,validation,en-mas_KE
1,en-mas_KE:::speech:::vid_3DI4-E5Imow,en-ar_EG:::speech:::vid_3DI4-E5Imow,validation,en-mas_KE
1,en-mas_KE:::speech:::vid_8GpZT9TJJAw,en-ar_EG:::speech:::vid_8GpZT9TJJAw,validation,en-mas_KE
1,en-mas_KE:::speech:::vid_JoTLTGv8kqA,en-ar_EG:::speech:::vid_JoTLTGv8kqA,validation,en-mas_KE
1,en-mas_KE:::speech:::vid_Lb7Dhf7oo4Y,en-ar_EG:::speech:::vid_Lb7Dhf7oo4Y,validation,en-mas_KE
1,en-mas_KE:::speech:::vid_fWRlPSl5itQ,en-bho_IN:::speech:::vid_fWRlPSl5itQ,validation,en-mas_KE
1,en-mas_KE:::speech:::vid_qhwgP27R4xw,en-ar_EG:::speech:::vid_qhwgP27R4xw,validation,en-mas_KE
1,en-mas_KE:::speech:::vid_rU8nY03Lo5s,en-ar_EG:::speech:::vid_rU8nY03Lo5s,validation,en-mas_KE
1,en-mas_KE:::news:::guardian.230737,en-bho_IN:::news:::guardian.230737,test,en-mas_KE
1,en-mas_KE:::news:::guardian.231311,en-ar_EG:::news:::guardian.231311,test,en-mas_KE
1,en-mas_KE:::social:::114294867111841563,en-ar_EG:::social:::114294867111841563,test,en-mas_KE
1,en-mas_KE:::speech:::vid_7Aw4Q46omiM,en-ar_EG:::speech:::vid_7Aw4Q46omiM,test,en-mas_KE
1,en-mas_KE:::speech:::vid_JpW9KlX1Pjs,en-ar_EG:::speech:::vid_JpW9KlX1Pjs,test,en-mas_KE
1,en-mas_KE:::speech:::vid_MK9b8_2DwLY,en-bho_IN:::speech:::vid_MK9b8_2DwLY,test,en-mas_KE
1,en-mas_KE:::speech:::vid_P2a0lVGYDNo,en-cs_CZ:::speech:::vid_P2a0lVGYDNo,test,en-mas_KE
1,en-mas_KE:::speech:::vid_QGNXASdL_ss,en-mas_KE:::speech:::vid_QGNXASdL_ss,test,en-mas_KE
1,en-mas_KE:::speech:::vid_YNQ_7eV3WcE,en-ar_EG:::speech:::vid_YNQ_7eV3WcE,test,en-mas_KE
1,en-mas_KE:::speech:::vid_nU09s4CuaRg,en-ar_EG:::speech:::vid_nU09s4CuaRg,test,en-mas_KE
2,en-mas_KE:::literary:::rink_rats_chapter2,en-ar_EG:::literary:::rink_rats_chapter2,train,en-mas_KE
2,en-mas_KE:::news:::guardian.230737,en-bho_IN:::news:::guardian.230737,train,en-mas_KE
2,en-mas_KE:::news:::guardian.231311,en-ar_EG:::news:::guardian.231311,train,en-mas_KE
2,en-mas_KE:::news:::guardian.231314,en-is_IS:::news:::guardian.231314,train,en-mas_KE
2,en-mas_KE:::news:::newrepublic.com.12619,en-ar_EG:::news:::newrepublic.com.12619,train,en-mas_KE
2,en-mas_KE:::news:::newrepublic.com.12623,en-ar_EG:::news:::newrepublic.com.12623,train,en-mas_KE
2,en-mas_KE:::news:::nytimes.153341,en-bho_IN:::news:::nytimes.153341,train,en-mas_KE
2,en-mas_KE:::social:::114157282362077575,en-bho_IN:::social:::114157282362077575,train,en-mas_KE
2,en-mas_KE:::social:::114294867111841563,en-ar_EG:::social:::114294867111841563,train,en-mas_KE
2,en-mas_KE:::social:::114300646822630777,en-ar_EG:::social:::114300646822630777,train,en-mas_KE
2,en-mas_KE:::speech:::vid_2cLeDVfEqG4,en-ar_EG:::speech:::vid_2cLeDVfEqG4,train,en-mas_KE
2,en-mas_KE:::speech:::vid_3DI4-E5Imow,en-ar_EG:::speech:::vid_3DI4-E5Imow,train,en-mas_KE
2,en-mas_KE:::speech:::vid_7Aw4Q46omiM,en-ar_EG:::speech:::vid_7Aw4Q46omiM,train,en-mas_KE
2,en-mas_KE:::speech:::vid_8GpZT9TJJAw,en-ar_EG:::speech:::vid_8GpZT9TJJAw,train,en-mas_KE
2,en-mas_KE:::speech:::vid_8I8msBYGNR4,en-bho_IN:::speech:::vid_8I8msBYGNR4,train,en-mas_KE
2,en-mas_KE:::speech:::vid_8qZFupajBuo,en-ar_EG:::speech:::vid_8qZFupajBuo,train,en-mas_KE
2,en-mas_KE:::speech:::vid_GYfhGLrrDts,en-ar_EG:::speech:::vid_GYfhGLrrDts,train,en-mas_KE
2,en-mas_KE:::speech:::vid_HjRhgaz1xTI,en-et_EE:::speech:::vid_HjRhgaz1xTI,train,en-mas_KE
2,en-mas_KE:::speech:::vid_JpW9KlX1Pjs,en-ar_EG:::speech:::vid_JpW9KlX1Pjs,train,en-mas_KE
2,en-mas_KE:::speech:::vid_Lb7Dhf7oo4Y,en-ar_EG:::speech:::vid_Lb7Dhf7oo4Y,train,en-mas_KE
2,en-mas_KE:::speech:::vid_OXHLjswiGeI,en-bho_IN:::speech:::vid_OXHLjswiGeI,train,en-mas_KE
2,en-mas_KE:::speech:::vid_OmK3XTCDbbs,en-ar_EG:::speech:::vid_OmK3XTCDbbs,train,en-mas_KE
2,en-mas_KE:::speech:::vid_QGNXASdL_ss,en-mas_KE:::speech:::vid_QGNXASdL_ss,train,en-mas_KE
2,en-mas_KE:::speech:::vid_QgTkUWYd82M,en-ar_EG:::speech:::vid_QgTkUWYd82M,train,en-mas_KE
2,en-mas_KE:::speech:::vid_YNQ_7eV3WcE,en-ar_EG:::speech:::vid_YNQ_7eV3WcE,train,en-mas_KE
2,en-mas_KE:::speech:::vid_YTxmx8hyJtA,en-ar_EG:::speech:::vid_YTxmx8hyJtA,train,en-mas_KE
2,en-mas_KE:::speech:::vid__S0GOwEJXUA,en-ar_EG:::speech:::vid__S0GOwEJXUA,train,en-mas_KE
2,en-mas_KE:::speech:::vid_fWRlPSl5itQ,en-bho_IN:::speech:::vid_fWRlPSl5itQ,train,en-mas_KE
2,en-mas_KE:::speech:::vid_m6CcZN4S8mk,en-cs_CZ:::speech:::vid_m6CcZN4S8mk,train,en-mas_KE
2,en-mas_KE:::speech:::vid_qhwgP27R4xw,en-ar_EG:::speech:::vid_qhwgP27R4xw,train,en-mas_KE
2,en-mas_KE:::speech:::vid_r-aI0JD0bCE,en-ar_EG:::speech:::vid_r-aI0JD0bCE,train,en-mas_KE
2,en-mas_KE:::news:::guardian.228996,en-ar_EG:::news:::guardian.228996,validation,en-mas_KE
2,en-mas_KE:::social:::114151944720213193,en-ar_EG:::social:::114151944720213193,validation,en-mas_KE
2,en-mas_KE:::speech:::vid_MK9b8_2DwLY,en-bho_IN:::speech:::vid_MK9b8_2DwLY,validation,en-mas_KE
2,en-mas_KE:::speech:::vid_P2a0lVGYDNo,en-cs_CZ:::speech:::vid_P2a0lVGYDNo,validation,en-mas_KE
2,en-mas_KE:::speech:::vid_mDjddYiHd7A,en-ar_EG:::speech:::vid_mDjddYiHd7A,validation,en-mas_KE
2,en-mas_KE:::speech:::vid_nU09s4CuaRg,en-ar_EG:::speech:::vid_nU09s4CuaRg,validation,en-mas_KE
2,en-mas_KE:::speech:::vid_rU8nY03Lo5s,en-ar_EG:::speech:::vid_rU8nY03Lo5s,validation,en-mas_KE
2,en-mas_KE:::speech:::vid_u2JNW0Ftyzg,en-bho_IN:::speech:::vid_u2JNW0Ftyzg,validation,en-mas_KE
2,en-mas_KE:::news:::guardian.230238,en-ar_EG:::news:::guardian.230238,test,en-mas_KE
2,en-mas_KE:::social:::114174389242714730,en-ar_EG:::social:::114174389242714730,test,en-mas_KE
2,en-mas_KE:::social:::114259278941004365,en-mas_KE:::social:::114259278941004365,test,en-mas_KE
2,en-mas_KE:::speech:::vid_3vpEaAjDgtI,en-ar_EG:::speech:::vid_3vpEaAjDgtI,test,en-mas_KE
2,en-mas_KE:::speech:::vid_AJlp_obQgq8,en-bho_IN:::speech:::vid_AJlp_obQgq8,test,en-mas_KE
2,en-mas_KE:::speech:::vid_JoTLTGv8kqA,en-ar_EG:::speech:::vid_JoTLTGv8kqA,test,en-mas_KE
2,en-mas_KE:::speech:::vid_Kr2KbsdNHWs,en-cs_CZ:::speech:::vid_Kr2KbsdNHWs,test,en-mas_KE
2,en-mas_KE:::speech:::vid_Si9CnnVI8sk,en-ar_EG:::speech:::vid_Si9CnnVI8sk,test,en-mas_KE
2,en-mas_KE:::speech:::vid_nNjtLybPRjM,en-ar_EG:::speech:::vid_nNjtLybPRjM,test,en-mas_KE
2,en-mas_KE:::speech:::vid_v2NNTNAXRWY,en-ar_EG:::speech:::vid_v2NNTNAXRWY,test,en-mas_KE
3,en-mas_KE:::literary:::rink_rats_chapter2,en-ar_EG:::literary:::rink_rats_chapter2,train,en-mas_KE
3,en-mas_KE:::news:::guardian.230737,en-bho_IN:::news:::guardian.230737,train,en-mas_KE
3,en-mas_KE:::news:::newrepublic.com.12619,en-ar_EG:::news:::newrepublic.com.12619,train,en-mas_KE
3,en-mas_KE:::news:::newrepublic.com.12623,en-ar_EG:::news:::newrepublic.com.12623,train,en-mas_KE
3,en-mas_KE:::news:::nytimes.153341,en-bho_IN:::news:::nytimes.153341,train,en-mas_KE
3,en-mas_KE:::social:::114157282362077575,en-bho_IN:::social:::114157282362077575,train,en-mas_KE
3,en-mas_KE:::social:::114259278941004365,en-mas_KE:::social:::114259278941004365,train,en-mas_KE
3,en-mas_KE:::social:::114294867111841563,en-ar_EG:::social:::114294867111841563,train,en-mas_KE
3,en-mas_KE:::social:::114300646822630777,en-ar_EG:::social:::114300646822630777,train,en-mas_KE
3,en-mas_KE:::speech:::vid_3vpEaAjDgtI,en-ar_EG:::speech:::vid_3vpEaAjDgtI,train,en-mas_KE
3,en-mas_KE:::speech:::vid_7Aw4Q46omiM,en-ar_EG:::speech:::vid_7Aw4Q46omiM,train,en-mas_KE
3,en-mas_KE:::speech:::vid_8GpZT9TJJAw,en-ar_EG:::speech:::vid_8GpZT9TJJAw,train,en-mas_KE
3,en-mas_KE:::speech:::vid_8qZFupajBuo,en-ar_EG:::speech:::vid_8qZFupajBuo,train,en-mas_KE
3,en-mas_KE:::speech:::vid_AJlp_obQgq8,en-bho_IN:::speech:::vid_AJlp_obQgq8,train,en-mas_KE
3,en-mas_KE:::speech:::vid_HjRhgaz1xTI,en-et_EE:::speech:::vid_HjRhgaz1xTI,train,en-mas_KE
3,en-mas_KE:::speech:::vid_JpW9KlX1Pjs,en-ar_EG:::speech:::vid_JpW9KlX1Pjs,train,en-mas_KE
3,en-mas_KE:::speech:::vid_Kr2KbsdNHWs,en-cs_CZ:::speech:::vid_Kr2KbsdNHWs,train,en-mas_KE
3,en-mas_KE:::speech:::vid_Lb7Dhf7oo4Y,en-ar_EG:::speech:::vid_Lb7Dhf7oo4Y,train,en-mas_KE
3,en-mas_KE:::speech:::vid_MK9b8_2DwLY,en-bho_IN:::speech:::vid_MK9b8_2DwLY,train,en-mas_KE
3,en-mas_KE:::speech:::vid_OXHLjswiGeI,en-bho_IN:::speech:::vid_OXHLjswiGeI,train,en-mas_KE
3,en-mas_KE:::speech:::vid_OmK3XTCDbbs,en-ar_EG:::speech:::vid_OmK3XTCDbbs,train,en-mas_KE
3,en-mas_KE:::speech:::vid_P2a0lVGYDNo,en-cs_CZ:::speech:::vid_P2a0lVGYDNo,train,en-mas_KE
3,en-mas_KE:::speech:::vid_QGNXASdL_ss,en-mas_KE:::speech:::vid_QGNXASdL_ss,train,en-mas_KE
3,en-mas_KE:::speech:::vid_YNQ_7eV3WcE,en-ar_EG:::speech:::vid_YNQ_7eV3WcE,train,en-mas_KE
3,en-mas_KE:::speech:::vid__S0GOwEJXUA,en-ar_EG:::speech:::vid__S0GOwEJXUA,train,en-mas_KE
3,en-mas_KE:::speech:::vid_fWRlPSl5itQ,en-bho_IN:::speech:::vid_fWRlPSl5itQ,train,en-mas_KE
3,en-mas_KE:::speech:::vid_m6CcZN4S8mk,en-cs_CZ:::speech:::vid_m6CcZN4S8mk,train,en-mas_KE
3,en-mas_KE:::speech:::vid_nNjtLybPRjM,en-ar_EG:::speech:::vid_nNjtLybPRjM,train,en-mas_KE
3,en-mas_KE:::speech:::vid_qhwgP27R4xw,en-ar_EG:::speech:::vid_qhwgP27R4xw,train,en-mas_KE
3,en-mas_KE:::speech:::vid_r-aI0JD0bCE,en-ar_EG:::speech:::vid_r-aI0JD0bCE,train,en-mas_KE
3,en-mas_KE:::speech:::vid_v2NNTNAXRWY,en-ar_EG:::speech:::vid_v2NNTNAXRWY,train,en-mas_KE
3,en-mas_KE:::news:::guardian.230238,en-ar_EG:::news:::guardian.230238,validation,en-mas_KE
3,en-mas_KE:::news:::guardian.231311,en-ar_EG:::news:::guardian.231311,validation,en-mas_KE
3,en-mas_KE:::social:::114174389242714730,en-ar_EG:::social:::114174389242714730,validation,en-mas_KE
3,en-mas_KE:::speech:::vid_2cLeDVfEqG4,en-ar_EG:::speech:::vid_2cLeDVfEqG4,validation,en-mas_KE
3,en-mas_KE:::speech:::vid_JoTLTGv8kqA,en-ar_EG:::speech:::vid_JoTLTGv8kqA,validation,en-mas_KE
3,en-mas_KE:::speech:::vid_Si9CnnVI8sk,en-ar_EG:::speech:::vid_Si9CnnVI8sk,validation,en-mas_KE
3,en-mas_KE:::speech:::vid_YTxmx8hyJtA,en-ar_EG:::speech:::vid_YTxmx8hyJtA,validation,en-mas_KE
3,en-mas_KE:::speech:::vid_nU09s4CuaRg,en-ar_EG:::speech:::vid_nU09s4CuaRg,validation,en-mas_KE
3,en-mas_KE:::news:::guardian.228996,en-ar_EG:::news:::guardian.228996,test,en-mas_KE
3,en-mas_KE:::news:::guardian.231314,en-is_IS:::news:::guardian.231314,test,en-mas_KE
3,en-mas_KE:::social:::114151944720213193,en-ar_EG:::social:::114151944720213193,test,en-mas_KE
3,en-mas_KE:::speech:::vid_3DI4-E5Imow,en-ar_EG:::speech:::vid_3DI4-E5Imow,test,en-mas_KE
3,en-mas_KE:::speech:::vid_8I8msBYGNR4,en-bho_IN:::speech:::vid_8I8msBYGNR4,test,en-mas_KE
3,en-mas_KE:::speech:::vid_GYfhGLrrDts,en-ar_EG:::speech:::vid_GYfhGLrrDts,test,en-mas_KE
3,en-mas_KE:::speech:::vid_QgTkUWYd82M,en-ar_EG:::speech:::vid_QgTkUWYd82M,test,en-mas_KE
3,en-mas_KE:::speech:::vid_mDjddYiHd7A,en-ar_EG:::speech:::vid_mDjddYiHd7A,test,en-mas_KE
3,en-mas_KE:::speech:::vid_rU8nY03Lo5s,en-ar_EG:::speech:::vid_rU8nY03Lo5s,test,en-mas_KE
3,en-mas_KE:::speech:::vid_u2JNW0Ftyzg,en-bho_IN:::speech:::vid_u2JNW0Ftyzg,test,en-mas_KE
4,en-mas_KE:::news:::guardian.228996,en-ar_EG:::news:::guardian.228996,train,en-mas_KE
4,en-mas_KE:::news:::guardian.230238,en-ar_EG:::news:::guardian.230238,train,en-mas_KE
4,en-mas_KE:::news:::guardian.230737,en-bho_IN:::news:::guardian.230737,train,en-mas_KE
4,en-mas_KE:::news:::guardian.231311,en-ar_EG:::news:::guardian.231311,train,en-mas_KE
4,en-mas_KE:::news:::newrepublic.com.12619,en-ar_EG:::news:::newrepublic.com.12619,train,en-mas_KE
4,en-mas_KE:::news:::nytimes.153341,en-bho_IN:::news:::nytimes.153341,train,en-mas_KE
4,en-mas_KE:::social:::114174389242714730,en-ar_EG:::social:::114174389242714730,train,en-mas_KE
4,en-mas_KE:::social:::114259278941004365,en-mas_KE:::social:::114259278941004365,train,en-mas_KE
4,en-mas_KE:::social:::114294867111841563,en-ar_EG:::social:::114294867111841563,train,en-mas_KE
4,en-mas_KE:::social:::114300646822630777,en-ar_EG:::social:::114300646822630777,train,en-mas_KE
4,en-mas_KE:::speech:::vid_3DI4-E5Imow,en-ar_EG:::speech:::vid_3DI4-E5Imow,train,en-mas_KE
4,en-mas_KE:::speech:::vid_3vpEaAjDgtI,en-ar_EG:::speech:::vid_3vpEaAjDgtI,train,en-mas_KE
4,en-mas_KE:::speech:::vid_8GpZT9TJJAw,en-ar_EG:::speech:::vid_8GpZT9TJJAw,train,en-mas_KE
4,en-mas_KE:::speech:::vid_8I8msBYGNR4,en-bho_IN:::speech:::vid_8I8msBYGNR4,train,en-mas_KE
4,en-mas_KE:::speech:::vid_AJlp_obQgq8,en-bho_IN:::speech:::vid_AJlp_obQgq8,train,en-mas_KE
4,en-mas_KE:::speech:::vid_JoTLTGv8kqA,en-ar_EG:::speech:::vid_JoTLTGv8kqA,train,en-mas_KE
4,en-mas_KE:::speech:::vid_JpW9KlX1Pjs,en-ar_EG:::speech:::vid_JpW9KlX1Pjs,train,en-mas_KE
4,en-mas_KE:::speech:::vid_Kr2KbsdNHWs,en-cs_CZ:::speech:::vid_Kr2KbsdNHWs,train,en-mas_KE
4,en-mas_KE:::speech:::vid_Lb7Dhf7oo4Y,en-ar_EG:::speech:::vid_Lb7Dhf7oo4Y,train,en-mas_KE
4,en-mas_KE:::speech:::vid_MK9b8_2DwLY,en-bho_IN:::speech:::vid_MK9b8_2DwLY,train,en-mas_KE
4,en-mas_KE:::speech:::vid_P2a0lVGYDNo,en-cs_CZ:::speech:::vid_P2a0lVGYDNo,train,en-mas_KE
4,en-mas_KE:::speech:::vid_QGNXASdL_ss,en-mas_KE:::speech:::vid_QGNXASdL_ss,train,en-mas_KE
4,en-mas_KE:::speech:::vid_QgTkUWYd82M,en-ar_EG:::speech:::vid_QgTkUWYd82M,train,en-mas_KE
4,en-mas_KE:::speech:::vid_Si9CnnVI8sk,en-ar_EG:::speech:::vid_Si9CnnVI8sk,train,en-mas_KE
4,en-mas_KE:::speech:::vid_m6CcZN4S8mk,en-cs_CZ:::speech:::vid_m6CcZN4S8mk,train,en-mas_KE
4,en-mas_KE:::speech:::vid_mDjddYiHd7A,en-ar_EG:::speech:::vid_mDjddYiHd7A,train,en-mas_KE
4,en-mas_KE:::speech:::vid_nU09s4CuaRg,en-ar_EG:::speech:::vid_nU09s4CuaRg,train,en-mas_KE
4,en-mas_KE:::speech:::vid_qhwgP27R4xw,en-ar_EG:::speech:::vid_qhwgP27R4xw,train,en-mas_KE
4,en-mas_KE:::speech:::vid_rU8nY03Lo5s,en-ar_EG:::speech:::vid_rU8nY03Lo5s,train,en-mas_KE
4,en-mas_KE:::speech:::vid_u2JNW0Ftyzg,en-bho_IN:::speech:::vid_u2JNW0Ftyzg,train,en-mas_KE
4,en-mas_KE:::speech:::vid_v2NNTNAXRWY,en-ar_EG:::speech:::vid_v2NNTNAXRWY,train,en-mas_KE
4,en-mas_KE:::news:::guardian.231314,en-is_IS:::news:::guardian.231314,validation,en-mas_KE
4,en-mas_KE:::social:::114151944720213193,en-ar_EG:::social:::114151944720213193,validation,en-mas_KE
4,en-mas_KE:::speech:::vid_7Aw4Q46omiM,en-ar_EG:::speech:::vid_7Aw4Q46omiM,validation,en-mas_KE
4,en-mas_KE:::speech:::vid_GYfhGLrrDts,en-ar_EG:::speech:::vid_GYfhGLrrDts,validation,en-mas_KE
4,en-mas_KE:::speech:::vid_OXHLjswiGeI,en-bho_IN:::speech:::vid_OXHLjswiGeI,validation,en-mas_KE
4,en-mas_KE:::speech:::vid_YNQ_7eV3WcE,en-ar_EG:::speech:::vid_YNQ_7eV3WcE,validation,en-mas_KE
4,en-mas_KE:::speech:::vid_YTxmx8hyJtA,en-ar_EG:::speech:::vid_YTxmx8hyJtA,validation,en-mas_KE
4,en-mas_KE:::speech:::vid_nNjtLybPRjM,en-ar_EG:::speech:::vid_nNjtLybPRjM,validation,en-mas_KE
4,en-mas_KE:::literary:::rink_rats_chapter2,en-ar_EG:::literary:::rink_rats_chapter2,test,en-mas_KE
4,en-mas_KE:::news:::newrepublic.com.12623,en-ar_EG:::news:::newrepublic.com.12623,test,en-mas_KE
4,en-mas_KE:::social:::114157282362077575,en-bho_IN:::social:::114157282362077575,test,en-mas_KE
4,en-mas_KE:::speech:::vid_2cLeDVfEqG4,en-ar_EG:::speech:::vid_2cLeDVfEqG4,test,en-mas_KE
4,en-mas_KE:::speech:::vid_8qZFupajBuo,en-ar_EG:::speech:::vid_8qZFupajBuo,test,en-mas_KE
4,en-mas_KE:::speech:::vid_HjRhgaz1xTI,en-et_EE:::speech:::vid_HjRhgaz1xTI,test,en-mas_KE
4,en-mas_KE:::speech:::vid_OmK3XTCDbbs,en-ar_EG:::speech:::vid_OmK3XTCDbbs,test,en-mas_KE
4,en-mas_KE:::speech:::vid__S0GOwEJXUA,en-ar_EG:::speech:::vid__S0GOwEJXUA,test,en-mas_KE
4,en-mas_KE:::speech:::vid_fWRlPSl5itQ,en-bho_IN:::speech:::vid_fWRlPSl5itQ,test,en-mas_KE
4,en-mas_KE:::speech:::vid_r-aI0JD0bCE,en-ar_EG:::speech:::vid_r-aI0JD0bCE,test,en-mas_KE
5,en-mas_KE:::literary:::rink_rats_chapter2,en-ar_EG:::literary:::rink_rats_chapter2,train,en-mas_KE
5,en-mas_KE:::news:::guardian.230238,en-ar_EG:::news:::guardian.230238,train,en-mas_KE
5,en-mas_KE:::news:::guardian.230737,en-bho_IN:::news:::guardian.230737,train,en-mas_KE
5,en-mas_KE:::news:::guardian.231311,en-ar_EG:::news:::guardian.231311,train,en-mas_KE
5,en-mas_KE:::news:::guardian.231314,en-is_IS:::news:::guardian.231314,train,en-mas_KE
5,en-mas_KE:::news:::newrepublic.com.12623,en-ar_EG:::news:::newrepublic.com.12623,train,en-mas_KE
5,en-mas_KE:::social:::114151944720213193,en-ar_EG:::social:::114151944720213193,train,en-mas_KE
5,en-mas_KE:::social:::114157282362077575,en-bho_IN:::social:::114157282362077575,train,en-mas_KE
5,en-mas_KE:::social:::114174389242714730,en-ar_EG:::social:::114174389242714730,train,en-mas_KE
5,en-mas_KE:::social:::114259278941004365,en-mas_KE:::social:::114259278941004365,train,en-mas_KE
5,en-mas_KE:::speech:::vid_2cLeDVfEqG4,en-ar_EG:::speech:::vid_2cLeDVfEqG4,train,en-mas_KE
5,en-mas_KE:::speech:::vid_3DI4-E5Imow,en-ar_EG:::speech:::vid_3DI4-E5Imow,train,en-mas_KE
5,en-mas_KE:::speech:::vid_3vpEaAjDgtI,en-ar_EG:::speech:::vid_3vpEaAjDgtI,train,en-mas_KE
5,en-mas_KE:::speech:::vid_7Aw4Q46omiM,en-ar_EG:::speech:::vid_7Aw4Q46omiM,train,en-mas_KE
5,en-mas_KE:::speech:::vid_8I8msBYGNR4,en-bho_IN:::speech:::vid_8I8msBYGNR4,train,en-mas_KE
5,en-mas_KE:::speech:::vid_AJlp_obQgq8,en-bho_IN:::speech:::vid_AJlp_obQgq8,train,en-mas_KE
5,en-mas_KE:::speech:::vid_GYfhGLrrDts,en-ar_EG:::speech:::vid_GYfhGLrrDts,train,en-mas_KE
5,en-mas_KE:::speech:::vid_HjRhgaz1xTI,en-et_EE:::speech:::vid_HjRhgaz1xTI,train,en-mas_KE
5,en-mas_KE:::speech:::vid_JoTLTGv8kqA,en-ar_EG:::speech:::vid_JoTLTGv8kqA,train,en-mas_KE
5,en-mas_KE:::speech:::vid_Kr2KbsdNHWs,en-cs_CZ:::speech:::vid_Kr2KbsdNHWs,train,en-mas_KE
5,en-mas_KE:::speech:::vid_MK9b8_2DwLY,en-bho_IN:::speech:::vid_MK9b8_2DwLY,train,en-mas_KE
5,en-mas_KE:::speech:::vid_OmK3XTCDbbs,en-ar_EG:::speech:::vid_OmK3XTCDbbs,train,en-mas_KE
5,en-mas_KE:::speech:::vid_P2a0lVGYDNo,en-cs_CZ:::speech:::vid_P2a0lVGYDNo,train,en-mas_KE
5,en-mas_KE:::speech:::vid_QGNXASdL_ss,en-mas_KE:::speech:::vid_QGNXASdL_ss,train,en-mas_KE
5,en-mas_KE:::speech:::vid_QgTkUWYd82M,en-ar_EG:::speech:::vid_QgTkUWYd82M,train,en-mas_KE
5,en-mas_KE:::speech:::vid_Si9CnnVI8sk,en-ar_EG:::speech:::vid_Si9CnnVI8sk,train,en-mas_KE
5,en-mas_KE:::speech:::vid_fWRlPSl5itQ,en-bho_IN:::speech:::vid_fWRlPSl5itQ,train,en-mas_KE
5,en-mas_KE:::speech:::vid_mDjddYiHd7A,en-ar_EG:::speech:::vid_mDjddYiHd7A,train,en-mas_KE
5,en-mas_KE:::speech:::vid_nU09s4CuaRg,en-ar_EG:::speech:::vid_nU09s4CuaRg,train,en-mas_KE
5,en-mas_KE:::speech:::vid_r-aI0JD0bCE,en-ar_EG:::speech:::vid_r-aI0JD0bCE,train,en-mas_KE
5,en-mas_KE:::speech:::vid_u2JNW0Ftyzg,en-bho_IN:::speech:::vid_u2JNW0Ftyzg,train,en-mas_KE
5,en-mas_KE:::speech:::vid_v2NNTNAXRWY,en-ar_EG:::speech:::vid_v2NNTNAXRWY,train,en-mas_KE
5,en-mas_KE:::news:::guardian.228996,en-ar_EG:::news:::guardian.228996,validation,en-mas_KE
5,en-mas_KE:::social:::114294867111841563,en-ar_EG:::social:::114294867111841563,validation,en-mas_KE
5,en-mas_KE:::speech:::vid_8qZFupajBuo,en-ar_EG:::speech:::vid_8qZFupajBuo,validation,en-mas_KE
5,en-mas_KE:::speech:::vid_JpW9KlX1Pjs,en-ar_EG:::speech:::vid_JpW9KlX1Pjs,validation,en-mas_KE
5,en-mas_KE:::speech:::vid_YNQ_7eV3WcE,en-ar_EG:::speech:::vid_YNQ_7eV3WcE,validation,en-mas_KE
5,en-mas_KE:::speech:::vid__S0GOwEJXUA,en-ar_EG:::speech:::vid__S0GOwEJXUA,validation,en-mas_KE
5,en-mas_KE:::speech:::vid_nNjtLybPRjM,en-ar_EG:::speech:::vid_nNjtLybPRjM,validation,en-mas_KE
5,en-mas_KE:::speech:::vid_rU8nY03Lo5s,en-ar_EG:::speech:::vid_rU8nY03Lo5s,validation,en-mas_KE
5,en-mas_KE:::news:::newrepublic.com.12619,en-ar_EG:::news:::newrepublic.com.12619,test,en-mas_KE
5,en-mas_KE:::news:::nytimes.153341,en-bho_IN:::news:::nytimes.153341,test,en-mas_KE
5,en-mas_KE:::social:::114300646822630777,en-ar_EG:::social:::114300646822630777,test,en-mas_KE
5,en-mas_KE:::speech:::vid_8GpZT9TJJAw,en-ar_EG:::speech:::vid_8GpZT9TJJAw,test,en-mas_KE
5,en-mas_KE:::speech:::vid_Lb7Dhf7oo4Y,en-ar_EG:::speech:::vid_Lb7Dhf7oo4Y,test,en-mas_KE
5,en-mas_KE:::speech:::vid_OXHLjswiGeI,en-bho_IN:::speech:::vid_OXHLjswiGeI,test,en-mas_KE
5,en-mas_KE:::speech:::vid_YTxmx8hyJtA,en-ar_EG:::speech:::vid_YTxmx8hyJtA,test,en-mas_KE
5,en-mas_KE:::speech:::vid_m6CcZN4S8mk,en-cs_CZ:::speech:::vid_m6CcZN4S8mk,test,en-mas_KE
5,en-mas_KE:::speech:::vid_qhwgP27R4xw,en-ar_EG:::speech:::vid_qhwgP27R4xw,test,en-mas_KE
1,en-ru_RU:::literary:::rink_rats_chapter2,en-ar_EG:::literary:::rink_rats_chapter2,train,en-ru_RU
1,en-ru_RU:::news:::en.ndtv.com.357237,en-cs_CZ:::news:::en.ndtv.com.357237,train,en-ru_RU
1,en-ru_RU:::news:::guardian.231311,en-ar_EG:::news:::guardian.231311,train,en-ru_RU
1,en-ru_RU:::news:::newrepublic.com.12619,en-ar_EG:::news:::newrepublic.com.12619,train,en-ru_RU
1,en-ru_RU:::news:::nytimes.153341,en-bho_IN:::news:::nytimes.153341,train,en-ru_RU
1,en-ru_RU:::news:::nytimes.154208,en-ar_EG:::news:::nytimes.154208,train,en-ru_RU
1,en-ru_RU:::social:::114151944720213193,en-ar_EG:::social:::114151944720213193,train,en-ru_RU
1,en-ru_RU:::social:::114174389242714730,en-ar_EG:::social:::114174389242714730,train,en-ru_RU
1,en-ru_RU:::social:::114300646822630777,en-ar_EG:::social:::114300646822630777,train,en-ru_RU
1,en-ru_RU:::social:::114417630342798842,en-ar_EG:::social:::114417630342798842,train,en-ru_RU
1,en-ru_RU:::speech:::vid_3vpEaAjDgtI,en-ar_EG:::speech:::vid_3vpEaAjDgtI,train,en-ru_RU
1,en-ru_RU:::speech:::vid_7Aw4Q46omiM,en-ar_EG:::speech:::vid_7Aw4Q46omiM,train,en-ru_RU
1,en-ru_RU:::speech:::vid_HjRhgaz1xTI,en-et_EE:::speech:::vid_HjRhgaz1xTI,train,en-ru_RU
1,en-ru_RU:::speech:::vid_JoTLTGv8kqA,en-ar_EG:::speech:::vid_JoTLTGv8kqA,train,en-ru_RU
1,en-ru_RU:::speech:::vid_Lb7Dhf7oo4Y,en-ar_EG:::speech:::vid_Lb7Dhf7oo4Y,train,en-ru_RU
1,en-ru_RU:::speech:::vid_P2a0lVGYDNo,en-cs_CZ:::speech:::vid_P2a0lVGYDNo,train,en-ru_RU
1,en-ru_RU:::speech:::vid_PJLN1kAzbyw,en-ar_EG:::speech:::vid_PJLN1kAzbyw,train,en-ru_RU
1,en-ru_RU:::speech:::vid_QgTkUWYd82M,en-ar_EG:::speech:::vid_QgTkUWYd82M,train,en-ru_RU
1,en-ru_RU:::speech:::vid_Qu8m9h-AC0I,en-ar_EG:::speech:::vid_Qu8m9h-AC0I,train,en-ru_RU
1,en-ru_RU:::speech:::vid_Si9CnnVI8sk,en-ar_EG:::speech:::vid_Si9CnnVI8sk,train,en-ru_RU
1,en-ru_RU:::speech:::vid_VnlWOV5Oj1c,en-ar_EG:::speech:::vid_VnlWOV5Oj1c,train,en-ru_RU
1,en-ru_RU:::speech:::vid_YNQ_7eV3WcE,en-ar_EG:::speech:::vid_YNQ_7eV3WcE,train,en-ru_RU
1,en-ru_RU:::speech:::vid_YTxmx8hyJtA,en-ar_EG:::speech:::vid_YTxmx8hyJtA,train,en-ru_RU
1,en-ru_RU:::speech:::vid_blR87HY5UPk,en-ar_EG:::speech:::vid_blR87HY5UPk,train,en-ru_RU
1,en-ru_RU:::speech:::vid_mDjddYiHd7A,en-ar_EG:::speech:::vid_mDjddYiHd7A,train,en-ru_RU
1,en-ru_RU:::speech:::vid_n-mmxFdva4w,en-bho_IN:::speech:::vid_n-mmxFdva4w,train,en-ru_RU
1,en-ru_RU:::speech:::vid_nNjtLybPRjM,en-ar_EG:::speech:::vid_nNjtLybPRjM,train,en-ru_RU
1,en-ru_RU:::speech:::vid_nU09s4CuaRg,en-ar_EG:::speech:::vid_nU09s4CuaRg,train,en-ru_RU
1,en-ru_RU:::speech:::vid_rU8nY03Lo5s,en-ar_EG:::speech:::vid_rU8nY03Lo5s,train,en-ru_RU
1,en-ru_RU:::speech:::vid_uB_fMAbhJwY,en-ar_EG:::speech:::vid_uB_fMAbhJwY,train,en-ru_RU
1,en-ru_RU:::speech:::vid_v2NNTNAXRWY,en-ar_EG:::speech:::vid_v2NNTNAXRWY,train,en-ru_RU
1,en-ru_RU:::speech:::vid_wTKg_pD9bHo,en-cs_CZ:::speech:::vid_wTKg_pD9bHo,train,en-ru_RU
1,en-ru_RU:::speech:::vid_x48axn9yc9k,en-bho_IN:::speech:::vid_x48axn9yc9k,train,en-ru_RU
1,en-ru_RU:::news:::newrepublic.com.12623,en-ar_EG:::news:::newrepublic.com.12623,validation,en-ru_RU
1,en-ru_RU:::speech:::vid_3DI4-E5Imow,en-ar_EG:::speech:::vid_3DI4-E5Imow,validation,en-ru_RU
1,en-ru_RU:::speech:::vid_6dP6bHX73_k,en-ar_EG:::speech:::vid_6dP6bHX73_k,validation,en-ru_RU
1,en-ru_RU:::speech:::vid_GYfhGLrrDts,en-ar_EG:::speech:::vid_GYfhGLrrDts,validation,en-ru_RU
1,en-ru_RU:::speech:::vid_JIq55zBGNX4,en-ar_EG:::speech:::vid_JIq55zBGNX4,validation,en-ru_RU
1,en-ru_RU:::speech:::vid_OmK3XTCDbbs,en-ar_EG:::speech:::vid_OmK3XTCDbbs,validation,en-ru_RU
1,en-ru_RU:::speech:::vid_ncokXMVuG5s,en-cs_CZ:::speech:::vid_ncokXMVuG5s,validation,en-ru_RU
1,en-ru_RU:::speech:::vid_r-aI0JD0bCE,en-ar_EG:::speech:::vid_r-aI0JD0bCE,validation,en-ru_RU
1,en-ru_RU:::news:::guardian.228996,en-ar_EG:::news:::guardian.228996,test,en-ru_RU
1,en-ru_RU:::news:::guardian.229338,en-cs_CZ:::news:::guardian.229338,test,en-ru_RU
1,en-ru_RU:::news:::guardian.230737,en-bho_IN:::news:::guardian.230737,test,en-ru_RU
1,en-ru_RU:::social:::112502991207286008,en-ar_EG:::social:::112502991207286008,test,en-ru_RU
1,en-ru_RU:::social:::114220065940975488,en-it_IT:::social:::114220065940975488,test,en-ru_RU
1,en-ru_RU:::speech:::vid_27keISTaqYw,en-ar_EG:::speech:::vid_27keISTaqYw,test,en-ru_RU
1,en-ru_RU:::speech:::vid_Ft41IG2BAG8,en-ar_EG:::speech:::vid_Ft41IG2BAG8,test,en-ru_RU
1,en-ru_RU:::speech:::vid_M7v3ZfP4fm0,en-ar_EG:::speech:::vid_M7v3ZfP4fm0,test,en-ru_RU
1,en-ru_RU:::speech:::vid_RIjzeZ1xk1c,en-ar_EG:::speech:::vid_RIjzeZ1xk1c,test,en-ru_RU
1,en-ru_RU:::speech:::vid__S0GOwEJXUA,en-ar_EG:::speech:::vid__S0GOwEJXUA,test,en-ru_RU
1,en-ru_RU:::speech:::vid_qhwgP27R4xw,en-ar_EG:::speech:::vid_qhwgP27R4xw,test,en-ru_RU
2,en-ru_RU:::news:::guardian.228996,en-ar_EG:::news:::guardian.228996,train,en-ru_RU
2,en-ru_RU:::news:::guardian.229338,en-cs_CZ:::news:::guardian.229338,train,en-ru_RU
2,en-ru_RU:::news:::newrepublic.com.12619,en-ar_EG:::news:::newrepublic.com.12619,train,en-ru_RU
2,en-ru_RU:::news:::newrepublic.com.12623,en-ar_EG:::news:::newrepublic.com.12623,train,en-ru_RU
2,en-ru_RU:::social:::112502991207286008,en-ar_EG:::social:::112502991207286008,train,en-ru_RU
2,en-ru_RU:::social:::114151944720213193,en-ar_EG:::social:::114151944720213193,train,en-ru_RU
2,en-ru_RU:::social:::114174389242714730,en-ar_EG:::social:::114174389242714730,train,en-ru_RU
2,en-ru_RU:::social:::114220065940975488,en-it_IT:::social:::114220065940975488,train,en-ru_RU
2,en-ru_RU:::social:::114300646822630777,en-ar_EG:::social:::114300646822630777,train,en-ru_RU
2,en-ru_RU:::speech:::vid_27keISTaqYw,en-ar_EG:::speech:::vid_27keISTaqYw,train,en-ru_RU
2,en-ru_RU:::speech:::vid_3DI4-E5Imow,en-ar_EG:::speech:::vid_3DI4-E5Imow,train,en-ru_RU
2,en-ru_RU:::speech:::vid_3vpEaAjDgtI,en-ar_EG:::speech:::vid_3vpEaAjDgtI,train,en-ru_RU
2,en-ru_RU:::speech:::vid_6dP6bHX73_k,en-ar_EG:::speech:::vid_6dP6bHX73_k,train,en-ru_RU
2,en-ru_RU:::speech:::vid_Ft41IG2BAG8,en-ar_EG:::speech:::vid_Ft41IG2BAG8,train,en-ru_RU
2,en-ru_RU:::speech:::vid_GYfhGLrrDts,en-ar_EG:::speech:::vid_GYfhGLrrDts,train,en-ru_RU
2,en-ru_RU:::speech:::vid_JoTLTGv8kqA,en-ar_EG:::speech:::vid_JoTLTGv8kqA,train,en-ru_RU
2,en-ru_RU:::speech:::vid_M7v3ZfP4fm0,en-ar_EG:::speech:::vid_M7v3ZfP4fm0,train,en-ru_RU
2,en-ru_RU:::speech:::vid_OmK3XTCDbbs,en-ar_EG:::speech:::vid_OmK3XTCDbbs,train,en-ru_RU
2,en-ru_RU:::speech:::vid_P2a0lVGYDNo,en-cs_CZ:::speech:::vid_P2a0lVGYDNo,train,en-ru_RU
2,en-ru_RU:::speech:::vid_RIjzeZ1xk1c,en-ar_EG:::speech:::vid_RIjzeZ1xk1c,train,en-ru_RU
2,en-ru_RU:::speech:::vid_Si9CnnVI8sk,en-ar_EG:::speech:::vid_Si9CnnVI8sk,train,en-ru_RU
2,en-ru_RU:::speech:::vid_VnlWOV5Oj1c,en-ar_EG:::speech:::vid_VnlWOV5Oj1c,train,en-ru_RU
2,en-ru_RU:::speech:::vid_YNQ_7eV3WcE,en-ar_EG:::speech:::vid_YNQ_7eV3WcE,train,en-ru_RU
2,en-ru_RU:::speech:::vid_blR87HY5UPk,en-ar_EG:::speech:::vid_blR87HY5UPk,train,en-ru_RU
2,en-ru_RU:::speech:::vid_mDjddYiHd7A,en-ar_EG:::speech:::vid_mDjddYiHd7A,train,en-ru_RU
2,en-ru_RU:::speech:::vid_n-mmxFdva4w,en-bho_IN:::speech:::vid_n-mmxFdva4w,train,en-ru_RU
2,en-ru_RU:::speech:::vid_nNjtLybPRjM,en-ar_EG:::speech:::vid_nNjtLybPRjM,train,en-ru_RU
2,en-ru_RU:::speech:::vid_ncokXMVuG5s,en-cs_CZ:::speech:::vid_ncokXMVuG5s,train,en-ru_RU
2,en-ru_RU:::speech:::vid_qhwgP27R4xw,en-ar_EG:::speech:::vid_qhwgP27R4xw,train,en-ru_RU
2,en-ru_RU:::speech:::vid_r-aI0JD0bCE,en-ar_EG:::speech:::vid_r-aI0JD0bCE,train,en-ru_RU
2,en-ru_RU:::speech:::vid_rU8nY03Lo5s,en-ar_EG:::speech:::vid_rU8nY03Lo5s,train,en-ru_RU
2,en-ru_RU:::speech:::vid_wTKg_pD9bHo,en-cs_CZ:::speech:::vid_wTKg_pD9bHo,train,en-ru_RU
2,en-ru_RU:::speech:::vid_x48axn9yc9k,en-bho_IN:::speech:::vid_x48axn9yc9k,train,en-ru_RU
2,en-ru_RU:::news:::guardian.230737,en-bho_IN:::news:::guardian.230737,validation,en-ru_RU
2,en-ru_RU:::news:::guardian.231311,en-ar_EG:::news:::guardian.231311,validation,en-ru_RU
2,en-ru_RU:::news:::nytimes.153341,en-bho_IN:::news:::nytimes.153341,validation,en-ru_RU
2,en-ru_RU:::speech:::vid_JIq55zBGNX4,en-ar_EG:::speech:::vid_JIq55zBGNX4,validation,en-ru_RU
2,en-ru_RU:::speech:::vid_PJLN1kAzbyw,en-ar_EG:::speech:::vid_PJLN1kAzbyw,validation,en-ru_RU
2,en-ru_RU:::speech:::vid_QgTkUWYd82M,en-ar_EG:::speech:::vid_QgTkUWYd82M,validation,en-ru_RU
2,en-ru_RU:::speech:::vid__S0GOwEJXUA,en-ar_EG:::speech:::vid__S0GOwEJXUA,validation,en-ru_RU
2,en-ru_RU:::speech:::vid_uB_fMAbhJwY,en-ar_EG:::speech:::vid_uB_fMAbhJwY,validation,en-ru_RU
2,en-ru_RU:::literary:::rink_rats_chapter2,en-ar_EG:::literary:::rink_rats_chapter2,test,en-ru_RU
2,en-ru_RU:::news:::en.ndtv.com.357237,en-cs_CZ:::news:::en.ndtv.com.357237,test,en-ru_RU
2,en-ru_RU:::news:::nytimes.154208,en-ar_EG:::news:::nytimes.154208,test,en-ru_RU
2,en-ru_RU:::social:::114417630342798842,en-ar_EG:::social:::114417630342798842,test,en-ru_RU
2,en-ru_RU:::speech:::vid_7Aw4Q46omiM,en-ar_EG:::speech:::vid_7Aw4Q46omiM,test,en-ru_RU
2,en-ru_RU:::speech:::vid_HjRhgaz1xTI,en-et_EE:::speech:::vid_HjRhgaz1xTI,test,en-ru_RU
2,en-ru_RU:::speech:::vid_Lb7Dhf7oo4Y,en-ar_EG:::speech:::vid_Lb7Dhf7oo4Y,test,en-ru_RU
2,en-ru_RU:::speech:::vid_Qu8m9h-AC0I,en-ar_EG:::speech:::vid_Qu8m9h-AC0I,test,en-ru_RU
2,en-ru_RU:::speech:::vid_YTxmx8hyJtA,en-ar_EG:::speech:::vid_YTxmx8hyJtA,test,en-ru_RU
2,en-ru_RU:::speech:::vid_nU09s4CuaRg,en-ar_EG:::speech:::vid_nU09s4CuaRg,test,en-ru_RU
2,en-ru_RU:::speech:::vid_v2NNTNAXRWY,en-ar_EG:::speech:::vid_v2NNTNAXRWY,test,en-ru_RU
3,en-ru_RU:::literary:::rink_rats_chapter2,en-ar_EG:::literary:::rink_rats_chapter2,train,en-ru_RU
3,en-ru_RU:::news:::en.ndtv.com.357237,en-cs_CZ:::news:::en.ndtv.com.357237,train,en-ru_RU
3,en-ru_RU:::news:::guardian.229338,en-cs_CZ:::news:::guardian.229338,train,en-ru_RU
3,en-ru_RU:::news:::guardian.230737,en-bho_IN:::news:::guardian.230737,train,en-ru_RU
3,en-ru_RU:::news:::newrepublic.com.12619,en-ar_EG:::news:::newrepublic.com.12619,train,en-ru_RU
3,en-ru_RU:::news:::nytimes.153341,en-bho_IN:::news:::nytimes.153341,train,en-ru_RU
3,en-ru_RU:::news:::nytimes.154208,en-ar_EG:::news:::nytimes.154208,train,en-ru_RU
3,en-ru_RU:::social:::114151944720213193,en-ar_EG:::social:::114151944720213193,train,en-ru_RU
3,en-ru_RU:::social:::114174389242714730,en-ar_EG:::social:::114174389242714730,train,en-ru_RU
3,en-ru_RU:::social:::114220065940975488,en-it_IT:::social:::114220065940975488,train,en-ru_RU
3,en-ru_RU:::social:::114417630342798842,en-ar_EG:::social:::114417630342798842,train,en-ru_RU
3,en-ru_RU:::speech:::vid_27keISTaqYw,en-ar_EG:::speech:::vid_27keISTaqYw,train,en-ru_RU
3,en-ru_RU:::speech:::vid_3DI4-E5Imow,en-ar_EG:::speech:::vid_3DI4-E5Imow,train,en-ru_RU
3,en-ru_RU:::speech:::vid_3vpEaAjDgtI,en-ar_EG:::speech:::vid_3vpEaAjDgtI,train,en-ru_RU
3,en-ru_RU:::speech:::vid_7Aw4Q46omiM,en-ar_EG:::speech:::vid_7Aw4Q46omiM,train,en-ru_RU
3,en-ru_RU:::speech:::vid_GYfhGLrrDts,en-ar_EG:::speech:::vid_GYfhGLrrDts,train,en-ru_RU
3,en-ru_RU:::speech:::vid_HjRhgaz1xTI,en-et_EE:::speech:::vid_HjRhgaz1xTI,train,en-ru_RU
3,en-ru_RU:::speech:::vid_JIq55zBGNX4,en-ar_EG:::speech:::vid_JIq55zBGNX4,train,en-ru_RU
3,en-ru_RU:::speech:::vid_Lb7Dhf7oo4Y,en-ar_EG:::speech:::vid_Lb7Dhf7oo4Y,train,en-ru_RU
3,en-ru_RU:::speech:::vid_OmK3XTCDbbs,en-ar_EG:::speech:::vid_OmK3XTCDbbs,train,en-ru_RU
3,en-ru_RU:::speech:::vid_P2a0lVGYDNo,en-cs_CZ:::speech:::vid_P2a0lVGYDNo,train,en-ru_RU
3,en-ru_RU:::speech:::vid_Qu8m9h-AC0I,en-ar_EG:::speech:::vid_Qu8m9h-AC0I,train,en-ru_RU
3,en-ru_RU:::speech:::vid_Si9CnnVI8sk,en-ar_EG:::speech:::vid_Si9CnnVI8sk,train,en-ru_RU
3,en-ru_RU:::speech:::vid_VnlWOV5Oj1c,en-ar_EG:::speech:::vid_VnlWOV5Oj1c,train,en-ru_RU
3,en-ru_RU:::speech:::vid__S0GOwEJXUA,en-ar_EG:::speech:::vid__S0GOwEJXUA,train,en-ru_RU
3,en-ru_RU:::speech:::vid_blR87HY5UPk,en-ar_EG:::speech:::vid_blR87HY5UPk,train,en-ru_RU
3,en-ru_RU:::speech:::vid_mDjddYiHd7A,en-ar_EG:::speech:::vid_mDjddYiHd7A,train,en-ru_RU
3,en-ru_RU:::speech:::vid_n-mmxFdva4w,en-bho_IN:::speech:::vid_n-mmxFdva4w,train,en-ru_RU
3,en-ru_RU:::speech:::vid_nU09s4CuaRg,en-ar_EG:::speech:::vid_nU09s4CuaRg,train,en-ru_RU
3,en-ru_RU:::speech:::vid_ncokXMVuG5s,en-cs_CZ:::speech:::vid_ncokXMVuG5s,train,en-ru_RU
3,en-ru_RU:::speech:::vid_qhwgP27R4xw,en-ar_EG:::speech:::vid_qhwgP27R4xw,train,en-ru_RU
3,en-ru_RU:::speech:::vid_r-aI0JD0bCE,en-ar_EG:::speech:::vid_r-aI0JD0bCE,train,en-ru_RU
3,en-ru_RU:::speech:::vid_rU8nY03Lo5s,en-ar_EG:::speech:::vid_rU8nY03Lo5s,train,en-ru_RU
3,en-ru_RU:::speech:::vid_v2NNTNAXRWY,en-ar_EG:::speech:::vid_v2NNTNAXRWY,train,en-ru_RU
3,en-ru_RU:::news:::guardian.228996,en-ar_EG:::news:::guardian.228996,validation,en-ru_RU
3,en-ru_RU:::news:::guardian.231311,en-ar_EG:::news:::guardian.231311,validation,en-ru_RU
3,en-ru_RU:::social:::112502991207286008,en-ar_EG:::social:::112502991207286008,validation,en-ru_RU
3,en-ru_RU:::speech:::vid_Ft41IG2BAG8,en-ar_EG:::speech:::vid_Ft41IG2BAG8,validation,en-ru_RU
3,en-ru_RU:::speech:::vid_M7v3ZfP4fm0,en-ar_EG:::speech:::vid_M7v3ZfP4fm0,validation,en-ru_RU
3,en-ru_RU:::speech:::vid_PJLN1kAzbyw,en-ar_EG:::speech:::vid_PJLN1kAzbyw,validation,en-ru_RU
3,en-ru_RU:::speech:::vid_RIjzeZ1xk1c,en-ar_EG:::speech:::vid_RIjzeZ1xk1c,validation,en-ru_RU
3,en-ru_RU:::speech:::vid_YTxmx8hyJtA,en-ar_EG:::speech:::vid_YTxmx8hyJtA,validation,en-ru_RU
3,en-ru_RU:::news:::newrepublic.com.12623,en-ar_EG:::news:::newrepublic.com.12623,test,en-ru_RU
3,en-ru_RU:::social:::114300646822630777,en-ar_EG:::social:::114300646822630777,test,en-ru_RU
3,en-ru_RU:::speech:::vid_6dP6bHX73_k,en-ar_EG:::speech:::vid_6dP6bHX73_k,test,en-ru_RU
3,en-ru_RU:::speech:::vid_JoTLTGv8kqA,en-ar_EG:::speech:::vid_JoTLTGv8kqA,test,en-ru_RU
3,en-ru_RU:::speech:::vid_QgTkUWYd82M,en-ar_EG:::speech:::vid_QgTkUWYd82M,test,en-ru_RU
3,en-ru_RU:::speech:::vid_YNQ_7eV3WcE,en-ar_EG:::speech:::vid_YNQ_7eV3WcE,test,en-ru_RU
3,en-ru_RU:::speech:::vid_nNjtLybPRjM,en-ar_EG:::speech:::vid_nNjtLybPRjM,test,en-ru_RU
3,en-ru_RU:::speech:::vid_uB_fMAbhJwY,en-ar_EG:::speech:::vid_uB_fMAbhJwY,test,en-ru_RU
3,en-ru_RU:::speech:::vid_wTKg_pD9bHo,en-cs_CZ:::speech:::vid_wTKg_pD9bHo,test,en-ru_RU
3,en-ru_RU:::speech:::vid_x48axn9yc9k,en-bho_IN:::speech:::vid_x48axn9yc9k,test,en-ru_RU
4,en-ru_RU:::literary:::rink_rats_chapter2,en-ar_EG:::literary:::rink_rats_chapter2,train,en-ru_RU
4,en-ru_RU:::news:::en.ndtv.com.357237,en-cs_CZ:::news:::en.ndtv.com.357237,train,en-ru_RU
4,en-ru_RU:::news:::guardian.228996,en-ar_EG:::news:::guardian.228996,train,en-ru_RU
4,en-ru_RU:::news:::guardian.229338,en-cs_CZ:::news:::guardian.229338,train,en-ru_RU
4,en-ru_RU:::news:::guardian.230737,en-bho_IN:::news:::guardian.230737,train,en-ru_RU
4,en-ru_RU:::news:::guardian.231311,en-ar_EG:::news:::guardian.231311,train,en-ru_RU
4,en-ru_RU:::news:::newrepublic.com.12623,en-ar_EG:::news:::newrepublic.com.12623,train,en-ru_RU
4,en-ru_RU:::news:::nytimes.153341,en-bho_IN:::news:::nytimes.153341,train,en-ru_RU
4,en-ru_RU:::news:::nytimes.154208,en-ar_EG:::news:::nytimes.154208,train,en-ru_RU
4,en-ru_RU:::social:::112502991207286008,en-ar_EG:::social:::112502991207286008,train,en-ru_RU
4,en-ru_RU:::social:::114151944720213193,en-ar_EG:::social:::114151944720213193,train,en-ru_RU
4,en-ru_RU:::social:::114220065940975488,en-it_IT:::social:::114220065940975488,train,en-ru_RU
4,en-ru_RU:::social:::114300646822630777,en-ar_EG:::social:::114300646822630777,train,en-ru_RU
4,en-ru_RU:::social:::114417630342798842,en-ar_EG:::social:::114417630342798842,train,en-ru_RU
4,en-ru_RU:::speech:::vid_27keISTaqYw,en-ar_EG:::speech:::vid_27keISTaqYw,train,en-ru_RU
4,en-ru_RU:::speech:::vid_3DI4-E5Imow,en-ar_EG:::speech:::vid_3DI4-E5Imow,train,en-ru_RU
4,en-ru_RU:::speech:::vid_Ft41IG2BAG8,en-ar_EG:::speech:::vid_Ft41IG2BAG8,train,en-ru_RU
4,en-ru_RU:::speech:::vid_GYfhGLrrDts,en-ar_EG:::speech:::vid_GYfhGLrrDts,train,en-ru_RU
4,en-ru_RU:::speech:::vid_HjRhgaz1xTI,en-et_EE:::speech:::vid_HjRhgaz1xTI,train,en-ru_RU
4,en-ru_RU:::speech:::vid_JoTLTGv8kqA,en-ar_EG:::speech:::vid_JoTLTGv8kqA,train,en-ru_RU
4,en-ru_RU:::speech:::vid_Lb7Dhf7oo4Y,en-ar_EG:::speech:::vid_Lb7Dhf7oo4Y,train,en-ru_RU
4,en-ru_RU:::speech:::vid_OmK3XTCDbbs,en-ar_EG:::speech:::vid_OmK3XTCDbbs,train,en-ru_RU
4,en-ru_RU:::speech:::vid_P2a0lVGYDNo,en-cs_CZ:::speech:::vid_P2a0lVGYDNo,train,en-ru_RU
4,en-ru_RU:::speech:::vid_QgTkUWYd82M,en-ar_EG:::speech:::vid_QgTkUWYd82M,train,en-ru_RU
4,en-ru_RU:::speech:::vid_Qu8m9h-AC0I,en-ar_EG:::speech:::vid_Qu8m9h-AC0I,train,en-ru_RU
4,en-ru_RU:::speech:::vid_Si9CnnVI8sk,en-ar_EG:::speech:::vid_Si9CnnVI8sk,train,en-ru_RU
4,en-ru_RU:::speech:::vid_YNQ_7eV3WcE,en-ar_EG:::speech:::vid_YNQ_7eV3WcE,train,en-ru_RU
4,en-ru_RU:::speech:::vid_YTxmx8hyJtA,en-ar_EG:::speech:::vid_YTxmx8hyJtA,train,en-ru_RU
4,en-ru_RU:::speech:::vid__S0GOwEJXUA,en-ar_EG:::speech:::vid__S0GOwEJXUA,train,en-ru_RU
4,en-ru_RU:::speech:::vid_blR87HY5UPk,en-ar_EG:::speech:::vid_blR87HY5UPk,train,en-ru_RU
4,en-ru_RU:::speech:::vid_qhwgP27R4xw,en-ar_EG:::speech:::vid_qhwgP27R4xw,train,en-ru_RU
4,en-ru_RU:::speech:::vid_r-aI0JD0bCE,en-ar_EG:::speech:::vid_r-aI0JD0bCE,train,en-ru_RU
4,en-ru_RU:::speech:::vid_wTKg_pD9bHo,en-cs_CZ:::speech:::vid_wTKg_pD9bHo,train,en-ru_RU
4,en-ru_RU:::speech:::vid_x48axn9yc9k,en-bho_IN:::speech:::vid_x48axn9yc9k,train,en-ru_RU
4,en-ru_RU:::speech:::vid_6dP6bHX73_k,en-ar_EG:::speech:::vid_6dP6bHX73_k,validation,en-ru_RU
4,en-ru_RU:::speech:::vid_7Aw4Q46omiM,en-ar_EG:::speech:::vid_7Aw4Q46omiM,validation,en-ru_RU
4,en-ru_RU:::speech:::vid_M7v3ZfP4fm0,en-ar_EG:::speech:::vid_M7v3ZfP4fm0,validation,en-ru_RU
4,en-ru_RU:::speech:::vid_RIjzeZ1xk1c,en-ar_EG:::speech:::vid_RIjzeZ1xk1c,validation,en-ru_RU
4,en-ru_RU:::speech:::vid_nNjtLybPRjM,en-ar_EG:::speech:::vid_nNjtLybPRjM,validation,en-ru_RU
4,en-ru_RU:::speech:::vid_nU09s4CuaRg,en-ar_EG:::speech:::vid_nU09s4CuaRg,validation,en-ru_RU
4,en-ru_RU:::speech:::vid_uB_fMAbhJwY,en-ar_EG:::speech:::vid_uB_fMAbhJwY,validation,en-ru_RU
4,en-ru_RU:::speech:::vid_v2NNTNAXRWY,en-ar_EG:::speech:::vid_v2NNTNAXRWY,validation,en-ru_RU
4,en-ru_RU:::news:::newrepublic.com.12619,en-ar_EG:::news:::newrepublic.com.12619,test,en-ru_RU
4,en-ru_RU:::social:::114174389242714730,en-ar_EG:::social:::114174389242714730,test,en-ru_RU
4,en-ru_RU:::speech:::vid_3vpEaAjDgtI,en-ar_EG:::speech:::vid_3vpEaAjDgtI,test,en-ru_RU
4,en-ru_RU:::speech:::vid_JIq55zBGNX4,en-ar_EG:::speech:::vid_JIq55zBGNX4,test,en-ru_RU
4,en-ru_RU:::speech:::vid_PJLN1kAzbyw,en-ar_EG:::speech:::vid_PJLN1kAzbyw,test,en-ru_RU
4,en-ru_RU:::speech:::vid_VnlWOV5Oj1c,en-ar_EG:::speech:::vid_VnlWOV5Oj1c,test,en-ru_RU
4,en-ru_RU:::speech:::vid_mDjddYiHd7A,en-ar_EG:::speech:::vid_mDjddYiHd7A,test,en-ru_RU
4,en-ru_RU:::speech:::vid_n-mmxFdva4w,en-bho_IN:::speech:::vid_n-mmxFdva4w,test,en-ru_RU
4,en-ru_RU:::speech:::vid_ncokXMVuG5s,en-cs_CZ:::speech:::vid_ncokXMVuG5s,test,en-ru_RU
4,en-ru_RU:::speech:::vid_rU8nY03Lo5s,en-ar_EG:::speech:::vid_rU8nY03Lo5s,test,en-ru_RU
5,en-ru_RU:::literary:::rink_rats_chapter2,en-ar_EG:::literary:::rink_rats_chapter2,train,en-ru_RU
5,en-ru_RU:::news:::en.ndtv.com.357237,en-cs_CZ:::news:::en.ndtv.com.357237,train,en-ru_RU
5,en-ru_RU:::news:::guardian.229338,en-cs_CZ:::news:::guardian.229338,train,en-ru_RU
5,en-ru_RU:::news:::guardian.230737,en-bho_IN:::news:::guardian.230737,train,en-ru_RU
5,en-ru_RU:::news:::newrepublic.com.12619,en-ar_EG:::news:::newrepublic.com.12619,train,en-ru_RU
5,en-ru_RU:::news:::newrepublic.com.12623,en-ar_EG:::news:::newrepublic.com.12623,train,en-ru_RU
5,en-ru_RU:::news:::nytimes.154208,en-ar_EG:::news:::nytimes.154208,train,en-ru_RU
5,en-ru_RU:::social:::112502991207286008,en-ar_EG:::social:::112502991207286008,train,en-ru_RU
5,en-ru_RU:::social:::114174389242714730,en-ar_EG:::social:::114174389242714730,train,en-ru_RU
5,en-ru_RU:::social:::114220065940975488,en-it_IT:::social:::114220065940975488,train,en-ru_RU
5,en-ru_RU:::social:::114417630342798842,en-ar_EG:::social:::114417630342798842,train,en-ru_RU
5,en-ru_RU:::speech:::vid_27keISTaqYw,en-ar_EG:::speech:::vid_27keISTaqYw,train,en-ru_RU
5,en-ru_RU:::speech:::vid_3vpEaAjDgtI,en-ar_EG:::speech:::vid_3vpEaAjDgtI,train,en-ru_RU
5,en-ru_RU:::speech:::vid_6dP6bHX73_k,en-ar_EG:::speech:::vid_6dP6bHX73_k,train,en-ru_RU
5,en-ru_RU:::speech:::vid_Ft41IG2BAG8,en-ar_EG:::speech:::vid_Ft41IG2BAG8,train,en-ru_RU
5,en-ru_RU:::speech:::vid_HjRhgaz1xTI,en-et_EE:::speech:::vid_HjRhgaz1xTI,train,en-ru_RU
5,en-ru_RU:::speech:::vid_JIq55zBGNX4,en-ar_EG:::speech:::vid_JIq55zBGNX4,train,en-ru_RU
5,en-ru_RU:::speech:::vid_JoTLTGv8kqA,en-ar_EG:::speech:::vid_JoTLTGv8kqA,train,en-ru_RU
5,en-ru_RU:::speech:::vid_M7v3ZfP4fm0,en-ar_EG:::speech:::vid_M7v3ZfP4fm0,train,en-ru_RU
5,en-ru_RU:::speech:::vid_PJLN1kAzbyw,en-ar_EG:::speech:::vid_PJLN1kAzbyw,train,en-ru_RU
5,en-ru_RU:::speech:::vid_QgTkUWYd82M,en-ar_EG:::speech:::vid_QgTkUWYd82M,train,en-ru_RU
5,en-ru_RU:::speech:::vid_RIjzeZ1xk1c,en-ar_EG:::speech:::vid_RIjzeZ1xk1c,train,en-ru_RU
5,en-ru_RU:::speech:::vid_VnlWOV5Oj1c,en-ar_EG:::speech:::vid_VnlWOV5Oj1c,train,en-ru_RU
5,en-ru_RU:::speech:::vid_YNQ_7eV3WcE,en-ar_EG:::speech:::vid_YNQ_7eV3WcE,train,en-ru_RU
5,en-ru_RU:::speech:::vid__S0GOwEJXUA,en-ar_EG:::speech:::vid__S0GOwEJXUA,train,en-ru_RU
5,en-ru_RU:::speech:::vid_mDjddYiHd7A,en-ar_EG:::speech:::vid_mDjddYiHd7A,train,en-ru_RU
5,en-ru_RU:::speech:::vid_n-mmxFdva4w,en-bho_IN:::speech:::vid_n-mmxFdva4w,train,en-ru_RU
5,en-ru_RU:::speech:::vid_ncokXMVuG5s,en-cs_CZ:::speech:::vid_ncokXMVuG5s,train,en-ru_RU
5,en-ru_RU:::speech:::vid_qhwgP27R4xw,en-ar_EG:::speech:::vid_qhwgP27R4xw,train,en-ru_RU
5,en-ru_RU:::speech:::vid_rU8nY03Lo5s,en-ar_EG:::speech:::vid_rU8nY03Lo5s,train,en-ru_RU
5,en-ru_RU:::speech:::vid_uB_fMAbhJwY,en-ar_EG:::speech:::vid_uB_fMAbhJwY,train,en-ru_RU
5,en-ru_RU:::speech:::vid_v2NNTNAXRWY,en-ar_EG:::speech:::vid_v2NNTNAXRWY,train,en-ru_RU
5,en-ru_RU:::speech:::vid_wTKg_pD9bHo,en-cs_CZ:::speech:::vid_wTKg_pD9bHo,train,en-ru_RU
5,en-ru_RU:::speech:::vid_x48axn9yc9k,en-bho_IN:::speech:::vid_x48axn9yc9k,train,en-ru_RU
5,en-ru_RU:::news:::guardian.228996,en-ar_EG:::news:::guardian.228996,validation,en-ru_RU
5,en-ru_RU:::social:::114300646822630777,en-ar_EG:::social:::114300646822630777,validation,en-ru_RU
5,en-ru_RU:::speech:::vid_7Aw4Q46omiM,en-ar_EG:::speech:::vid_7Aw4Q46omiM,validation,en-ru_RU
5,en-ru_RU:::speech:::vid_Lb7Dhf7oo4Y,en-ar_EG:::speech:::vid_Lb7Dhf7oo4Y,validation,en-ru_RU
5,en-ru_RU:::speech:::vid_Qu8m9h-AC0I,en-ar_EG:::speech:::vid_Qu8m9h-AC0I,validation,en-ru_RU
5,en-ru_RU:::speech:::vid_YTxmx8hyJtA,en-ar_EG:::speech:::vid_YTxmx8hyJtA,validation,en-ru_RU
5,en-ru_RU:::speech:::vid_nNjtLybPRjM,en-ar_EG:::speech:::vid_nNjtLybPRjM,validation,en-ru_RU
5,en-ru_RU:::speech:::vid_nU09s4CuaRg,en-ar_EG:::speech:::vid_nU09s4CuaRg,validation,en-ru_RU
5,en-ru_RU:::news:::guardian.231311,en-ar_EG:::news:::guardian.231311,test,en-ru_RU
5,en-ru_RU:::news:::nytimes.153341,en-bho_IN:::news:::nytimes.153341,test,en-ru_RU
5,en-ru_RU:::social:::114151944720213193,en-ar_EG:::social:::114151944720213193,test,en-ru_RU
5,en-ru_RU:::speech:::vid_3DI4-E5Imow,en-ar_EG:::speech:::vid_3DI4-E5Imow,test,en-ru_RU
5,en-ru_RU:::speech:::vid_GYfhGLrrDts,en-ar_EG:::speech:::vid_GYfhGLrrDts,test,en-ru_RU
5,en-ru_RU:::speech:::vid_OmK3XTCDbbs,en-ar_EG:::speech:::vid_OmK3XTCDbbs,test,en-ru_RU
5,en-ru_RU:::speech:::vid_P2a0lVGYDNo,en-cs_CZ:::speech:::vid_P2a0lVGYDNo,test,en-ru_RU
5,en-ru_RU:::speech:::vid_Si9CnnVI8sk,en-ar_EG:::speech:::vid_Si9CnnVI8sk,test,en-ru_RU
5,en-ru_RU:::speech:::vid_blR87HY5UPk,en-ar_EG:::speech:::vid_blR87HY5UPk,test,en-ru_RU
5,en-ru_RU:::speech:::vid_r-aI0JD0bCE,en-ar_EG:::speech:::vid_r-aI0JD0bCE,test,en-ru_RU
1,en-sr_Cyrl_RS:::literary:::rink_rats_chapter2,en-ar_EG:::literary:::rink_rats_chapter2,train,en-sr_Cyrl_RS
1,en-sr_Cyrl_RS:::news:::brisbanetimes.com.au.306576,en-ar_EG:::news:::brisbanetimes.com.au.306576,train,en-sr_Cyrl_RS
1,en-sr_Cyrl_RS:::news:::guardian.228996,en-ar_EG:::news:::guardian.228996,train,en-sr_Cyrl_RS
1,en-sr_Cyrl_RS:::news:::guardian.229338,en-cs_CZ:::news:::guardian.229338,train,en-sr_Cyrl_RS
1,en-sr_Cyrl_RS:::news:::guardian.230737,en-bho_IN:::news:::guardian.230737,train,en-sr_Cyrl_RS
1,en-sr_Cyrl_RS:::news:::guardian.231314,en-is_IS:::news:::guardian.231314,train,en-sr_Cyrl_RS
1,en-sr_Cyrl_RS:::news:::newrepublic.com.12623,en-ar_EG:::news:::newrepublic.com.12623,train,en-sr_Cyrl_RS
1,en-sr_Cyrl_RS:::news:::nytimes.153341,en-bho_IN:::news:::nytimes.153341,train,en-sr_Cyrl_RS
1,en-sr_Cyrl_RS:::social:::112502991207286008,en-ar_EG:::social:::112502991207286008,train,en-sr_Cyrl_RS
1,en-sr_Cyrl_RS:::social:::114151944720213193,en-ar_EG:::social:::114151944720213193,train,en-sr_Cyrl_RS
1,en-sr_Cyrl_RS:::social:::114174389242714730,en-ar_EG:::social:::114174389242714730,train,en-sr_Cyrl_RS
1,en-sr_Cyrl_RS:::social:::114417630342798842,en-ar_EG:::social:::114417630342798842,train,en-sr_Cyrl_RS
1,en-sr_Cyrl_RS:::speech:::vid_3vpEaAjDgtI,en-ar_EG:::speech:::vid_3vpEaAjDgtI,train,en-sr_Cyrl_RS
1,en-sr_Cyrl_RS:::speech:::vid_8qZFupajBuo,en-ar_EG:::speech:::vid_8qZFupajBuo,train,en-sr_Cyrl_RS
1,en-sr_Cyrl_RS:::speech:::vid_Lb7Dhf7oo4Y,en-ar_EG:::speech:::vid_Lb7Dhf7oo4Y,train,en-sr_Cyrl_RS
1,en-sr_Cyrl_RS:::speech:::vid_OXHLjswiGeI,en-bho_IN:::speech:::vid_OXHLjswiGeI,train,en-sr_Cyrl_RS
1,en-sr_Cyrl_RS:::speech:::vid_OmK3XTCDbbs,en-ar_EG:::speech:::vid_OmK3XTCDbbs,train,en-sr_Cyrl_RS
1,en-sr_Cyrl_RS:::speech:::vid_Qu8m9h-AC0I,en-ar_EG:::speech:::vid_Qu8m9h-AC0I,train,en-sr_Cyrl_RS
1,en-sr_Cyrl_RS:::speech:::vid_RIjzeZ1xk1c,en-ar_EG:::speech:::vid_RIjzeZ1xk1c,train,en-sr_Cyrl_RS
1,en-sr_Cyrl_RS:::speech:::vid_YNQ_7eV3WcE,en-ar_EG:::speech:::vid_YNQ_7eV3WcE,train,en-sr_Cyrl_RS
1,en-sr_Cyrl_RS:::speech:::vid_YTxmx8hyJtA,en-ar_EG:::speech:::vid_YTxmx8hyJtA,train,en-sr_Cyrl_RS
1,en-sr_Cyrl_RS:::speech:::vid__S0GOwEJXUA,en-ar_EG:::speech:::vid__S0GOwEJXUA,train,en-sr_Cyrl_RS
1,en-sr_Cyrl_RS:::speech:::vid_blR87HY5UPk,en-ar_EG:::speech:::vid_blR87HY5UPk,train,en-sr_Cyrl_RS
1,en-sr_Cyrl_RS:::speech:::vid_nNjtLybPRjM,en-ar_EG:::speech:::vid_nNjtLybPRjM,train,en-sr_Cyrl_RS
1,en-sr_Cyrl_RS:::speech:::vid_nU09s4CuaRg,en-ar_EG:::speech:::vid_nU09s4CuaRg,train,en-sr_Cyrl_RS
1,en-sr_Cyrl_RS:::speech:::vid_qhwgP27R4xw,en-ar_EG:::speech:::vid_qhwgP27R4xw,train,en-sr_Cyrl_RS
1,en-sr_Cyrl_RS:::speech:::vid_r-aI0JD0bCE,en-ar_EG:::speech:::vid_r-aI0JD0bCE,train,en-sr_Cyrl_RS
1,en-sr_Cyrl_RS:::speech:::vid_u2JNW0Ftyzg,en-bho_IN:::speech:::vid_u2JNW0Ftyzg,train,en-sr_Cyrl_RS
1,en-sr_Cyrl_RS:::speech:::vid_uB_fMAbhJwY,en-ar_EG:::speech:::vid_uB_fMAbhJwY,train,en-sr_Cyrl_RS
1,en-sr_Cyrl_RS:::speech:::vid_uZvI4plitd4,en-cs_CZ:::speech:::vid_uZvI4plitd4,train,en-sr_Cyrl_RS
1,en-sr_Cyrl_RS:::speech:::vid_wTKg_pD9bHo,en-cs_CZ:::speech:::vid_wTKg_pD9bHo,train,en-sr_Cyrl_RS
1,en-sr_Cyrl_RS:::speech:::vid_x48axn9yc9k,en-bho_IN:::speech:::vid_x48axn9yc9k,train,en-sr_Cyrl_RS
1,en-sr_Cyrl_RS:::news:::guardian.231311,en-ar_EG:::news:::guardian.231311,validation,en-sr_Cyrl_RS
1,en-sr_Cyrl_RS:::speech:::vid_3DI4-E5Imow,en-ar_EG:::speech:::vid_3DI4-E5Imow,validation,en-sr_Cyrl_RS
1,en-sr_Cyrl_RS:::speech:::vid_6dP6bHX73_k,en-ar_EG:::speech:::vid_6dP6bHX73_k,validation,en-sr_Cyrl_RS
1,en-sr_Cyrl_RS:::speech:::vid_GYfhGLrrDts,en-ar_EG:::speech:::vid_GYfhGLrrDts,validation,en-sr_Cyrl_RS
1,en-sr_Cyrl_RS:::speech:::vid_HjRhgaz1xTI,en-et_EE:::speech:::vid_HjRhgaz1xTI,validation,en-sr_Cyrl_RS
1,en-sr_Cyrl_RS:::speech:::vid_JoTLTGv8kqA,en-ar_EG:::speech:::vid_JoTLTGv8kqA,validation,en-sr_Cyrl_RS
1,en-sr_Cyrl_RS:::speech:::vid_QgTkUWYd82M,en-ar_EG:::speech:::vid_QgTkUWYd82M,validation,en-sr_Cyrl_RS
1,en-sr_Cyrl_RS:::speech:::vid_v2NNTNAXRWY,en-ar_EG:::speech:::vid_v2NNTNAXRWY,validation,en-sr_Cyrl_RS
1,en-sr_Cyrl_RS:::news:::newrepublic.com.12619,en-ar_EG:::news:::newrepublic.com.12619,test,en-sr_Cyrl_RS
1,en-sr_Cyrl_RS:::social:::114220065940975488,en-it_IT:::social:::114220065940975488,test,en-sr_Cyrl_RS
1,en-sr_Cyrl_RS:::social:::114300646822630777,en-ar_EG:::social:::114300646822630777,test,en-sr_Cyrl_RS
1,en-sr_Cyrl_RS:::speech:::vid_7Aw4Q46omiM,en-ar_EG:::speech:::vid_7Aw4Q46omiM,test,en-sr_Cyrl_RS
1,en-sr_Cyrl_RS:::speech:::vid_BuaGgQdFI-o,en-bho_IN:::speech:::vid_BuaGgQdFI-o,test,en-sr_Cyrl_RS
1,en-sr_Cyrl_RS:::speech:::vid_Kr2KbsdNHWs,en-cs_CZ:::speech:::vid_Kr2KbsdNHWs,test,en-sr_Cyrl_RS
1,en-sr_Cyrl_RS:::speech:::vid_M7v3ZfP4fm0,en-ar_EG:::speech:::vid_M7v3ZfP4fm0,test,en-sr_Cyrl_RS
1,en-sr_Cyrl_RS:::speech:::vid_VnlWOV5Oj1c,en-ar_EG:::speech:::vid_VnlWOV5Oj1c,test,en-sr_Cyrl_RS
1,en-sr_Cyrl_RS:::speech:::vid_mDjddYiHd7A,en-ar_EG:::speech:::vid_mDjddYiHd7A,test,en-sr_Cyrl_RS
1,en-sr_Cyrl_RS:::speech:::vid_rU8nY03Lo5s,en-ar_EG:::speech:::vid_rU8nY03Lo5s,test,en-sr_Cyrl_RS
2,en-sr_Cyrl_RS:::literary:::rink_rats_chapter2,en-ar_EG:::literary:::rink_rats_chapter2,train,en-sr_Cyrl_RS
2,en-sr_Cyrl_RS:::news:::guardian.228996,en-ar_EG:::news:::guardian.228996,train,en-sr_Cyrl_RS
2,en-sr_Cyrl_RS:::news:::newrepublic.com.12619,en-ar_EG:::news:::newrepublic.com.12619,train,en-sr_Cyrl_RS
2,en-sr_Cyrl_RS:::news:::newrepublic.com.12623,en-ar_EG:::news:::newrepublic.com.12623,train,en-sr_Cyrl_RS
2,en-sr_Cyrl_RS:::social:::112502991207286008,en-ar_EG:::social:::112502991207286008,train,en-sr_Cyrl_RS
2,en-sr_Cyrl_RS:::social:::114151944720213193,en-ar_EG:::social:::114151944720213193,train,en-sr_Cyrl_RS
2,en-sr_Cyrl_RS:::social:::114220065940975488,en-it_IT:::social:::114220065940975488,train,en-sr_Cyrl_RS
2,en-sr_Cyrl_RS:::social:::114300646822630777,en-ar_EG:::social:::114300646822630777,train,en-sr_Cyrl_RS
2,en-sr_Cyrl_RS:::social:::114417630342798842,en-ar_EG:::social:::114417630342798842,train,en-sr_Cyrl_RS
2,en-sr_Cyrl_RS:::speech:::vid_3DI4-E5Imow,en-ar_EG:::speech:::vid_3DI4-E5Imow,train,en-sr_Cyrl_RS
2,en-sr_Cyrl_RS:::speech:::vid_3vpEaAjDgtI,en-ar_EG:::speech:::vid_3vpEaAjDgtI,train,en-sr_Cyrl_RS
2,en-sr_Cyrl_RS:::speech:::vid_7Aw4Q46omiM,en-ar_EG:::speech:::vid_7Aw4Q46omiM,train,en-sr_Cyrl_RS
2,en-sr_Cyrl_RS:::speech:::vid_8qZFupajBuo,en-ar_EG:::speech:::vid_8qZFupajBuo,train,en-sr_Cyrl_RS
2,en-sr_Cyrl_RS:::speech:::vid_GYfhGLrrDts,en-ar_EG:::speech:::vid_GYfhGLrrDts,train,en-sr_Cyrl_RS
2,en-sr_Cyrl_RS:::speech:::vid_HjRhgaz1xTI,en-et_EE:::speech:::vid_HjRhgaz1xTI,train,en-sr_Cyrl_RS
2,en-sr_Cyrl_RS:::speech:::vid_Kr2KbsdNHWs,en-cs_CZ:::speech:::vid_Kr2KbsdNHWs,train,en-sr_Cyrl_RS
2,en-sr_Cyrl_RS:::speech:::vid_M7v3ZfP4fm0,en-ar_EG:::speech:::vid_M7v3ZfP4fm0,train,en-sr_Cyrl_RS
2,en-sr_Cyrl_RS:::speech:::vid_OmK3XTCDbbs,en-ar_EG:::speech:::vid_OmK3XTCDbbs,train,en-sr_Cyrl_RS
2,en-sr_Cyrl_RS:::speech:::vid_QgTkUWYd82M,en-ar_EG:::speech:::vid_QgTkUWYd82M,train,en-sr_Cyrl_RS
2,en-sr_Cyrl_RS:::speech:::vid_YNQ_7eV3WcE,en-ar_EG:::speech:::vid_YNQ_7eV3WcE,train,en-sr_Cyrl_RS
2,en-sr_Cyrl_RS:::speech:::vid_YTxmx8hyJtA,en-ar_EG:::speech:::vid_YTxmx8hyJtA,train,en-sr_Cyrl_RS
2,en-sr_Cyrl_RS:::speech:::vid__S0GOwEJXUA,en-ar_EG:::speech:::vid__S0GOwEJXUA,train,en-sr_Cyrl_RS
2,en-sr_Cyrl_RS:::speech:::vid_mDjddYiHd7A,en-ar_EG:::speech:::vid_mDjddYiHd7A,train,en-sr_Cyrl_RS
2,en-sr_Cyrl_RS:::speech:::vid_nU09s4CuaRg,en-ar_EG:::speech:::vid_nU09s4CuaRg,train,en-sr_Cyrl_RS
2,en-sr_Cyrl_RS:::speech:::vid_qhwgP27R4xw,en-ar_EG:::speech:::vid_qhwgP27R4xw,train,en-sr_Cyrl_RS
2,en-sr_Cyrl_RS:::speech:::vid_rU8nY03Lo5s,en-ar_EG:::speech:::vid_rU8nY03Lo5s,train,en-sr_Cyrl_RS
2,en-sr_Cyrl_RS:::speech:::vid_u2JNW0Ftyzg,en-bho_IN:::speech:::vid_u2JNW0Ftyzg,train,en-sr_Cyrl_RS
2,en-sr_Cyrl_RS:::speech:::vid_uB_fMAbhJwY,en-ar_EG:::speech:::vid_uB_fMAbhJwY,train,en-sr_Cyrl_RS
2,en-sr_Cyrl_RS:::speech:::vid_uZvI4plitd4,en-cs_CZ:::speech:::vid_uZvI4plitd4,train,en-sr_Cyrl_RS
2,en-sr_Cyrl_RS:::speech:::vid_v2NNTNAXRWY,en-ar_EG:::speech:::vid_v2NNTNAXRWY,train,en-sr_Cyrl_RS
2,en-sr_Cyrl_RS:::speech:::vid_wTKg_pD9bHo,en-cs_CZ:::speech:::vid_wTKg_pD9bHo,train,en-sr_Cyrl_RS
2,en-sr_Cyrl_RS:::speech:::vid_x48axn9yc9k,en-bho_IN:::speech:::vid_x48axn9yc9k,train,en-sr_Cyrl_RS
2,en-sr_Cyrl_RS:::news:::brisbanetimes.com.au.306576,en-ar_EG:::news:::brisbanetimes.com.au.306576,validation,en-sr_Cyrl_RS
2,en-sr_Cyrl_RS:::news:::guardian.230737,en-bho_IN:::news:::guardian.230737,validation,en-sr_Cyrl_RS
2,en-sr_Cyrl_RS:::speech:::vid_BuaGgQdFI-o,en-bho_IN:::speech:::vid_BuaGgQdFI-o,validation,en-sr_Cyrl_RS
2,en-sr_Cyrl_RS:::speech:::vid_JoTLTGv8kqA,en-ar_EG:::speech:::vid_JoTLTGv8kqA,validation,en-sr_Cyrl_RS
2,en-sr_Cyrl_RS:::speech:::vid_OXHLjswiGeI,en-bho_IN:::speech:::vid_OXHLjswiGeI,validation,en-sr_Cyrl_RS
2,en-sr_Cyrl_RS:::speech:::vid_Qu8m9h-AC0I,en-ar_EG:::speech:::vid_Qu8m9h-AC0I,validation,en-sr_Cyrl_RS
2,en-sr_Cyrl_RS:::speech:::vid_VnlWOV5Oj1c,en-ar_EG:::speech:::vid_VnlWOV5Oj1c,validation,en-sr_Cyrl_RS
2,en-sr_Cyrl_RS:::speech:::vid_nNjtLybPRjM,en-ar_EG:::speech:::vid_nNjtLybPRjM,validation,en-sr_Cyrl_RS
2,en-sr_Cyrl_RS:::news:::guardian.229338,en-cs_CZ:::news:::guardian.229338,test,en-sr_Cyrl_RS
2,en-sr_Cyrl_RS:::news:::guardian.231311,en-ar_EG:::news:::guardian.231311,test,en-sr_Cyrl_RS
2,en-sr_Cyrl_RS:::news:::guardian.231314,en-is_IS:::news:::guardian.231314,test,en-sr_Cyrl_RS
2,en-sr_Cyrl_RS:::news:::nytimes.153341,en-bho_IN:::news:::nytimes.153341,test,en-sr_Cyrl_RS
2,en-sr_Cyrl_RS:::social:::114174389242714730,en-ar_EG:::social:::114174389242714730,test,en-sr_Cyrl_RS
2,en-sr_Cyrl_RS:::speech:::vid_6dP6bHX73_k,en-ar_EG:::speech:::vid_6dP6bHX73_k,test,en-sr_Cyrl_RS
2,en-sr_Cyrl_RS:::speech:::vid_Lb7Dhf7oo4Y,en-ar_EG:::speech:::vid_Lb7Dhf7oo4Y,test,en-sr_Cyrl_RS
2,en-sr_Cyrl_RS:::speech:::vid_RIjzeZ1xk1c,en-ar_EG:::speech:::vid_RIjzeZ1xk1c,test,en-sr_Cyrl_RS
2,en-sr_Cyrl_RS:::speech:::vid_blR87HY5UPk,en-ar_EG:::speech:::vid_blR87HY5UPk,test,en-sr_Cyrl_RS
2,en-sr_Cyrl_RS:::speech:::vid_r-aI0JD0bCE,en-ar_EG:::speech:::vid_r-aI0JD0bCE,test,en-sr_Cyrl_RS
3,en-sr_Cyrl_RS:::literary:::rink_rats_chapter2,en-ar_EG:::literary:::rink_rats_chapter2,train,en-sr_Cyrl_RS
3,en-sr_Cyrl_RS:::news:::guardian.229338,en-cs_CZ:::news:::guardian.229338,train,en-sr_Cyrl_RS
3,en-sr_Cyrl_RS:::news:::guardian.231314,en-is_IS:::news:::guardian.231314,train,en-sr_Cyrl_RS
3,en-sr_Cyrl_RS:::news:::newrepublic.com.12619,en-ar_EG:::news:::newrepublic.com.12619,train,en-sr_Cyrl_RS
3,en-sr_Cyrl_RS:::news:::newrepublic.com.12623,en-ar_EG:::news:::newrepublic.com.12623,train,en-sr_Cyrl_RS
3,en-sr_Cyrl_RS:::news:::nytimes.153341,en-bho_IN:::news:::nytimes.153341,train,en-sr_Cyrl_RS
3,en-sr_Cyrl_RS:::social:::114174389242714730,en-ar_EG:::social:::114174389242714730,train,en-sr_Cyrl_RS
3,en-sr_Cyrl_RS:::social:::114220065940975488,en-it_IT:::social:::114220065940975488,train,en-sr_Cyrl_RS
3,en-sr_Cyrl_RS:::social:::114300646822630777,en-ar_EG:::social:::114300646822630777,train,en-sr_Cyrl_RS
3,en-sr_Cyrl_RS:::speech:::vid_3DI4-E5Imow,en-ar_EG:::speech:::vid_3DI4-E5Imow,train,en-sr_Cyrl_RS
3,en-sr_Cyrl_RS:::speech:::vid_6dP6bHX73_k,en-ar_EG:::speech:::vid_6dP6bHX73_k,train,en-sr_Cyrl_RS
3,en-sr_Cyrl_RS:::speech:::vid_7Aw4Q46omiM,en-ar_EG:::speech:::vid_7Aw4Q46omiM,train,en-sr_Cyrl_RS
3,en-sr_Cyrl_RS:::speech:::vid_8qZFupajBuo,en-ar_EG:::speech:::vid_8qZFupajBuo,train,en-sr_Cyrl_RS
3,en-sr_Cyrl_RS:::speech:::vid_BuaGgQdFI-o,en-bho_IN:::speech:::vid_BuaGgQdFI-o,train,en-sr_Cyrl_RS
3,en-sr_Cyrl_RS:::speech:::vid_Kr2KbsdNHWs,en-cs_CZ:::speech:::vid_Kr2KbsdNHWs,train,en-sr_Cyrl_RS
3,en-sr_Cyrl_RS:::speech:::vid_Lb7Dhf7oo4Y,en-ar_EG:::speech:::vid_Lb7Dhf7oo4Y,train,en-sr_Cyrl_RS
3,en-sr_Cyrl_RS:::speech:::vid_M7v3ZfP4fm0,en-ar_EG:::speech:::vid_M7v3ZfP4fm0,train,en-sr_Cyrl_RS
3,en-sr_Cyrl_RS:::speech:::vid_OXHLjswiGeI,en-bho_IN:::speech:::vid_OXHLjswiGeI,train,en-sr_Cyrl_RS
3,en-sr_Cyrl_RS:::speech:::vid_OmK3XTCDbbs,en-ar_EG:::speech:::vid_OmK3XTCDbbs,train,en-sr_Cyrl_RS
3,en-sr_Cyrl_RS:::speech:::vid_RIjzeZ1xk1c,en-ar_EG:::speech:::vid_RIjzeZ1xk1c,train,en-sr_Cyrl_RS
3,en-sr_Cyrl_RS:::speech:::vid_YNQ_7eV3WcE,en-ar_EG:::speech:::vid_YNQ_7eV3WcE,train,en-sr_Cyrl_RS
3,en-sr_Cyrl_RS:::speech:::vid_YTxmx8hyJtA,en-ar_EG:::speech:::vid_YTxmx8hyJtA,train,en-sr_Cyrl_RS
3,en-sr_Cyrl_RS:::speech:::vid_mDjddYiHd7A,en-ar_EG:::speech:::vid_mDjddYiHd7A,train,en-sr_Cyrl_RS
3,en-sr_Cyrl_RS:::speech:::vid_nNjtLybPRjM,en-ar_EG:::speech:::vid_nNjtLybPRjM,train,en-sr_Cyrl_RS
3,en-sr_Cyrl_RS:::speech:::vid_nU09s4CuaRg,en-ar_EG:::speech:::vid_nU09s4CuaRg,train,en-sr_Cyrl_RS
3,en-sr_Cyrl_RS:::speech:::vid_r-aI0JD0bCE,en-ar_EG:::speech:::vid_r-aI0JD0bCE,train,en-sr_Cyrl_RS
3,en-sr_Cyrl_RS:::speech:::vid_rU8nY03Lo5s,en-ar_EG:::speech:::vid_rU8nY03Lo5s,train,en-sr_Cyrl_RS
3,en-sr_Cyrl_RS:::speech:::vid_u2JNW0Ftyzg,en-bho_IN:::speech:::vid_u2JNW0Ftyzg,train,en-sr_Cyrl_RS
3,en-sr_Cyrl_RS:::speech:::vid_uB_fMAbhJwY,en-ar_EG:::speech:::vid_uB_fMAbhJwY,train,en-sr_Cyrl_RS
3,en-sr_Cyrl_RS:::speech:::vid_uZvI4plitd4,en-cs_CZ:::speech:::vid_uZvI4plitd4,train,en-sr_Cyrl_RS
3,en-sr_Cyrl_RS:::speech:::vid_v2NNTNAXRWY,en-ar_EG:::speech:::vid_v2NNTNAXRWY,train,en-sr_Cyrl_RS
3,en-sr_Cyrl_RS:::speech:::vid_wTKg_pD9bHo,en-cs_CZ:::speech:::vid_wTKg_pD9bHo,train,en-sr_Cyrl_RS
3,en-sr_Cyrl_RS:::news:::brisbanetimes.com.au.306576,en-ar_EG:::news:::brisbanetimes.com.au.306576,validation,en-sr_Cyrl_RS
3,en-sr_Cyrl_RS:::news:::guardian.231311,en-ar_EG:::news:::guardian.231311,validation,en-sr_Cyrl_RS
3,en-sr_Cyrl_RS:::social:::112502991207286008,en-ar_EG:::social:::112502991207286008,validation,en-sr_Cyrl_RS
3,en-sr_Cyrl_RS:::social:::114417630342798842,en-ar_EG:::social:::114417630342798842,validation,en-sr_Cyrl_RS
3,en-sr_Cyrl_RS:::speech:::vid_GYfhGLrrDts,en-ar_EG:::speech:::vid_GYfhGLrrDts,validation,en-sr_Cyrl_RS
3,en-sr_Cyrl_RS:::speech:::vid_QgTkUWYd82M,en-ar_EG:::speech:::vid_QgTkUWYd82M,validation,en-sr_Cyrl_RS
3,en-sr_Cyrl_RS:::speech:::vid_VnlWOV5Oj1c,en-ar_EG:::speech:::vid_VnlWOV5Oj1c,validation,en-sr_Cyrl_RS
3,en-sr_Cyrl_RS:::speech:::vid_blR87HY5UPk,en-ar_EG:::speech:::vid_blR87HY5UPk,validation,en-sr_Cyrl_RS
3,en-sr_Cyrl_RS:::news:::guardian.228996,en-ar_EG:::news:::guardian.228996,test,en-sr_Cyrl_RS
3,en-sr_Cyrl_RS:::news:::guardian.230737,en-bho_IN:::news:::guardian.230737,test,en-sr_Cyrl_RS
3,en-sr_Cyrl_RS:::social:::114151944720213193,en-ar_EG:::social:::114151944720213193,test,en-sr_Cyrl_RS
3,en-sr_Cyrl_RS:::speech:::vid_3vpEaAjDgtI,en-ar_EG:::speech:::vid_3vpEaAjDgtI,test,en-sr_Cyrl_RS
3,en-sr_Cyrl_RS:::speech:::vid_HjRhgaz1xTI,en-et_EE:::speech:::vid_HjRhgaz1xTI,test,en-sr_Cyrl_RS
3,en-sr_Cyrl_RS:::speech:::vid_JoTLTGv8kqA,en-ar_EG:::speech:::vid_JoTLTGv8kqA,test,en-sr_Cyrl_RS
3,en-sr_Cyrl_RS:::speech:::vid_Qu8m9h-AC0I,en-ar_EG:::speech:::vid_Qu8m9h-AC0I,test,en-sr_Cyrl_RS
3,en-sr_Cyrl_RS:::speech:::vid__S0GOwEJXUA,en-ar_EG:::speech:::vid__S0GOwEJXUA,test,en-sr_Cyrl_RS
3,en-sr_Cyrl_RS:::speech:::vid_qhwgP27R4xw,en-ar_EG:::speech:::vid_qhwgP27R4xw,test,en-sr_Cyrl_RS
3,en-sr_Cyrl_RS:::speech:::vid_x48axn9yc9k,en-bho_IN:::speech:::vid_x48axn9yc9k,test,en-sr_Cyrl_RS
4,en-sr_Cyrl_RS:::literary:::rink_rats_chapter2,en-ar_EG:::literary:::rink_rats_chapter2,train,en-sr_Cyrl_RS
4,en-sr_Cyrl_RS:::news:::guardian.228996,en-ar_EG:::news:::guardian.228996,train,en-sr_Cyrl_RS
4,en-sr_Cyrl_RS:::news:::guardian.229338,en-cs_CZ:::news:::guardian.229338,train,en-sr_Cyrl_RS
4,en-sr_Cyrl_RS:::news:::guardian.230737,en-bho_IN:::news:::guardian.230737,train,en-sr_Cyrl_RS
4,en-sr_Cyrl_RS:::news:::guardian.231311,en-ar_EG:::news:::guardian.231311,train,en-sr_Cyrl_RS
4,en-sr_Cyrl_RS:::news:::newrepublic.com.12619,en-ar_EG:::news:::newrepublic.com.12619,train,en-sr_Cyrl_RS
4,en-sr_Cyrl_RS:::news:::nytimes.153341,en-bho_IN:::news:::nytimes.153341,train,en-sr_Cyrl_RS
4,en-sr_Cyrl_RS:::social:::114151944720213193,en-ar_EG:::social:::114151944720213193,train,en-sr_Cyrl_RS
4,en-sr_Cyrl_RS:::social:::114174389242714730,en-ar_EG:::social:::114174389242714730,train,en-sr_Cyrl_RS
4,en-sr_Cyrl_RS:::social:::114220065940975488,en-it_IT:::social:::114220065940975488,train,en-sr_Cyrl_RS
4,en-sr_Cyrl_RS:::social:::114300646822630777,en-ar_EG:::social:::114300646822630777,train,en-sr_Cyrl_RS
4,en-sr_Cyrl_RS:::social:::114417630342798842,en-ar_EG:::social:::114417630342798842,train,en-sr_Cyrl_RS
4,en-sr_Cyrl_RS:::speech:::vid_3vpEaAjDgtI,en-ar_EG:::speech:::vid_3vpEaAjDgtI,train,en-sr_Cyrl_RS
4,en-sr_Cyrl_RS:::speech:::vid_7Aw4Q46omiM,en-ar_EG:::speech:::vid_7Aw4Q46omiM,train,en-sr_Cyrl_RS
4,en-sr_Cyrl_RS:::speech:::vid_HjRhgaz1xTI,en-et_EE:::speech:::vid_HjRhgaz1xTI,train,en-sr_Cyrl_RS
4,en-sr_Cyrl_RS:::speech:::vid_JoTLTGv8kqA,en-ar_EG:::speech:::vid_JoTLTGv8kqA,train,en-sr_Cyrl_RS
4,en-sr_Cyrl_RS:::speech:::vid_Kr2KbsdNHWs,en-cs_CZ:::speech:::vid_Kr2KbsdNHWs,train,en-sr_Cyrl_RS
4,en-sr_Cyrl_RS:::speech:::vid_Lb7Dhf7oo4Y,en-ar_EG:::speech:::vid_Lb7Dhf7oo4Y,train,en-sr_Cyrl_RS
4,en-sr_Cyrl_RS:::speech:::vid_M7v3ZfP4fm0,en-ar_EG:::speech:::vid_M7v3ZfP4fm0,train,en-sr_Cyrl_RS
4,en-sr_Cyrl_RS:::speech:::vid_OXHLjswiGeI,en-bho_IN:::speech:::vid_OXHLjswiGeI,train,en-sr_Cyrl_RS
4,en-sr_Cyrl_RS:::speech:::vid_OmK3XTCDbbs,en-ar_EG:::speech:::vid_OmK3XTCDbbs,train,en-sr_Cyrl_RS
4,en-sr_Cyrl_RS:::speech:::vid_Qu8m9h-AC0I,en-ar_EG:::speech:::vid_Qu8m9h-AC0I,train,en-sr_Cyrl_RS
4,en-sr_Cyrl_RS:::speech:::vid_RIjzeZ1xk1c,en-ar_EG:::speech:::vid_RIjzeZ1xk1c,train,en-sr_Cyrl_RS
4,en-sr_Cyrl_RS:::speech:::vid_YNQ_7eV3WcE,en-ar_EG:::speech:::vid_YNQ_7eV3WcE,train,en-sr_Cyrl_RS
4,en-sr_Cyrl_RS:::speech:::vid_blR87HY5UPk,en-ar_EG:::speech:::vid_blR87HY5UPk,train,en-sr_Cyrl_RS
4,en-sr_Cyrl_RS:::speech:::vid_mDjddYiHd7A,en-ar_EG:::speech:::vid_mDjddYiHd7A,train,en-sr_Cyrl_RS
4,en-sr_Cyrl_RS:::speech:::vid_nNjtLybPRjM,en-ar_EG:::speech:::vid_nNjtLybPRjM,train,en-sr_Cyrl_RS
4,en-sr_Cyrl_RS:::speech:::vid_qhwgP27R4xw,en-ar_EG:::speech:::vid_qhwgP27R4xw,train,en-sr_Cyrl_RS
4,en-sr_Cyrl_RS:::speech:::vid_rU8nY03Lo5s,en-ar_EG:::speech:::vid_rU8nY03Lo5s,train,en-sr_Cyrl_RS
4,en-sr_Cyrl_RS:::speech:::vid_uB_fMAbhJwY,en-ar_EG:::speech:::vid_uB_fMAbhJwY,train,en-sr_Cyrl_RS
4,en-sr_Cyrl_RS:::speech:::vid_uZvI4plitd4,en-cs_CZ:::speech:::vid_uZvI4plitd4,train,en-sr_Cyrl_RS
4,en-sr_Cyrl_RS:::speech:::vid_x48axn9yc9k,en-bho_IN:::speech:::vid_x48axn9yc9k,train,en-sr_Cyrl_RS
4,en-sr_Cyrl_RS:::news:::guardian.231314,en-is_IS:::news:::guardian.231314,validation,en-sr_Cyrl_RS
4,en-sr_Cyrl_RS:::news:::newrepublic.com.12623,en-ar_EG:::news:::newrepublic.com.12623,validation,en-sr_Cyrl_RS
4,en-sr_Cyrl_RS:::speech:::vid_6dP6bHX73_k,en-ar_EG:::speech:::vid_6dP6bHX73_k,validation,en-sr_Cyrl_RS
4,en-sr_Cyrl_RS:::speech:::vid_8qZFupajBuo,en-ar_EG:::speech:::vid_8qZFupajBuo,validation,en-sr_Cyrl_RS
4,en-sr_Cyrl_RS:::speech:::vid_BuaGgQdFI-o,en-bho_IN:::speech:::vid_BuaGgQdFI-o,validation,en-sr_Cyrl_RS
4,en-sr_Cyrl_RS:::speech:::vid_VnlWOV5Oj1c,en-ar_EG:::speech:::vid_VnlWOV5Oj1c,validation,en-sr_Cyrl_RS
4,en-sr_Cyrl_RS:::speech:::vid__S0GOwEJXUA,en-ar_EG:::speech:::vid__S0GOwEJXUA,validation,en-sr_Cyrl_RS
4,en-sr_Cyrl_RS:::speech:::vid_r-aI0JD0bCE,en-ar_EG:::speech:::vid_r-aI0JD0bCE,validation,en-sr_Cyrl_RS
4,en-sr_Cyrl_RS:::news:::brisbanetimes.com.au.306576,en-ar_EG:::news:::brisbanetimes.com.au.306576,test,en-sr_Cyrl_RS
4,en-sr_Cyrl_RS:::social:::112502991207286008,en-ar_EG:::social:::112502991207286008,test,en-sr_Cyrl_RS
4,en-sr_Cyrl_RS:::speech:::vid_3DI4-E5Imow,en-ar_EG:::speech:::vid_3DI4-E5Imow,test,en-sr_Cyrl_RS
4,en-sr_Cyrl_RS:::speech:::vid_GYfhGLrrDts,en-ar_EG:::speech:::vid_GYfhGLrrDts,test,en-sr_Cyrl_RS
4,en-sr_Cyrl_RS:::speech:::vid_QgTkUWYd82M,en-ar_EG:::speech:::vid_QgTkUWYd82M,test,en-sr_Cyrl_RS
4,en-sr_Cyrl_RS:::speech:::vid_YTxmx8hyJtA,en-ar_EG:::speech:::vid_YTxmx8hyJtA,test,en-sr_Cyrl_RS
4,en-sr_Cyrl_RS:::speech:::vid_nU09s4CuaRg,en-ar_EG:::speech:::vid_nU09s4CuaRg,test,en-sr_Cyrl_RS
4,en-sr_Cyrl_RS:::speech:::vid_u2JNW0Ftyzg,en-bho_IN:::speech:::vid_u2JNW0Ftyzg,test,en-sr_Cyrl_RS
4,en-sr_Cyrl_RS:::speech:::vid_v2NNTNAXRWY,en-ar_EG:::speech:::vid_v2NNTNAXRWY,test,en-sr_Cyrl_RS
4,en-sr_Cyrl_RS:::speech:::vid_wTKg_pD9bHo,en-cs_CZ:::speech:::vid_wTKg_pD9bHo,test,en-sr_Cyrl_RS
5,en-sr_Cyrl_RS:::news:::brisbanetimes.com.au.306576,en-ar_EG:::news:::brisbanetimes.com.au.306576,train,en-sr_Cyrl_RS
5,en-sr_Cyrl_RS:::news:::guardian.229338,en-cs_CZ:::news:::guardian.229338,train,en-sr_Cyrl_RS
5,en-sr_Cyrl_RS:::news:::guardian.230737,en-bho_IN:::news:::guardian.230737,train,en-sr_Cyrl_RS
5,en-sr_Cyrl_RS:::news:::guardian.231311,en-ar_EG:::news:::guardian.231311,train,en-sr_Cyrl_RS
5,en-sr_Cyrl_RS:::news:::guardian.231314,en-is_IS:::news:::guardian.231314,train,en-sr_Cyrl_RS
5,en-sr_Cyrl_RS:::news:::newrepublic.com.12619,en-ar_EG:::news:::newrepublic.com.12619,train,en-sr_Cyrl_RS
5,en-sr_Cyrl_RS:::news:::nytimes.153341,en-bho_IN:::news:::nytimes.153341,train,en-sr_Cyrl_RS
5,en-sr_Cyrl_RS:::social:::112502991207286008,en-ar_EG:::social:::112502991207286008,train,en-sr_Cyrl_RS
5,en-sr_Cyrl_RS:::social:::114151944720213193,en-ar_EG:::social:::114151944720213193,train,en-sr_Cyrl_RS
5,en-sr_Cyrl_RS:::social:::114174389242714730,en-ar_EG:::social:::114174389242714730,train,en-sr_Cyrl_RS
5,en-sr_Cyrl_RS:::social:::114220065940975488,en-it_IT:::social:::114220065940975488,train,en-sr_Cyrl_RS
5,en-sr_Cyrl_RS:::speech:::vid_3DI4-E5Imow,en-ar_EG:::speech:::vid_3DI4-E5Imow,train,en-sr_Cyrl_RS
5,en-sr_Cyrl_RS:::speech:::vid_3vpEaAjDgtI,en-ar_EG:::speech:::vid_3vpEaAjDgtI,train,en-sr_Cyrl_RS
5,en-sr_Cyrl_RS:::speech:::vid_6dP6bHX73_k,en-ar_EG:::speech:::vid_6dP6bHX73_k,train,en-sr_Cyrl_RS
5,en-sr_Cyrl_RS:::speech:::vid_7Aw4Q46omiM,en-ar_EG:::speech:::vid_7Aw4Q46omiM,train,en-sr_Cyrl_RS
5,en-sr_Cyrl_RS:::speech:::vid_BuaGgQdFI-o,en-bho_IN:::speech:::vid_BuaGgQdFI-o,train,en-sr_Cyrl_RS
5,en-sr_Cyrl_RS:::speech:::vid_HjRhgaz1xTI,en-et_EE:::speech:::vid_HjRhgaz1xTI,train,en-sr_Cyrl_RS
5,en-sr_Cyrl_RS:::speech:::vid_JoTLTGv8kqA,en-ar_EG:::speech:::vid_JoTLTGv8kqA,train,en-sr_Cyrl_RS
5,en-sr_Cyrl_RS:::speech:::vid_Kr2KbsdNHWs,en-cs_CZ:::speech:::vid_Kr2KbsdNHWs,train,en-sr_Cyrl_RS
5,en-sr_Cyrl_RS:::speech:::vid_Lb7Dhf7oo4Y,en-ar_EG:::speech:::vid_Lb7Dhf7oo4Y,train,en-sr_Cyrl_RS
5,en-sr_Cyrl_RS:::speech:::vid_QgTkUWYd82M,en-ar_EG:::speech:::vid_QgTkUWYd82M,train,en-sr_Cyrl_RS
5,en-sr_Cyrl_RS:::speech:::vid_Qu8m9h-AC0I,en-ar_EG:::speech:::vid_Qu8m9h-AC0I,train,en-sr_Cyrl_RS
5,en-sr_Cyrl_RS:::speech:::vid_RIjzeZ1xk1c,en-ar_EG:::speech:::vid_RIjzeZ1xk1c,train,en-sr_Cyrl_RS
5,en-sr_Cyrl_RS:::speech:::vid__S0GOwEJXUA,en-ar_EG:::speech:::vid__S0GOwEJXUA,train,en-sr_Cyrl_RS
5,en-sr_Cyrl_RS:::speech:::vid_mDjddYiHd7A,en-ar_EG:::speech:::vid_mDjddYiHd7A,train,en-sr_Cyrl_RS
5,en-sr_Cyrl_RS:::speech:::vid_nU09s4CuaRg,en-ar_EG:::speech:::vid_nU09s4CuaRg,train,en-sr_Cyrl_RS
5,en-sr_Cyrl_RS:::speech:::vid_r-aI0JD0bCE,en-ar_EG:::speech:::vid_r-aI0JD0bCE,train,en-sr_Cyrl_RS
5,en-sr_Cyrl_RS:::speech:::vid_rU8nY03Lo5s,en-ar_EG:::speech:::vid_rU8nY03Lo5s,train,en-sr_Cyrl_RS
5,en-sr_Cyrl_RS:::speech:::vid_u2JNW0Ftyzg,en-bho_IN:::speech:::vid_u2JNW0Ftyzg,train,en-sr_Cyrl_RS
5,en-sr_Cyrl_RS:::speech:::vid_v2NNTNAXRWY,en-ar_EG:::speech:::vid_v2NNTNAXRWY,train,en-sr_Cyrl_RS
5,en-sr_Cyrl_RS:::speech:::vid_wTKg_pD9bHo,en-cs_CZ:::speech:::vid_wTKg_pD9bHo,train,en-sr_Cyrl_RS
5,en-sr_Cyrl_RS:::speech:::vid_x48axn9yc9k,en-bho_IN:::speech:::vid_x48axn9yc9k,train,en-sr_Cyrl_RS
5,en-sr_Cyrl_RS:::news:::guardian.228996,en-ar_EG:::news:::guardian.228996,validation,en-sr_Cyrl_RS
5,en-sr_Cyrl_RS:::social:::114300646822630777,en-ar_EG:::social:::114300646822630777,validation,en-sr_Cyrl_RS
5,en-sr_Cyrl_RS:::speech:::vid_GYfhGLrrDts,en-ar_EG:::speech:::vid_GYfhGLrrDts,validation,en-sr_Cyrl_RS
5,en-sr_Cyrl_RS:::speech:::vid_M7v3ZfP4fm0,en-ar_EG:::speech:::vid_M7v3ZfP4fm0,validation,en-sr_Cyrl_RS
5,en-sr_Cyrl_RS:::speech:::vid_VnlWOV5Oj1c,en-ar_EG:::speech:::vid_VnlWOV5Oj1c,validation,en-sr_Cyrl_RS
5,en-sr_Cyrl_RS:::speech:::vid_YTxmx8hyJtA,en-ar_EG:::speech:::vid_YTxmx8hyJtA,validation,en-sr_Cyrl_RS
5,en-sr_Cyrl_RS:::speech:::vid_blR87HY5UPk,en-ar_EG:::speech:::vid_blR87HY5UPk,validation,en-sr_Cyrl_RS
5,en-sr_Cyrl_RS:::speech:::vid_qhwgP27R4xw,en-ar_EG:::speech:::vid_qhwgP27R4xw,validation,en-sr_Cyrl_RS
5,en-sr_Cyrl_RS:::literary:::rink_rats_chapter2,en-ar_EG:::literary:::rink_rats_chapter2,test,en-sr_Cyrl_RS
5,en-sr_Cyrl_RS:::news:::newrepublic.com.12623,en-ar_EG:::news:::newrepublic.com.12623,test,en-sr_Cyrl_RS
5,en-sr_Cyrl_RS:::social:::114417630342798842,en-ar_EG:::social:::114417630342798842,test,en-sr_Cyrl_RS
5,en-sr_Cyrl_RS:::speech:::vid_8qZFupajBuo,en-ar_EG:::speech:::vid_8qZFupajBuo,test,en-sr_Cyrl_RS
5,en-sr_Cyrl_RS:::speech:::vid_OXHLjswiGeI,en-bho_IN:::speech:::vid_OXHLjswiGeI,test,en-sr_Cyrl_RS
5,en-sr_Cyrl_RS:::speech:::vid_OmK3XTCDbbs,en-ar_EG:::speech:::vid_OmK3XTCDbbs,test,en-sr_Cyrl_RS
5,en-sr_Cyrl_RS:::speech:::vid_YNQ_7eV3WcE,en-ar_EG:::speech:::vid_YNQ_7eV3WcE,test,en-sr_Cyrl_RS
5,en-sr_Cyrl_RS:::speech:::vid_nNjtLybPRjM,en-ar_EG:::speech:::vid_nNjtLybPRjM,test,en-sr_Cyrl_RS
5,en-sr_Cyrl_RS:::speech:::vid_uB_fMAbhJwY,en-ar_EG:::speech:::vid_uB_fMAbhJwY,test,en-sr_Cyrl_RS
5,en-sr_Cyrl_RS:::speech:::vid_uZvI4plitd4,en-cs_CZ:::speech:::vid_uZvI4plitd4,test,en-sr_Cyrl_RS
1,en-uk_UA:::news:::en.ndtv.com.357237,en-cs_CZ:::news:::en.ndtv.com.357237,train,en-uk_UA
1,en-uk_UA:::news:::guardian.228996,en-ar_EG:::news:::guardian.228996,train,en-uk_UA
1,en-uk_UA:::news:::guardian.229338,en-cs_CZ:::news:::guardian.229338,train,en-uk_UA
1,en-uk_UA:::news:::guardian.230737,en-bho_IN:::news:::guardian.230737,train,en-uk_UA
1,en-uk_UA:::news:::newrepublic.com.12619,en-ar_EG:::news:::newrepublic.com.12619,train,en-uk_UA
1,en-uk_UA:::news:::newrepublic.com.12623,en-ar_EG:::news:::newrepublic.com.12623,train,en-uk_UA
1,en-uk_UA:::social:::112502991207286008,en-ar_EG:::social:::112502991207286008,train,en-uk_UA
1,en-uk_UA:::social:::114174389242714730,en-ar_EG:::social:::114174389242714730,train,en-uk_UA
1,en-uk_UA:::social:::114220065940975488,en-it_IT:::social:::114220065940975488,train,en-uk_UA
1,en-uk_UA:::social:::114300646822630777,en-ar_EG:::social:::114300646822630777,train,en-uk_UA
1,en-uk_UA:::social:::114417630342798842,en-ar_EG:::social:::114417630342798842,train,en-uk_UA
1,en-uk_UA:::speech:::vid_27keISTaqYw,en-ar_EG:::speech:::vid_27keISTaqYw,train,en-uk_UA
1,en-uk_UA:::speech:::vid_6dP6bHX73_k,en-ar_EG:::speech:::vid_6dP6bHX73_k,train,en-uk_UA
1,en-uk_UA:::speech:::vid_8qZFupajBuo,en-ar_EG:::speech:::vid_8qZFupajBuo,train,en-uk_UA
1,en-uk_UA:::speech:::vid_HjRhgaz1xTI,en-et_EE:::speech:::vid_HjRhgaz1xTI,train,en-uk_UA
1,en-uk_UA:::speech:::vid_JpW9KlX1Pjs,en-ar_EG:::speech:::vid_JpW9KlX1Pjs,train,en-uk_UA
1,en-uk_UA:::speech:::vid_Lb7Dhf7oo4Y,en-ar_EG:::speech:::vid_Lb7Dhf7oo4Y,train,en-uk_UA
1,en-uk_UA:::speech:::vid_QgTkUWYd82M,en-ar_EG:::speech:::vid_QgTkUWYd82M,train,en-uk_UA
1,en-uk_UA:::speech:::vid_Qu8m9h-AC0I,en-ar_EG:::speech:::vid_Qu8m9h-AC0I,train,en-uk_UA
1,en-uk_UA:::speech:::vid_RIjzeZ1xk1c,en-ar_EG:::speech:::vid_RIjzeZ1xk1c,train,en-uk_UA
1,en-uk_UA:::speech:::vid_VnlWOV5Oj1c,en-ar_EG:::speech:::vid_VnlWOV5Oj1c,train,en-uk_UA
1,en-uk_UA:::speech:::vid_YNQ_7eV3WcE,en-ar_EG:::speech:::vid_YNQ_7eV3WcE,train,en-uk_UA
1,en-uk_UA:::speech:::vid_YTxmx8hyJtA,en-ar_EG:::speech:::vid_YTxmx8hyJtA,train,en-uk_UA
1,en-uk_UA:::speech:::vid__S0GOwEJXUA,en-ar_EG:::speech:::vid__S0GOwEJXUA,train,en-uk_UA
1,en-uk_UA:::speech:::vid_mDjddYiHd7A,en-ar_EG:::speech:::vid_mDjddYiHd7A,train,en-uk_UA
1,en-uk_UA:::speech:::vid_n-mmxFdva4w,en-bho_IN:::speech:::vid_n-mmxFdva4w,train,en-uk_UA
1,en-uk_UA:::speech:::vid_nNjtLybPRjM,en-ar_EG:::speech:::vid_nNjtLybPRjM,train,en-uk_UA
1,en-uk_UA:::speech:::vid_nU09s4CuaRg,en-ar_EG:::speech:::vid_nU09s4CuaRg,train,en-uk_UA
1,en-uk_UA:::speech:::vid_ncokXMVuG5s,en-cs_CZ:::speech:::vid_ncokXMVuG5s,train,en-uk_UA
1,en-uk_UA:::speech:::vid_qhwgP27R4xw,en-ar_EG:::speech:::vid_qhwgP27R4xw,train,en-uk_UA
1,en-uk_UA:::speech:::vid_uB_fMAbhJwY,en-ar_EG:::speech:::vid_uB_fMAbhJwY,train,en-uk_UA
1,en-uk_UA:::speech:::vid_v2NNTNAXRWY,en-ar_EG:::speech:::vid_v2NNTNAXRWY,train,en-uk_UA
1,en-uk_UA:::speech:::vid_x48axn9yc9k,en-bho_IN:::speech:::vid_x48axn9yc9k,train,en-uk_UA
1,en-uk_UA:::news:::nytimes.154208,en-ar_EG:::news:::nytimes.154208,validation,en-uk_UA
1,en-uk_UA:::speech:::vid_3vpEaAjDgtI,en-ar_EG:::speech:::vid_3vpEaAjDgtI,validation,en-uk_UA
1,en-uk_UA:::speech:::vid_7Aw4Q46omiM,en-ar_EG:::speech:::vid_7Aw4Q46omiM,validation,en-uk_UA
1,en-uk_UA:::speech:::vid_JIq55zBGNX4,en-ar_EG:::speech:::vid_JIq55zBGNX4,validation,en-uk_UA
1,en-uk_UA:::speech:::vid_JoTLTGv8kqA,en-ar_EG:::speech:::vid_JoTLTGv8kqA,validation,en-uk_UA
1,en-uk_UA:::speech:::vid_OmK3XTCDbbs,en-ar_EG:::speech:::vid_OmK3XTCDbbs,validation,en-uk_UA
1,en-uk_UA:::speech:::vid_rU8nY03Lo5s,en-ar_EG:::speech:::vid_rU8nY03Lo5s,validation,en-uk_UA
1,en-uk_UA:::speech:::vid_wTKg_pD9bHo,en-cs_CZ:::speech:::vid_wTKg_pD9bHo,validation,en-uk_UA
1,en-uk_UA:::literary:::rink_rats_chapter1,en-ja_JP:::literary:::rink_rats_chapter1,test,en-uk_UA
1,en-uk_UA:::news:::guardian.231311,en-ar_EG:::news:::guardian.231311,test,en-uk_UA
1,en-uk_UA:::news:::nytimes.153341,en-bho_IN:::news:::nytimes.153341,test,en-uk_UA
1,en-uk_UA:::social:::114151944720213193,en-ar_EG:::social:::114151944720213193,test,en-uk_UA
1,en-uk_UA:::speech:::vid_3DI4-E5Imow,en-ar_EG:::speech:::vid_3DI4-E5Imow,test,en-uk_UA
1,en-uk_UA:::speech:::vid_GYfhGLrrDts,en-ar_EG:::speech:::vid_GYfhGLrrDts,test,en-uk_UA
1,en-uk_UA:::speech:::vid_M7v3ZfP4fm0,en-ar_EG:::speech:::vid_M7v3ZfP4fm0,test,en-uk_UA
1,en-uk_UA:::speech:::vid_P2a0lVGYDNo,en-cs_CZ:::speech:::vid_P2a0lVGYDNo,test,en-uk_UA
1,en-uk_UA:::speech:::vid_Si9CnnVI8sk,en-ar_EG:::speech:::vid_Si9CnnVI8sk,test,en-uk_UA
1,en-uk_UA:::speech:::vid_blR87HY5UPk,en-ar_EG:::speech:::vid_blR87HY5UPk,test,en-uk_UA
1,en-uk_UA:::speech:::vid_r-aI0JD0bCE,en-ar_EG:::speech:::vid_r-aI0JD0bCE,test,en-uk_UA
2,en-uk_UA:::literary:::rink_rats_chapter1,en-ja_JP:::literary:::rink_rats_chapter1,train,en-uk_UA
2,en-uk_UA:::news:::en.ndtv.com.357237,en-cs_CZ:::news:::en.ndtv.com.357237,train,en-uk_UA
2,en-uk_UA:::news:::guardian.231311,en-ar_EG:::news:::guardian.231311,train,en-uk_UA
2,en-uk_UA:::news:::newrepublic.com.12623,en-ar_EG:::news:::newrepublic.com.12623,train,en-uk_UA
2,en-uk_UA:::news:::nytimes.154208,en-ar_EG:::news:::nytimes.154208,train,en-uk_UA
2,en-uk_UA:::social:::114151944720213193,en-ar_EG:::social:::114151944720213193,train,en-uk_UA
2,en-uk_UA:::social:::114174389242714730,en-ar_EG:::social:::114174389242714730,train,en-uk_UA
2,en-uk_UA:::social:::114300646822630777,en-ar_EG:::social:::114300646822630777,train,en-uk_UA
2,en-uk_UA:::social:::114417630342798842,en-ar_EG:::social:::114417630342798842,train,en-uk_UA
2,en-uk_UA:::speech:::vid_3DI4-E5Imow,en-ar_EG:::speech:::vid_3DI4-E5Imow,train,en-uk_UA
2,en-uk_UA:::speech:::vid_3vpEaAjDgtI,en-ar_EG:::speech:::vid_3vpEaAjDgtI,train,en-uk_UA
2,en-uk_UA:::speech:::vid_6dP6bHX73_k,en-ar_EG:::speech:::vid_6dP6bHX73_k,train,en-uk_UA
2,en-uk_UA:::speech:::vid_7Aw4Q46omiM,en-ar_EG:::speech:::vid_7Aw4Q46omiM,train,en-uk_UA
2,en-uk_UA:::speech:::vid_GYfhGLrrDts,en-ar_EG:::speech:::vid_GYfhGLrrDts,train,en-uk_UA
2,en-uk_UA:::speech:::vid_HjRhgaz1xTI,en-et_EE:::speech:::vid_HjRhgaz1xTI,train,en-uk_UA
2,en-uk_UA:::speech:::vid_JIq55zBGNX4,en-ar_EG:::speech:::vid_JIq55zBGNX4,train,en-uk_UA
2,en-uk_UA:::speech:::vid_JpW9KlX1Pjs,en-ar_EG:::speech:::vid_JpW9KlX1Pjs,train,en-uk_UA
2,en-uk_UA:::speech:::vid_M7v3ZfP4fm0,en-ar_EG:::speech:::vid_M7v3ZfP4fm0,train,en-uk_UA
2,en-uk_UA:::speech:::vid_OmK3XTCDbbs,en-ar_EG:::speech:::vid_OmK3XTCDbbs,train,en-uk_UA
2,en-uk_UA:::speech:::vid_P2a0lVGYDNo,en-cs_CZ:::speech:::vid_P2a0lVGYDNo,train,en-uk_UA
2,en-uk_UA:::speech:::vid_Si9CnnVI8sk,en-ar_EG:::speech:::vid_Si9CnnVI8sk,train,en-uk_UA
2,en-uk_UA:::speech:::vid_VnlWOV5Oj1c,en-ar_EG:::speech:::vid_VnlWOV5Oj1c,train,en-uk_UA
2,en-uk_UA:::speech:::vid_YNQ_7eV3WcE,en-ar_EG:::speech:::vid_YNQ_7eV3WcE,train,en-uk_UA
2,en-uk_UA:::speech:::vid_YTxmx8hyJtA,en-ar_EG:::speech:::vid_YTxmx8hyJtA,train,en-uk_UA
2,en-uk_UA:::speech:::vid_mDjddYiHd7A,en-ar_EG:::speech:::vid_mDjddYiHd7A,train,en-uk_UA
2,en-uk_UA:::speech:::vid_nNjtLybPRjM,en-ar_EG:::speech:::vid_nNjtLybPRjM,train,en-uk_UA
2,en-uk_UA:::speech:::vid_nU09s4CuaRg,en-ar_EG:::speech:::vid_nU09s4CuaRg,train,en-uk_UA
2,en-uk_UA:::speech:::vid_ncokXMVuG5s,en-cs_CZ:::speech:::vid_ncokXMVuG5s,train,en-uk_UA
2,en-uk_UA:::speech:::vid_r-aI0JD0bCE,en-ar_EG:::speech:::vid_r-aI0JD0bCE,train,en-uk_UA
2,en-uk_UA:::speech:::vid_rU8nY03Lo5s,en-ar_EG:::speech:::vid_rU8nY03Lo5s,train,en-uk_UA
2,en-uk_UA:::speech:::vid_uB_fMAbhJwY,en-ar_EG:::speech:::vid_uB_fMAbhJwY,train,en-uk_UA
2,en-uk_UA:::speech:::vid_wTKg_pD9bHo,en-cs_CZ:::speech:::vid_wTKg_pD9bHo,train,en-uk_UA
2,en-uk_UA:::speech:::vid_x48axn9yc9k,en-bho_IN:::speech:::vid_x48axn9yc9k,train,en-uk_UA
2,en-uk_UA:::news:::newrepublic.com.12619,en-ar_EG:::news:::newrepublic.com.12619,validation,en-uk_UA
2,en-uk_UA:::news:::nytimes.153341,en-bho_IN:::news:::nytimes.153341,validation,en-uk_UA
2,en-uk_UA:::speech:::vid_JoTLTGv8kqA,en-ar_EG:::speech:::vid_JoTLTGv8kqA,validation,en-uk_UA
2,en-uk_UA:::speech:::vid_QgTkUWYd82M,en-ar_EG:::speech:::vid_QgTkUWYd82M,validation,en-uk_UA
2,en-uk_UA:::speech:::vid_Qu8m9h-AC0I,en-ar_EG:::speech:::vid_Qu8m9h-AC0I,validation,en-uk_UA
2,en-uk_UA:::speech:::vid_blR87HY5UPk,en-ar_EG:::speech:::vid_blR87HY5UPk,validation,en-uk_UA
2,en-uk_UA:::speech:::vid_n-mmxFdva4w,en-bho_IN:::speech:::vid_n-mmxFdva4w,validation,en-uk_UA
2,en-uk_UA:::speech:::vid_v2NNTNAXRWY,en-ar_EG:::speech:::vid_v2NNTNAXRWY,validation,en-uk_UA
2,en-uk_UA:::news:::guardian.228996,en-ar_EG:::news:::guardian.228996,test,en-uk_UA
2,en-uk_UA:::news:::guardian.229338,en-cs_CZ:::news:::guardian.229338,test,en-uk_UA
2,en-uk_UA:::news:::guardian.230737,en-bho_IN:::news:::guardian.230737,test,en-uk_UA
2,en-uk_UA:::social:::112502991207286008,en-ar_EG:::social:::112502991207286008,test,en-uk_UA
2,en-uk_UA:::social:::114220065940975488,en-it_IT:::social:::114220065940975488,test,en-uk_UA
2,en-uk_UA:::speech:::vid_27keISTaqYw,en-ar_EG:::speech:::vid_27keISTaqYw,test,en-uk_UA
2,en-uk_UA:::speech:::vid_8qZFupajBuo,en-ar_EG:::speech:::vid_8qZFupajBuo,test,en-uk_UA
2,en-uk_UA:::speech:::vid_Lb7Dhf7oo4Y,en-ar_EG:::speech:::vid_Lb7Dhf7oo4Y,test,en-uk_UA
2,en-uk_UA:::speech:::vid_RIjzeZ1xk1c,en-ar_EG:::speech:::vid_RIjzeZ1xk1c,test,en-uk_UA
2,en-uk_UA:::speech:::vid__S0GOwEJXUA,en-ar_EG:::speech:::vid__S0GOwEJXUA,test,en-uk_UA
2,en-uk_UA:::speech:::vid_qhwgP27R4xw,en-ar_EG:::speech:::vid_qhwgP27R4xw,test,en-uk_UA
3,en-uk_UA:::literary:::rink_rats_chapter1,en-ja_JP:::literary:::rink_rats_chapter1,train,en-uk_UA
3,en-uk_UA:::news:::guardian.228996,en-ar_EG:::news:::guardian.228996,train,en-uk_UA
3,en-uk_UA:::news:::guardian.229338,en-cs_CZ:::news:::guardian.229338,train,en-uk_UA
3,en-uk_UA:::news:::guardian.230737,en-bho_IN:::news:::guardian.230737,train,en-uk_UA
3,en-uk_UA:::news:::newrepublic.com.12623,en-ar_EG:::news:::newrepublic.com.12623,train,en-uk_UA
3,en-uk_UA:::news:::nytimes.153341,en-bho_IN:::news:::nytimes.153341,train,en-uk_UA
3,en-uk_UA:::social:::112502991207286008,en-ar_EG:::social:::112502991207286008,train,en-uk_UA
3,en-uk_UA:::social:::114174389242714730,en-ar_EG:::social:::114174389242714730,train,en-uk_UA
3,en-uk_UA:::social:::114220065940975488,en-it_IT:::social:::114220065940975488,train,en-uk_UA
3,en-uk_UA:::social:::114300646822630777,en-ar_EG:::social:::114300646822630777,train,en-uk_UA
3,en-uk_UA:::speech:::vid_27keISTaqYw,en-ar_EG:::speech:::vid_27keISTaqYw,train,en-uk_UA
3,en-uk_UA:::speech:::vid_3DI4-E5Imow,en-ar_EG:::speech:::vid_3DI4-E5Imow,train,en-uk_UA
3,en-uk_UA:::speech:::vid_3vpEaAjDgtI,en-ar_EG:::speech:::vid_3vpEaAjDgtI,train,en-uk_UA
3,en-uk_UA:::speech:::vid_6dP6bHX73_k,en-ar_EG:::speech:::vid_6dP6bHX73_k,train,en-uk_UA
3,en-uk_UA:::speech:::vid_8qZFupajBuo,en-ar_EG:::speech:::vid_8qZFupajBuo,train,en-uk_UA
3,en-uk_UA:::speech:::vid_JIq55zBGNX4,en-ar_EG:::speech:::vid_JIq55zBGNX4,train,en-uk_UA
3,en-uk_UA:::speech:::vid_JoTLTGv8kqA,en-ar_EG:::speech:::vid_JoTLTGv8kqA,train,en-uk_UA
3,en-uk_UA:::speech:::vid_Lb7Dhf7oo4Y,en-ar_EG:::speech:::vid_Lb7Dhf7oo4Y,train,en-uk_UA
3,en-uk_UA:::speech:::vid_OmK3XTCDbbs,en-ar_EG:::speech:::vid_OmK3XTCDbbs,train,en-uk_UA
3,en-uk_UA:::speech:::vid_P2a0lVGYDNo,en-cs_CZ:::speech:::vid_P2a0lVGYDNo,train,en-uk_UA
3,en-uk_UA:::speech:::vid_RIjzeZ1xk1c,en-ar_EG:::speech:::vid_RIjzeZ1xk1c,train,en-uk_UA
3,en-uk_UA:::speech:::vid_VnlWOV5Oj1c,en-ar_EG:::speech:::vid_VnlWOV5Oj1c,train,en-uk_UA
3,en-uk_UA:::speech:::vid_YNQ_7eV3WcE,en-ar_EG:::speech:::vid_YNQ_7eV3WcE,train,en-uk_UA
3,en-uk_UA:::speech:::vid_blR87HY5UPk,en-ar_EG:::speech:::vid_blR87HY5UPk,train,en-uk_UA
3,en-uk_UA:::speech:::vid_mDjddYiHd7A,en-ar_EG:::speech:::vid_mDjddYiHd7A,train,en-uk_UA
3,en-uk_UA:::speech:::vid_n-mmxFdva4w,en-bho_IN:::speech:::vid_n-mmxFdva4w,train,en-uk_UA
3,en-uk_UA:::speech:::vid_nNjtLybPRjM,en-ar_EG:::speech:::vid_nNjtLybPRjM,train,en-uk_UA
3,en-uk_UA:::speech:::vid_ncokXMVuG5s,en-cs_CZ:::speech:::vid_ncokXMVuG5s,train,en-uk_UA
3,en-uk_UA:::speech:::vid_qhwgP27R4xw,en-ar_EG:::speech:::vid_qhwgP27R4xw,train,en-uk_UA
3,en-uk_UA:::speech:::vid_r-aI0JD0bCE,en-ar_EG:::speech:::vid_r-aI0JD0bCE,train,en-uk_UA
3,en-uk_UA:::speech:::vid_rU8nY03Lo5s,en-ar_EG:::speech:::vid_rU8nY03Lo5s,train,en-uk_UA
3,en-uk_UA:::speech:::vid_uB_fMAbhJwY,en-ar_EG:::speech:::vid_uB_fMAbhJwY,train,en-uk_UA
3,en-uk_UA:::speech:::vid_wTKg_pD9bHo,en-cs_CZ:::speech:::vid_wTKg_pD9bHo,train,en-uk_UA
3,en-uk_UA:::speech:::vid_x48axn9yc9k,en-bho_IN:::speech:::vid_x48axn9yc9k,train,en-uk_UA
3,en-uk_UA:::news:::guardian.231311,en-ar_EG:::news:::guardian.231311,validation,en-uk_UA
3,en-uk_UA:::news:::newrepublic.com.12619,en-ar_EG:::news:::newrepublic.com.12619,validation,en-uk_UA
3,en-uk_UA:::social:::114151944720213193,en-ar_EG:::social:::114151944720213193,validation,en-uk_UA
3,en-uk_UA:::speech:::vid_GYfhGLrrDts,en-ar_EG:::speech:::vid_GYfhGLrrDts,validation,en-uk_UA
3,en-uk_UA:::speech:::vid_M7v3ZfP4fm0,en-ar_EG:::speech:::vid_M7v3ZfP4fm0,validation,en-uk_UA
3,en-uk_UA:::speech:::vid_QgTkUWYd82M,en-ar_EG:::speech:::vid_QgTkUWYd82M,validation,en-uk_UA
3,en-uk_UA:::speech:::vid_Si9CnnVI8sk,en-ar_EG:::speech:::vid_Si9CnnVI8sk,validation,en-uk_UA
3,en-uk_UA:::speech:::vid__S0GOwEJXUA,en-ar_EG:::speech:::vid__S0GOwEJXUA,validation,en-uk_UA
3,en-uk_UA:::news:::en.ndtv.com.357237,en-cs_CZ:::news:::en.ndtv.com.357237,test,en-uk_UA
3,en-uk_UA:::news:::nytimes.154208,en-ar_EG:::news:::nytimes.154208,test,en-uk_UA
3,en-uk_UA:::social:::114417630342798842,en-ar_EG:::social:::114417630342798842,test,en-uk_UA
3,en-uk_UA:::speech:::vid_7Aw4Q46omiM,en-ar_EG:::speech:::vid_7Aw4Q46omiM,test,en-uk_UA
3,en-uk_UA:::speech:::vid_HjRhgaz1xTI,en-et_EE:::speech:::vid_HjRhgaz1xTI,test,en-uk_UA
3,en-uk_UA:::speech:::vid_JpW9KlX1Pjs,en-ar_EG:::speech:::vid_JpW9KlX1Pjs,test,en-uk_UA
3,en-uk_UA:::speech:::vid_Qu8m9h-AC0I,en-ar_EG:::speech:::vid_Qu8m9h-AC0I,test,en-uk_UA
3,en-uk_UA:::speech:::vid_YTxmx8hyJtA,en-ar_EG:::speech:::vid_YTxmx8hyJtA,test,en-uk_UA
3,en-uk_UA:::speech:::vid_nU09s4CuaRg,en-ar_EG:::speech:::vid_nU09s4CuaRg,test,en-uk_UA
3,en-uk_UA:::speech:::vid_v2NNTNAXRWY,en-ar_EG:::speech:::vid_v2NNTNAXRWY,test,en-uk_UA
4,en-uk_UA:::literary:::rink_rats_chapter1,en-ja_JP:::literary:::rink_rats_chapter1,train,en-uk_UA
4,en-uk_UA:::news:::en.ndtv.com.357237,en-cs_CZ:::news:::en.ndtv.com.357237,train,en-uk_UA
4,en-uk_UA:::news:::guardian.228996,en-ar_EG:::news:::guardian.228996,train,en-uk_UA
4,en-uk_UA:::news:::guardian.229338,en-cs_CZ:::news:::guardian.229338,train,en-uk_UA
4,en-uk_UA:::news:::guardian.231311,en-ar_EG:::news:::guardian.231311,train,en-uk_UA
4,en-uk_UA:::news:::newrepublic.com.12619,en-ar_EG:::news:::newrepublic.com.12619,train,en-uk_UA
4,en-uk_UA:::news:::nytimes.153341,en-bho_IN:::news:::nytimes.153341,train,en-uk_UA
4,en-uk_UA:::news:::nytimes.154208,en-ar_EG:::news:::nytimes.154208,train,en-uk_UA
4,en-uk_UA:::social:::112502991207286008,en-ar_EG:::social:::112502991207286008,train,en-uk_UA
4,en-uk_UA:::social:::114151944720213193,en-ar_EG:::social:::114151944720213193,train,en-uk_UA
4,en-uk_UA:::social:::114174389242714730,en-ar_EG:::social:::114174389242714730,train,en-uk_UA
4,en-uk_UA:::social:::114220065940975488,en-it_IT:::social:::114220065940975488,train,en-uk_UA
4,en-uk_UA:::social:::114417630342798842,en-ar_EG:::social:::114417630342798842,train,en-uk_UA
4,en-uk_UA:::speech:::vid_27keISTaqYw,en-ar_EG:::speech:::vid_27keISTaqYw,train,en-uk_UA
4,en-uk_UA:::speech:::vid_3DI4-E5Imow,en-ar_EG:::speech:::vid_3DI4-E5Imow,train,en-uk_UA
4,en-uk_UA:::speech:::vid_3vpEaAjDgtI,en-ar_EG:::speech:::vid_3vpEaAjDgtI,train,en-uk_UA
4,en-uk_UA:::speech:::vid_GYfhGLrrDts,en-ar_EG:::speech:::vid_GYfhGLrrDts,train,en-uk_UA
4,en-uk_UA:::speech:::vid_HjRhgaz1xTI,en-et_EE:::speech:::vid_HjRhgaz1xTI,train,en-uk_UA
4,en-uk_UA:::speech:::vid_JIq55zBGNX4,en-ar_EG:::speech:::vid_JIq55zBGNX4,train,en-uk_UA
4,en-uk_UA:::speech:::vid_JpW9KlX1Pjs,en-ar_EG:::speech:::vid_JpW9KlX1Pjs,train,en-uk_UA
4,en-uk_UA:::speech:::vid_Lb7Dhf7oo4Y,en-ar_EG:::speech:::vid_Lb7Dhf7oo4Y,train,en-uk_UA
4,en-uk_UA:::speech:::vid_OmK3XTCDbbs,en-ar_EG:::speech:::vid_OmK3XTCDbbs,train,en-uk_UA
4,en-uk_UA:::speech:::vid_P2a0lVGYDNo,en-cs_CZ:::speech:::vid_P2a0lVGYDNo,train,en-uk_UA
4,en-uk_UA:::speech:::vid_Qu8m9h-AC0I,en-ar_EG:::speech:::vid_Qu8m9h-AC0I,train,en-uk_UA
4,en-uk_UA:::speech:::vid_RIjzeZ1xk1c,en-ar_EG:::speech:::vid_RIjzeZ1xk1c,train,en-uk_UA
4,en-uk_UA:::speech:::vid_VnlWOV5Oj1c,en-ar_EG:::speech:::vid_VnlWOV5Oj1c,train,en-uk_UA
4,en-uk_UA:::speech:::vid_YTxmx8hyJtA,en-ar_EG:::speech:::vid_YTxmx8hyJtA,train,en-uk_UA
4,en-uk_UA:::speech:::vid__S0GOwEJXUA,en-ar_EG:::speech:::vid__S0GOwEJXUA,train,en-uk_UA
4,en-uk_UA:::speech:::vid_blR87HY5UPk,en-ar_EG:::speech:::vid_blR87HY5UPk,train,en-uk_UA
4,en-uk_UA:::speech:::vid_mDjddYiHd7A,en-ar_EG:::speech:::vid_mDjddYiHd7A,train,en-uk_UA
4,en-uk_UA:::speech:::vid_n-mmxFdva4w,en-bho_IN:::speech:::vid_n-mmxFdva4w,train,en-uk_UA
4,en-uk_UA:::speech:::vid_ncokXMVuG5s,en-cs_CZ:::speech:::vid_ncokXMVuG5s,train,en-uk_UA
4,en-uk_UA:::speech:::vid_r-aI0JD0bCE,en-ar_EG:::speech:::vid_r-aI0JD0bCE,train,en-uk_UA
4,en-uk_UA:::speech:::vid_rU8nY03Lo5s,en-ar_EG:::speech:::vid_rU8nY03Lo5s,train,en-uk_UA
4,en-uk_UA:::news:::guardian.230737,en-bho_IN:::news:::guardian.230737,validation,en-uk_UA
4,en-uk_UA:::speech:::vid_7Aw4Q46omiM,en-ar_EG:::speech:::vid_7Aw4Q46omiM,validation,en-uk_UA
4,en-uk_UA:::speech:::vid_8qZFupajBuo,en-ar_EG:::speech:::vid_8qZFupajBuo,validation,en-uk_UA
4,en-uk_UA:::speech:::vid_M7v3ZfP4fm0,en-ar_EG:::speech:::vid_M7v3ZfP4fm0,validation,en-uk_UA
4,en-uk_UA:::speech:::vid_Si9CnnVI8sk,en-ar_EG:::speech:::vid_Si9CnnVI8sk,validation,en-uk_UA
4,en-uk_UA:::speech:::vid_nU09s4CuaRg,en-ar_EG:::speech:::vid_nU09s4CuaRg,validation,en-uk_UA
4,en-uk_UA:::speech:::vid_qhwgP27R4xw,en-ar_EG:::speech:::vid_qhwgP27R4xw,validation,en-uk_UA
4,en-uk_UA:::speech:::vid_v2NNTNAXRWY,en-ar_EG:::speech:::vid_v2NNTNAXRWY,validation,en-uk_UA
4,en-uk_UA:::news:::newrepublic.com.12623,en-ar_EG:::news:::newrepublic.com.12623,test,en-uk_UA
4,en-uk_UA:::social:::114300646822630777,en-ar_EG:::social:::114300646822630777,test,en-uk_UA
4,en-uk_UA:::speech:::vid_6dP6bHX73_k,en-ar_EG:::speech:::vid_6dP6bHX73_k,test,en-uk_UA
4,en-uk_UA:::speech:::vid_JoTLTGv8kqA,en-ar_EG:::speech:::vid_JoTLTGv8kqA,test,en-uk_UA
4,en-uk_UA:::speech:::vid_QgTkUWYd82M,en-ar_EG:::speech:::vid_QgTkUWYd82M,test,en-uk_UA
4,en-uk_UA:::speech:::vid_YNQ_7eV3WcE,en-ar_EG:::speech:::vid_YNQ_7eV3WcE,test,en-uk_UA
4,en-uk_UA:::speech:::vid_nNjtLybPRjM,en-ar_EG:::speech:::vid_nNjtLybPRjM,test,en-uk_UA
4,en-uk_UA:::speech:::vid_uB_fMAbhJwY,en-ar_EG:::speech:::vid_uB_fMAbhJwY,test,en-uk_UA
4,en-uk_UA:::speech:::vid_wTKg_pD9bHo,en-cs_CZ:::speech:::vid_wTKg_pD9bHo,test,en-uk_UA
4,en-uk_UA:::speech:::vid_x48axn9yc9k,en-bho_IN:::speech:::vid_x48axn9yc9k,test,en-uk_UA
5,en-uk_UA:::literary:::rink_rats_chapter1,en-ja_JP:::literary:::rink_rats_chapter1,train,en-uk_UA
5,en-uk_UA:::news:::en.ndtv.com.357237,en-cs_CZ:::news:::en.ndtv.com.357237,train,en-uk_UA
5,en-uk_UA:::news:::guardian.228996,en-ar_EG:::news:::guardian.228996,train,en-uk_UA
5,en-uk_UA:::news:::guardian.229338,en-cs_CZ:::news:::guardian.229338,train,en-uk_UA
5,en-uk_UA:::news:::guardian.230737,en-bho_IN:::news:::guardian.230737,train,en-uk_UA
5,en-uk_UA:::news:::newrepublic.com.12623,en-ar_EG:::news:::newrepublic.com.12623,train,en-uk_UA
5,en-uk_UA:::news:::nytimes.153341,en-bho_IN:::news:::nytimes.153341,train,en-uk_UA
5,en-uk_UA:::news:::nytimes.154208,en-ar_EG:::news:::nytimes.154208,train,en-uk_UA
5,en-uk_UA:::social:::112502991207286008,en-ar_EG:::social:::112502991207286008,train,en-uk_UA
5,en-uk_UA:::social:::114151944720213193,en-ar_EG:::social:::114151944720213193,train,en-uk_UA
5,en-uk_UA:::social:::114220065940975488,en-it_IT:::social:::114220065940975488,train,en-uk_UA
5,en-uk_UA:::social:::114300646822630777,en-ar_EG:::social:::114300646822630777,train,en-uk_UA
5,en-uk_UA:::speech:::vid_27keISTaqYw,en-ar_EG:::speech:::vid_27keISTaqYw,train,en-uk_UA
5,en-uk_UA:::speech:::vid_3DI4-E5Imow,en-ar_EG:::speech:::vid_3DI4-E5Imow,train,en-uk_UA
5,en-uk_UA:::speech:::vid_6dP6bHX73_k,en-ar_EG:::speech:::vid_6dP6bHX73_k,train,en-uk_UA
5,en-uk_UA:::speech:::vid_7Aw4Q46omiM,en-ar_EG:::speech:::vid_7Aw4Q46omiM,train,en-uk_UA
5,en-uk_UA:::speech:::vid_GYfhGLrrDts,en-ar_EG:::speech:::vid_GYfhGLrrDts,train,en-uk_UA
5,en-uk_UA:::speech:::vid_HjRhgaz1xTI,en-et_EE:::speech:::vid_HjRhgaz1xTI,train,en-uk_UA
5,en-uk_UA:::speech:::vid_JoTLTGv8kqA,en-ar_EG:::speech:::vid_JoTLTGv8kqA,train,en-uk_UA
5,en-uk_UA:::speech:::vid_JpW9KlX1Pjs,en-ar_EG:::speech:::vid_JpW9KlX1Pjs,train,en-uk_UA
5,en-uk_UA:::speech:::vid_M7v3ZfP4fm0,en-ar_EG:::speech:::vid_M7v3ZfP4fm0,train,en-uk_UA
5,en-uk_UA:::speech:::vid_P2a0lVGYDNo,en-cs_CZ:::speech:::vid_P2a0lVGYDNo,train,en-uk_UA
5,en-uk_UA:::speech:::vid_QgTkUWYd82M,en-ar_EG:::speech:::vid_QgTkUWYd82M,train,en-uk_UA
5,en-uk_UA:::speech:::vid_Qu8m9h-AC0I,en-ar_EG:::speech:::vid_Qu8m9h-AC0I,train,en-uk_UA
5,en-uk_UA:::speech:::vid_Si9CnnVI8sk,en-ar_EG:::speech:::vid_Si9CnnVI8sk,train,en-uk_UA
5,en-uk_UA:::speech:::vid_YNQ_7eV3WcE,en-ar_EG:::speech:::vid_YNQ_7eV3WcE,train,en-uk_UA
5,en-uk_UA:::speech:::vid_YTxmx8hyJtA,en-ar_EG:::speech:::vid_YTxmx8hyJtA,train,en-uk_UA
5,en-uk_UA:::speech:::vid_blR87HY5UPk,en-ar_EG:::speech:::vid_blR87HY5UPk,train,en-uk_UA
5,en-uk_UA:::speech:::vid_nNjtLybPRjM,en-ar_EG:::speech:::vid_nNjtLybPRjM,train,en-uk_UA
5,en-uk_UA:::speech:::vid_r-aI0JD0bCE,en-ar_EG:::speech:::vid_r-aI0JD0bCE,train,en-uk_UA
5,en-uk_UA:::speech:::vid_uB_fMAbhJwY,en-ar_EG:::speech:::vid_uB_fMAbhJwY,train,en-uk_UA
5,en-uk_UA:::speech:::vid_v2NNTNAXRWY,en-ar_EG:::speech:::vid_v2NNTNAXRWY,train,en-uk_UA
5,en-uk_UA:::speech:::vid_wTKg_pD9bHo,en-cs_CZ:::speech:::vid_wTKg_pD9bHo,train,en-uk_UA
5,en-uk_UA:::speech:::vid_x48axn9yc9k,en-bho_IN:::speech:::vid_x48axn9yc9k,train,en-uk_UA
5,en-uk_UA:::news:::guardian.231311,en-ar_EG:::news:::guardian.231311,validation,en-uk_UA
5,en-uk_UA:::social:::114417630342798842,en-ar_EG:::social:::114417630342798842,validation,en-uk_UA
5,en-uk_UA:::speech:::vid_8qZFupajBuo,en-ar_EG:::speech:::vid_8qZFupajBuo,validation,en-uk_UA
5,en-uk_UA:::speech:::vid_Lb7Dhf7oo4Y,en-ar_EG:::speech:::vid_Lb7Dhf7oo4Y,validation,en-uk_UA
5,en-uk_UA:::speech:::vid_RIjzeZ1xk1c,en-ar_EG:::speech:::vid_RIjzeZ1xk1c,validation,en-uk_UA
5,en-uk_UA:::speech:::vid__S0GOwEJXUA,en-ar_EG:::speech:::vid__S0GOwEJXUA,validation,en-uk_UA
5,en-uk_UA:::speech:::vid_nU09s4CuaRg,en-ar_EG:::speech:::vid_nU09s4CuaRg,validation,en-uk_UA
5,en-uk_UA:::speech:::vid_qhwgP27R4xw,en-ar_EG:::speech:::vid_qhwgP27R4xw,validation,en-uk_UA
5,en-uk_UA:::news:::newrepublic.com.12619,en-ar_EG:::news:::newrepublic.com.12619,test,en-uk_UA
5,en-uk_UA:::social:::114174389242714730,en-ar_EG:::social:::114174389242714730,test,en-uk_UA
5,en-uk_UA:::speech:::vid_3vpEaAjDgtI,en-ar_EG:::speech:::vid_3vpEaAjDgtI,test,en-uk_UA
5,en-uk_UA:::speech:::vid_JIq55zBGNX4,en-ar_EG:::speech:::vid_JIq55zBGNX4,test,en-uk_UA
5,en-uk_UA:::speech:::vid_OmK3XTCDbbs,en-ar_EG:::speech:::vid_OmK3XTCDbbs,test,en-uk_UA
5,en-uk_UA:::speech:::vid_VnlWOV5Oj1c,en-ar_EG:::speech:::vid_VnlWOV5Oj1c,test,en-uk_UA
5,en-uk_UA:::speech:::vid_mDjddYiHd7A,en-ar_EG:::speech:::vid_mDjddYiHd7A,test,en-uk_UA
5,en-uk_UA:::speech:::vid_n-mmxFdva4w,en-bho_IN:::speech:::vid_n-mmxFdva4w,test,en-uk_UA
5,en-uk_UA:::speech:::vid_ncokXMVuG5s,en-cs_CZ:::speech:::vid_ncokXMVuG5s,test,en-uk_UA
5,en-uk_UA:::speech:::vid_rU8nY03Lo5s,en-ar_EG:::speech:::vid_rU8nY03Lo5s,test,en-uk_UA
1,en-zh_CN:::news:::guardian.228996,en-ar_EG:::news:::guardian.228996,train,en-zh_CN
1,en-zh_CN:::news:::guardian.231311,en-ar_EG:::news:::guardian.231311,train,en-zh_CN
1,en-zh_CN:::news:::newrepublic.com.12619,en-ar_EG:::news:::newrepublic.com.12619,train,en-zh_CN
1,en-zh_CN:::news:::nytimes.153341,en-bho_IN:::news:::nytimes.153341,train,en-zh_CN
1,en-zh_CN:::social:::114157282362077575,en-bho_IN:::social:::114157282362077575,train,en-zh_CN
1,en-zh_CN:::social:::114174389242714730,en-ar_EG:::social:::114174389242714730,train,en-zh_CN
1,en-zh_CN:::social:::114220065940975488,en-it_IT:::social:::114220065940975488,train,en-zh_CN
1,en-zh_CN:::social:::114300646822630777,en-ar_EG:::social:::114300646822630777,train,en-zh_CN
1,en-zh_CN:::social:::114417630342798842,en-ar_EG:::social:::114417630342798842,train,en-zh_CN
1,en-zh_CN:::speech:::vid_27keISTaqYw,en-ar_EG:::speech:::vid_27keISTaqYw,train,en-zh_CN
1,en-zh_CN:::speech:::vid_3vpEaAjDgtI,en-ar_EG:::speech:::vid_3vpEaAjDgtI,train,en-zh_CN
1,en-zh_CN:::speech:::vid_8GpZT9TJJAw,en-ar_EG:::speech:::vid_8GpZT9TJJAw,train,en-zh_CN
1,en-zh_CN:::speech:::vid_GYfhGLrrDts,en-ar_EG:::speech:::vid_GYfhGLrrDts,train,en-zh_CN
1,en-zh_CN:::speech:::vid_HjRhgaz1xTI,en-et_EE:::speech:::vid_HjRhgaz1xTI,train,en-zh_CN
1,en-zh_CN:::speech:::vid_Kr2KbsdNHWs,en-cs_CZ:::speech:::vid_Kr2KbsdNHWs,train,en-zh_CN
1,en-zh_CN:::speech:::vid_Lb7Dhf7oo4Y,en-ar_EG:::speech:::vid_Lb7Dhf7oo4Y,train,en-zh_CN
1,en-zh_CN:::speech:::vid_OmK3XTCDbbs,en-ar_EG:::speech:::vid_OmK3XTCDbbs,train,en-zh_CN
1,en-zh_CN:::speech:::vid_QgTkUWYd82M,en-ar_EG:::speech:::vid_QgTkUWYd82M,train,en-zh_CN
1,en-zh_CN:::speech:::vid_Qu8m9h-AC0I,en-ar_EG:::speech:::vid_Qu8m9h-AC0I,train,en-zh_CN
1,en-zh_CN:::speech:::vid_YNQ_7eV3WcE,en-ar_EG:::speech:::vid_YNQ_7eV3WcE,train,en-zh_CN
1,en-zh_CN:::speech:::vid_YTxmx8hyJtA,en-ar_EG:::speech:::vid_YTxmx8hyJtA,train,en-zh_CN
1,en-zh_CN:::speech:::vid__S0GOwEJXUA,en-ar_EG:::speech:::vid__S0GOwEJXUA,train,en-zh_CN
1,en-zh_CN:::speech:::vid_blR87HY5UPk,en-ar_EG:::speech:::vid_blR87HY5UPk,train,en-zh_CN
1,en-zh_CN:::speech:::vid_fWRlPSl5itQ,en-bho_IN:::speech:::vid_fWRlPSl5itQ,train,en-zh_CN
1,en-zh_CN:::speech:::vid_n-mmxFdva4w,en-bho_IN:::speech:::vid_n-mmxFdva4w,train,en-zh_CN
1,en-zh_CN:::speech:::vid_nNjtLybPRjM,en-ar_EG:::speech:::vid_nNjtLybPRjM,train,en-zh_CN
1,en-zh_CN:::speech:::vid_nU09s4CuaRg,en-ar_EG:::speech:::vid_nU09s4CuaRg,train,en-zh_CN
1,en-zh_CN:::speech:::vid_ncokXMVuG5s,en-cs_CZ:::speech:::vid_ncokXMVuG5s,train,en-zh_CN
1,en-zh_CN:::speech:::vid_qhwgP27R4xw,en-ar_EG:::speech:::vid_qhwgP27R4xw,train,en-zh_CN
1,en-zh_CN:::speech:::vid_rU8nY03Lo5s,en-ar_EG:::speech:::vid_rU8nY03Lo5s,train,en-zh_CN
1,en-zh_CN:::speech:::vid_v2NNTNAXRWY,en-ar_EG:::speech:::vid_v2NNTNAXRWY,train,en-zh_CN
1,en-zh_CN:::speech:::vid_x48axn9yc9k,en-bho_IN:::speech:::vid_x48axn9yc9k,train,en-zh_CN
1,en-zh_CN:::news:::guardian.230737,en-bho_IN:::news:::guardian.230737,validation,en-zh_CN
1,en-zh_CN:::news:::guardian.231314,en-is_IS:::news:::guardian.231314,validation,en-zh_CN
1,en-zh_CN:::news:::newrepublic.com.12623,en-ar_EG:::news:::newrepublic.com.12623,validation,en-zh_CN
1,en-zh_CN:::speech:::vid_7Aw4Q46omiM,en-ar_EG:::speech:::vid_7Aw4Q46omiM,validation,en-zh_CN
1,en-zh_CN:::speech:::vid_BrC0v6K3H4I,en-ar_EG:::speech:::vid_BrC0v6K3H4I,validation,en-zh_CN
1,en-zh_CN:::speech:::vid_JIq55zBGNX4,en-ar_EG:::speech:::vid_JIq55zBGNX4,validation,en-zh_CN
1,en-zh_CN:::speech:::vid_JoTLTGv8kqA,en-ar_EG:::speech:::vid_JoTLTGv8kqA,validation,en-zh_CN
1,en-zh_CN:::speech:::vid_PJLN1kAzbyw,en-ar_EG:::speech:::vid_PJLN1kAzbyw,validation,en-zh_CN
1,en-zh_CN:::literary:::rink_rats_chapter1,en-ja_JP:::literary:::rink_rats_chapter1,test,en-zh_CN
1,en-zh_CN:::news:::brisbanetimes.com.au.306576,en-ar_EG:::news:::brisbanetimes.com.au.306576,test,en-zh_CN
1,en-zh_CN:::social:::112502991207286008,en-ar_EG:::social:::112502991207286008,test,en-zh_CN
1,en-zh_CN:::speech:::vid_3DI4-E5Imow,en-ar_EG:::speech:::vid_3DI4-E5Imow,test,en-zh_CN
1,en-zh_CN:::speech:::vid_8I8msBYGNR4,en-bho_IN:::speech:::vid_8I8msBYGNR4,test,en-zh_CN
1,en-zh_CN:::speech:::vid_Ft41IG2BAG8,en-ar_EG:::speech:::vid_Ft41IG2BAG8,test,en-zh_CN
1,en-zh_CN:::speech:::vid_M7v3ZfP4fm0,en-ar_EG:::speech:::vid_M7v3ZfP4fm0,test,en-zh_CN
1,en-zh_CN:::speech:::vid_P2a0lVGYDNo,en-cs_CZ:::speech:::vid_P2a0lVGYDNo,test,en-zh_CN
1,en-zh_CN:::speech:::vid_Si9CnnVI8sk,en-ar_EG:::speech:::vid_Si9CnnVI8sk,test,en-zh_CN
1,en-zh_CN:::speech:::vid_mDjddYiHd7A,en-ar_EG:::speech:::vid_mDjddYiHd7A,test,en-zh_CN
1,en-zh_CN:::speech:::vid_uB_fMAbhJwY,en-ar_EG:::speech:::vid_uB_fMAbhJwY,test,en-zh_CN
2,en-zh_CN:::literary:::rink_rats_chapter1,en-ja_JP:::literary:::rink_rats_chapter1,train,en-zh_CN
2,en-zh_CN:::news:::brisbanetimes.com.au.306576,en-ar_EG:::news:::brisbanetimes.com.au.306576,train,en-zh_CN
2,en-zh_CN:::news:::guardian.230737,en-bho_IN:::news:::guardian.230737,train,en-zh_CN
2,en-zh_CN:::news:::guardian.231311,en-ar_EG:::news:::guardian.231311,train,en-zh_CN
2,en-zh_CN:::news:::guardian.231314,en-is_IS:::news:::guardian.231314,train,en-zh_CN
2,en-zh_CN:::news:::newrepublic.com.12619,en-ar_EG:::news:::newrepublic.com.12619,train,en-zh_CN
2,en-zh_CN:::social:::112502991207286008,en-ar_EG:::social:::112502991207286008,train,en-zh_CN
2,en-zh_CN:::social:::114174389242714730,en-ar_EG:::social:::114174389242714730,train,en-zh_CN
2,en-zh_CN:::social:::114300646822630777,en-ar_EG:::social:::114300646822630777,train,en-zh_CN
2,en-zh_CN:::social:::114417630342798842,en-ar_EG:::social:::114417630342798842,train,en-zh_CN
2,en-zh_CN:::speech:::vid_3DI4-E5Imow,en-ar_EG:::speech:::vid_3DI4-E5Imow,train,en-zh_CN
2,en-zh_CN:::speech:::vid_3vpEaAjDgtI,en-ar_EG:::speech:::vid_3vpEaAjDgtI,train,en-zh_CN
2,en-zh_CN:::speech:::vid_7Aw4Q46omiM,en-ar_EG:::speech:::vid_7Aw4Q46omiM,train,en-zh_CN
2,en-zh_CN:::speech:::vid_8GpZT9TJJAw,en-ar_EG:::speech:::vid_8GpZT9TJJAw,train,en-zh_CN
2,en-zh_CN:::speech:::vid_Ft41IG2BAG8,en-ar_EG:::speech:::vid_Ft41IG2BAG8,train,en-zh_CN
2,en-zh_CN:::speech:::vid_GYfhGLrrDts,en-ar_EG:::speech:::vid_GYfhGLrrDts,train,en-zh_CN
2,en-zh_CN:::speech:::vid_HjRhgaz1xTI,en-et_EE:::speech:::vid_HjRhgaz1xTI,train,en-zh_CN
2,en-zh_CN:::speech:::vid_JoTLTGv8kqA,en-ar_EG:::speech:::vid_JoTLTGv8kqA,train,en-zh_CN
2,en-zh_CN:::speech:::vid_M7v3ZfP4fm0,en-ar_EG:::speech:::vid_M7v3ZfP4fm0,train,en-zh_CN
2,en-zh_CN:::speech:::vid_OmK3XTCDbbs,en-ar_EG:::speech:::vid_OmK3XTCDbbs,train,en-zh_CN
2,en-zh_CN:::speech:::vid_P2a0lVGYDNo,en-cs_CZ:::speech:::vid_P2a0lVGYDNo,train,en-zh_CN
2,en-zh_CN:::speech:::vid_Si9CnnVI8sk,en-ar_EG:::speech:::vid_Si9CnnVI8sk,train,en-zh_CN
2,en-zh_CN:::speech:::vid_YNQ_7eV3WcE,en-ar_EG:::speech:::vid_YNQ_7eV3WcE,train,en-zh_CN
2,en-zh_CN:::speech:::vid_YTxmx8hyJtA,en-ar_EG:::speech:::vid_YTxmx8hyJtA,train,en-zh_CN
2,en-zh_CN:::speech:::vid__S0GOwEJXUA,en-ar_EG:::speech:::vid__S0GOwEJXUA,train,en-zh_CN
2,en-zh_CN:::speech:::vid_n-mmxFdva4w,en-bho_IN:::speech:::vid_n-mmxFdva4w,train,en-zh_CN
2,en-zh_CN:::speech:::vid_nNjtLybPRjM,en-ar_EG:::speech:::vid_nNjtLybPRjM,train,en-zh_CN
2,en-zh_CN:::speech:::vid_nU09s4CuaRg,en-ar_EG:::speech:::vid_nU09s4CuaRg,train,en-zh_CN
2,en-zh_CN:::speech:::vid_ncokXMVuG5s,en-cs_CZ:::speech:::vid_ncokXMVuG5s,train,en-zh_CN
2,en-zh_CN:::speech:::vid_qhwgP27R4xw,en-ar_EG:::speech:::vid_qhwgP27R4xw,train,en-zh_CN
2,en-zh_CN:::speech:::vid_uB_fMAbhJwY,en-ar_EG:::speech:::vid_uB_fMAbhJwY,train,en-zh_CN
2,en-zh_CN:::speech:::vid_v2NNTNAXRWY,en-ar_EG:::speech:::vid_v2NNTNAXRWY,train,en-zh_CN
2,en-zh_CN:::speech:::vid_x48axn9yc9k,en-bho_IN:::speech:::vid_x48axn9yc9k,train,en-zh_CN
2,en-zh_CN:::news:::guardian.228996,en-ar_EG:::news:::guardian.228996,validation,en-zh_CN
2,en-zh_CN:::news:::nytimes.153341,en-bho_IN:::news:::nytimes.153341,validation,en-zh_CN
2,en-zh_CN:::speech:::vid_8I8msBYGNR4,en-bho_IN:::speech:::vid_8I8msBYGNR4,validation,en-zh_CN
2,en-zh_CN:::speech:::vid_JIq55zBGNX4,en-ar_EG:::speech:::vid_JIq55zBGNX4,validation,en-zh_CN
2,en-zh_CN:::speech:::vid_PJLN1kAzbyw,en-ar_EG:::speech:::vid_PJLN1kAzbyw,validation,en-zh_CN
2,en-zh_CN:::speech:::vid_QgTkUWYd82M,en-ar_EG:::speech:::vid_QgTkUWYd82M,validation,en-zh_CN
2,en-zh_CN:::speech:::vid_fWRlPSl5itQ,en-bho_IN:::speech:::vid_fWRlPSl5itQ,validation,en-zh_CN
2,en-zh_CN:::speech:::vid_mDjddYiHd7A,en-ar_EG:::speech:::vid_mDjddYiHd7A,validation,en-zh_CN
2,en-zh_CN:::news:::newrepublic.com.12623,en-ar_EG:::news:::newrepublic.com.12623,test,en-zh_CN
2,en-zh_CN:::social:::114157282362077575,en-bho_IN:::social:::114157282362077575,test,en-zh_CN
2,en-zh_CN:::social:::114220065940975488,en-it_IT:::social:::114220065940975488,test,en-zh_CN
2,en-zh_CN:::speech:::vid_27keISTaqYw,en-ar_EG:::speech:::vid_27keISTaqYw,test,en-zh_CN
2,en-zh_CN:::speech:::vid_BrC0v6K3H4I,en-ar_EG:::speech:::vid_BrC0v6K3H4I,test,en-zh_CN
2,en-zh_CN:::speech:::vid_Kr2KbsdNHWs,en-cs_CZ:::speech:::vid_Kr2KbsdNHWs,test,en-zh_CN
2,en-zh_CN:::speech:::vid_Lb7Dhf7oo4Y,en-ar_EG:::speech:::vid_Lb7Dhf7oo4Y,test,en-zh_CN
2,en-zh_CN:::speech:::vid_Qu8m9h-AC0I,en-ar_EG:::speech:::vid_Qu8m9h-AC0I,test,en-zh_CN
2,en-zh_CN:::speech:::vid_blR87HY5UPk,en-ar_EG:::speech:::vid_blR87HY5UPk,test,en-zh_CN
2,en-zh_CN:::speech:::vid_rU8nY03Lo5s,en-ar_EG:::speech:::vid_rU8nY03Lo5s,test,en-zh_CN
3,en-zh_CN:::literary:::rink_rats_chapter1,en-ja_JP:::literary:::rink_rats_chapter1,train,en-zh_CN
3,en-zh_CN:::news:::brisbanetimes.com.au.306576,en-ar_EG:::news:::brisbanetimes.com.au.306576,train,en-zh_CN
3,en-zh_CN:::news:::newrepublic.com.12623,en-ar_EG:::news:::newrepublic.com.12623,train,en-zh_CN
3,en-zh_CN:::social:::112502991207286008,en-ar_EG:::social:::112502991207286008,train,en-zh_CN
3,en-zh_CN:::social:::114157282362077575,en-bho_IN:::social:::114157282362077575,train,en-zh_CN
3,en-zh_CN:::social:::114220065940975488,en-it_IT:::social:::114220065940975488,train,en-zh_CN
3,en-zh_CN:::social:::114300646822630777,en-ar_EG:::social:::114300646822630777,train,en-zh_CN
3,en-zh_CN:::speech:::vid_27keISTaqYw,en-ar_EG:::speech:::vid_27keISTaqYw,train,en-zh_CN
3,en-zh_CN:::speech:::vid_3DI4-E5Imow,en-ar_EG:::speech:::vid_3DI4-E5Imow,train,en-zh_CN
3,en-zh_CN:::speech:::vid_3vpEaAjDgtI,en-ar_EG:::speech:::vid_3vpEaAjDgtI,train,en-zh_CN
3,en-zh_CN:::speech:::vid_7Aw4Q46omiM,en-ar_EG:::speech:::vid_7Aw4Q46omiM,train,en-zh_CN
3,en-zh_CN:::speech:::vid_8I8msBYGNR4,en-bho_IN:::speech:::vid_8I8msBYGNR4,train,en-zh_CN
3,en-zh_CN:::speech:::vid_BrC0v6K3H4I,en-ar_EG:::speech:::vid_BrC0v6K3H4I,train,en-zh_CN
3,en-zh_CN:::speech:::vid_Ft41IG2BAG8,en-ar_EG:::speech:::vid_Ft41IG2BAG8,train,en-zh_CN
3,en-zh_CN:::speech:::vid_HjRhgaz1xTI,en-et_EE:::speech:::vid_HjRhgaz1xTI,train,en-zh_CN
3,en-zh_CN:::speech:::vid_JIq55zBGNX4,en-ar_EG:::speech:::vid_JIq55zBGNX4,train,en-zh_CN
3,en-zh_CN:::speech:::vid_Kr2KbsdNHWs,en-cs_CZ:::speech:::vid_Kr2KbsdNHWs,train,en-zh_CN
3,en-zh_CN:::speech:::vid_M7v3ZfP4fm0,en-ar_EG:::speech:::vid_M7v3ZfP4fm0,train,en-zh_CN
3,en-zh_CN:::speech:::vid_P2a0lVGYDNo,en-cs_CZ:::speech:::vid_P2a0lVGYDNo,train,en-zh_CN
3,en-zh_CN:::speech:::vid_PJLN1kAzbyw,en-ar_EG:::speech:::vid_PJLN1kAzbyw,train,en-zh_CN
3,en-zh_CN:::speech:::vid_Qu8m9h-AC0I,en-ar_EG:::speech:::vid_Qu8m9h-AC0I,train,en-zh_CN
3,en-zh_CN:::speech:::vid_YNQ_7eV3WcE,en-ar_EG:::speech:::vid_YNQ_7eV3WcE,train,en-zh_CN
3,en-zh_CN:::speech:::vid_YTxmx8hyJtA,en-ar_EG:::speech:::vid_YTxmx8hyJtA,train,en-zh_CN
3,en-zh_CN:::speech:::vid_blR87HY5UPk,en-ar_EG:::speech:::vid_blR87HY5UPk,train,en-zh_CN
3,en-zh_CN:::speech:::vid_fWRlPSl5itQ,en-bho_IN:::speech:::vid_fWRlPSl5itQ,train,en-zh_CN
3,en-zh_CN:::speech:::vid_mDjddYiHd7A,en-ar_EG:::speech:::vid_mDjddYiHd7A,train,en-zh_CN
3,en-zh_CN:::speech:::vid_n-mmxFdva4w,en-bho_IN:::speech:::vid_n-mmxFdva4w,train,en-zh_CN
3,en-zh_CN:::speech:::vid_nNjtLybPRjM,en-ar_EG:::speech:::vid_nNjtLybPRjM,train,en-zh_CN
3,en-zh_CN:::speech:::vid_nU09s4CuaRg,en-ar_EG:::speech:::vid_nU09s4CuaRg,train,en-zh_CN
3,en-zh_CN:::speech:::vid_ncokXMVuG5s,en-cs_CZ:::speech:::vid_ncokXMVuG5s,train,en-zh_CN
3,en-zh_CN:::speech:::vid_rU8nY03Lo5s,en-ar_EG:::speech:::vid_rU8nY03Lo5s,train,en-zh_CN
3,en-zh_CN:::speech:::vid_uB_fMAbhJwY,en-ar_EG:::speech:::vid_uB_fMAbhJwY,train,en-zh_CN
3,en-zh_CN:::speech:::vid_v2NNTNAXRWY,en-ar_EG:::speech:::vid_v2NNTNAXRWY,train,en-zh_CN
3,en-zh_CN:::news:::guardian.228996,en-ar_EG:::news:::guardian.228996,validation,en-zh_CN
3,en-zh_CN:::news:::guardian.230737,en-bho_IN:::news:::guardian.230737,validation,en-zh_CN
3,en-zh_CN:::news:::guardian.231311,en-ar_EG:::news:::guardian.231311,validation,en-zh_CN
3,en-zh_CN:::social:::114174389242714730,en-ar_EG:::social:::114174389242714730,validation,en-zh_CN
3,en-zh_CN:::speech:::vid_GYfhGLrrDts,en-ar_EG:::speech:::vid_GYfhGLrrDts,validation,en-zh_CN
3,en-zh_CN:::speech:::vid_Lb7Dhf7oo4Y,en-ar_EG:::speech:::vid_Lb7Dhf7oo4Y,validation,en-zh_CN
3,en-zh_CN:::speech:::vid_OmK3XTCDbbs,en-ar_EG:::speech:::vid_OmK3XTCDbbs,validation,en-zh_CN
3,en-zh_CN:::speech:::vid_Si9CnnVI8sk,en-ar_EG:::speech:::vid_Si9CnnVI8sk,validation,en-zh_CN
3,en-zh_CN:::news:::guardian.231314,en-is_IS:::news:::guardian.231314,test,en-zh_CN
3,en-zh_CN:::news:::newrepublic.com.12619,en-ar_EG:::news:::newrepublic.com.12619,test,en-zh_CN
3,en-zh_CN:::news:::nytimes.153341,en-bho_IN:::news:::nytimes.153341,test,en-zh_CN
3,en-zh_CN:::social:::114417630342798842,en-ar_EG:::social:::114417630342798842,test,en-zh_CN
3,en-zh_CN:::speech:::vid_8GpZT9TJJAw,en-ar_EG:::speech:::vid_8GpZT9TJJAw,test,en-zh_CN
3,en-zh_CN:::speech:::vid_JoTLTGv8kqA,en-ar_EG:::speech:::vid_JoTLTGv8kqA,test,en-zh_CN
3,en-zh_CN:::speech:::vid_QgTkUWYd82M,en-ar_EG:::speech:::vid_QgTkUWYd82M,test,en-zh_CN
3,en-zh_CN:::speech:::vid__S0GOwEJXUA,en-ar_EG:::speech:::vid__S0GOwEJXUA,test,en-zh_CN
3,en-zh_CN:::speech:::vid_qhwgP27R4xw,en-ar_EG:::speech:::vid_qhwgP27R4xw,test,en-zh_CN
3,en-zh_CN:::speech:::vid_x48axn9yc9k,en-bho_IN:::speech:::vid_x48axn9yc9k,test,en-zh_CN
4,en-zh_CN:::literary:::rink_rats_chapter1,en-ja_JP:::literary:::rink_rats_chapter1,train,en-zh_CN
4,en-zh_CN:::news:::brisbanetimes.com.au.306576,en-ar_EG:::news:::brisbanetimes.com.au.306576,train,en-zh_CN
4,en-zh_CN:::news:::guardian.228996,en-ar_EG:::news:::guardian.228996,train,en-zh_CN
4,en-zh_CN:::news:::guardian.231314,en-is_IS:::news:::guardian.231314,train,en-zh_CN
4,en-zh_CN:::news:::newrepublic.com.12619,en-ar_EG:::news:::newrepublic.com.12619,train,en-zh_CN
4,en-zh_CN:::news:::newrepublic.com.12623,en-ar_EG:::news:::newrepublic.com.12623,train,en-zh_CN
4,en-zh_CN:::news:::nytimes.153341,en-bho_IN:::news:::nytimes.153341,train,en-zh_CN
4,en-zh_CN:::social:::112502991207286008,en-ar_EG:::social:::112502991207286008,train,en-zh_CN
4,en-zh_CN:::social:::114174389242714730,en-ar_EG:::social:::114174389242714730,train,en-zh_CN
4,en-zh_CN:::social:::114220065940975488,en-it_IT:::social:::114220065940975488,train,en-zh_CN
4,en-zh_CN:::social:::114417630342798842,en-ar_EG:::social:::114417630342798842,train,en-zh_CN
4,en-zh_CN:::speech:::vid_27keISTaqYw,en-ar_EG:::speech:::vid_27keISTaqYw,train,en-zh_CN
4,en-zh_CN:::speech:::vid_3DI4-E5Imow,en-ar_EG:::speech:::vid_3DI4-E5Imow,train,en-zh_CN
4,en-zh_CN:::speech:::vid_3vpEaAjDgtI,en-ar_EG:::speech:::vid_3vpEaAjDgtI,train,en-zh_CN
4,en-zh_CN:::speech:::vid_8GpZT9TJJAw,en-ar_EG:::speech:::vid_8GpZT9TJJAw,train,en-zh_CN
4,en-zh_CN:::speech:::vid_8I8msBYGNR4,en-bho_IN:::speech:::vid_8I8msBYGNR4,train,en-zh_CN
4,en-zh_CN:::speech:::vid_GYfhGLrrDts,en-ar_EG:::speech:::vid_GYfhGLrrDts,train,en-zh_CN
4,en-zh_CN:::speech:::vid_JoTLTGv8kqA,en-ar_EG:::speech:::vid_JoTLTGv8kqA,train,en-zh_CN
4,en-zh_CN:::speech:::vid_Kr2KbsdNHWs,en-cs_CZ:::speech:::vid_Kr2KbsdNHWs,train,en-zh_CN
4,en-zh_CN:::speech:::vid_Lb7Dhf7oo4Y,en-ar_EG:::speech:::vid_Lb7Dhf7oo4Y,train,en-zh_CN
4,en-zh_CN:::speech:::vid_M7v3ZfP4fm0,en-ar_EG:::speech:::vid_M7v3ZfP4fm0,train,en-zh_CN
4,en-zh_CN:::speech:::vid_P2a0lVGYDNo,en-cs_CZ:::speech:::vid_P2a0lVGYDNo,train,en-zh_CN
4,en-zh_CN:::speech:::vid_QgTkUWYd82M,en-ar_EG:::speech:::vid_QgTkUWYd82M,train,en-zh_CN
4,en-zh_CN:::speech:::vid_Qu8m9h-AC0I,en-ar_EG:::speech:::vid_Qu8m9h-AC0I,train,en-zh_CN
4,en-zh_CN:::speech:::vid_Si9CnnVI8sk,en-ar_EG:::speech:::vid_Si9CnnVI8sk,train,en-zh_CN
4,en-zh_CN:::speech:::vid__S0GOwEJXUA,en-ar_EG:::speech:::vid__S0GOwEJXUA,train,en-zh_CN
4,en-zh_CN:::speech:::vid_blR87HY5UPk,en-ar_EG:::speech:::vid_blR87HY5UPk,train,en-zh_CN
4,en-zh_CN:::speech:::vid_fWRlPSl5itQ,en-bho_IN:::speech:::vid_fWRlPSl5itQ,train,en-zh_CN
4,en-zh_CN:::speech:::vid_mDjddYiHd7A,en-ar_EG:::speech:::vid_mDjddYiHd7A,train,en-zh_CN
4,en-zh_CN:::speech:::vid_nNjtLybPRjM,en-ar_EG:::speech:::vid_nNjtLybPRjM,train,en-zh_CN
4,en-zh_CN:::speech:::vid_ncokXMVuG5s,en-cs_CZ:::speech:::vid_ncokXMVuG5s,train,en-zh_CN
4,en-zh_CN:::speech:::vid_v2NNTNAXRWY,en-ar_EG:::speech:::vid_v2NNTNAXRWY,train,en-zh_CN
4,en-zh_CN:::speech:::vid_x48axn9yc9k,en-bho_IN:::speech:::vid_x48axn9yc9k,train,en-zh_CN
4,en-zh_CN:::social:::114157282362077575,en-bho_IN:::social:::114157282362077575,validation,en-zh_CN
4,en-zh_CN:::speech:::vid_BrC0v6K3H4I,en-ar_EG:::speech:::vid_BrC0v6K3H4I,validation,en-zh_CN
4,en-zh_CN:::speech:::vid_Ft41IG2BAG8,en-ar_EG:::speech:::vid_Ft41IG2BAG8,validation,en-zh_CN
4,en-zh_CN:::speech:::vid_OmK3XTCDbbs,en-ar_EG:::speech:::vid_OmK3XTCDbbs,validation,en-zh_CN
4,en-zh_CN:::speech:::vid_YNQ_7eV3WcE,en-ar_EG:::speech:::vid_YNQ_7eV3WcE,validation,en-zh_CN
4,en-zh_CN:::speech:::vid_qhwgP27R4xw,en-ar_EG:::speech:::vid_qhwgP27R4xw,validation,en-zh_CN
4,en-zh_CN:::speech:::vid_rU8nY03Lo5s,en-ar_EG:::speech:::vid_rU8nY03Lo5s,validation,en-zh_CN
4,en-zh_CN:::speech:::vid_uB_fMAbhJwY,en-ar_EG:::speech:::vid_uB_fMAbhJwY,validation,en-zh_CN
4,en-zh_CN:::news:::guardian.230737,en-bho_IN:::news:::guardian.230737,test,en-zh_CN
4,en-zh_CN:::news:::guardian.231311,en-ar_EG:::news:::guardian.231311,test,en-zh_CN
4,en-zh_CN:::social:::114300646822630777,en-ar_EG:::social:::114300646822630777,test,en-zh_CN
4,en-zh_CN:::speech:::vid_7Aw4Q46omiM,en-ar_EG:::speech:::vid_7Aw4Q46omiM,test,en-zh_CN
4,en-zh_CN:::speech:::vid_HjRhgaz1xTI,en-et_EE:::speech:::vid_HjRhgaz1xTI,test,en-zh_CN
4,en-zh_CN:::speech:::vid_JIq55zBGNX4,en-ar_EG:::speech:::vid_JIq55zBGNX4,test,en-zh_CN
4,en-zh_CN:::speech:::vid_PJLN1kAzbyw,en-ar_EG:::speech:::vid_PJLN1kAzbyw,test,en-zh_CN
4,en-zh_CN:::speech:::vid_YTxmx8hyJtA,en-ar_EG:::speech:::vid_YTxmx8hyJtA,test,en-zh_CN
4,en-zh_CN:::speech:::vid_n-mmxFdva4w,en-bho_IN:::speech:::vid_n-mmxFdva4w,test,en-zh_CN
4,en-zh_CN:::speech:::vid_nU09s4CuaRg,en-ar_EG:::speech:::vid_nU09s4CuaRg,test,en-zh_CN
5,en-zh_CN:::literary:::rink_rats_chapter1,en-ja_JP:::literary:::rink_rats_chapter1,train,en-zh_CN
5,en-zh_CN:::news:::brisbanetimes.com.au.306576,en-ar_EG:::news:::brisbanetimes.com.au.306576,train,en-zh_CN
5,en-zh_CN:::news:::guardian.230737,en-bho_IN:::news:::guardian.230737,train,en-zh_CN
5,en-zh_CN:::news:::guardian.231314,en-is_IS:::news:::guardian.231314,train,en-zh_CN
5,en-zh_CN:::news:::newrepublic.com.12619,en-ar_EG:::news:::newrepublic.com.12619,train,en-zh_CN
5,en-zh_CN:::news:::newrepublic.com.12623,en-ar_EG:::news:::newrepublic.com.12623,train,en-zh_CN
5,en-zh_CN:::news:::nytimes.153341,en-bho_IN:::news:::nytimes.153341,train,en-zh_CN
5,en-zh_CN:::social:::112502991207286008,en-ar_EG:::social:::112502991207286008,train,en-zh_CN
5,en-zh_CN:::social:::114157282362077575,en-bho_IN:::social:::114157282362077575,train,en-zh_CN
5,en-zh_CN:::social:::114220065940975488,en-it_IT:::social:::114220065940975488,train,en-zh_CN
5,en-zh_CN:::social:::114300646822630777,en-ar_EG:::social:::114300646822630777,train,en-zh_CN
5,en-zh_CN:::social:::114417630342798842,en-ar_EG:::social:::114417630342798842,train,en-zh_CN
5,en-zh_CN:::speech:::vid_3DI4-E5Imow,en-ar_EG:::speech:::vid_3DI4-E5Imow,train,en-zh_CN
5,en-zh_CN:::speech:::vid_7Aw4Q46omiM,en-ar_EG:::speech:::vid_7Aw4Q46omiM,train,en-zh_CN
5,en-zh_CN:::speech:::vid_8GpZT9TJJAw,en-ar_EG:::speech:::vid_8GpZT9TJJAw,train,en-zh_CN
5,en-zh_CN:::speech:::vid_8I8msBYGNR4,en-bho_IN:::speech:::vid_8I8msBYGNR4,train,en-zh_CN
5,en-zh_CN:::speech:::vid_BrC0v6K3H4I,en-ar_EG:::speech:::vid_BrC0v6K3H4I,train,en-zh_CN
5,en-zh_CN:::speech:::vid_HjRhgaz1xTI,en-et_EE:::speech:::vid_HjRhgaz1xTI,train,en-zh_CN
5,en-zh_CN:::speech:::vid_JIq55zBGNX4,en-ar_EG:::speech:::vid_JIq55zBGNX4,train,en-zh_CN
5,en-zh_CN:::speech:::vid_JoTLTGv8kqA,en-ar_EG:::speech:::vid_JoTLTGv8kqA,train,en-zh_CN
5,en-zh_CN:::speech:::vid_Kr2KbsdNHWs,en-cs_CZ:::speech:::vid_Kr2KbsdNHWs,train,en-zh_CN
5,en-zh_CN:::speech:::vid_M7v3ZfP4fm0,en-ar_EG:::speech:::vid_M7v3ZfP4fm0,train,en-zh_CN
5,en-zh_CN:::speech:::vid_P2a0lVGYDNo,en-cs_CZ:::speech:::vid_P2a0lVGYDNo,train,en-zh_CN
5,en-zh_CN:::speech:::vid_PJLN1kAzbyw,en-ar_EG:::speech:::vid_PJLN1kAzbyw,train,en-zh_CN
5,en-zh_CN:::speech:::vid_QgTkUWYd82M,en-ar_EG:::speech:::vid_QgTkUWYd82M,train,en-zh_CN
5,en-zh_CN:::speech:::vid_YTxmx8hyJtA,en-ar_EG:::speech:::vid_YTxmx8hyJtA,train,en-zh_CN
5,en-zh_CN:::speech:::vid_blR87HY5UPk,en-ar_EG:::speech:::vid_blR87HY5UPk,train,en-zh_CN
5,en-zh_CN:::speech:::vid_mDjddYiHd7A,en-ar_EG:::speech:::vid_mDjddYiHd7A,train,en-zh_CN
5,en-zh_CN:::speech:::vid_n-mmxFdva4w,en-bho_IN:::speech:::vid_n-mmxFdva4w,train,en-zh_CN
5,en-zh_CN:::speech:::vid_qhwgP27R4xw,en-ar_EG:::speech:::vid_qhwgP27R4xw,train,en-zh_CN
5,en-zh_CN:::speech:::vid_rU8nY03Lo5s,en-ar_EG:::speech:::vid_rU8nY03Lo5s,train,en-zh_CN
5,en-zh_CN:::speech:::vid_uB_fMAbhJwY,en-ar_EG:::speech:::vid_uB_fMAbhJwY,train,en-zh_CN
5,en-zh_CN:::speech:::vid_x48axn9yc9k,en-bho_IN:::speech:::vid_x48axn9yc9k,train,en-zh_CN
5,en-zh_CN:::news:::guardian.231311,en-ar_EG:::news:::guardian.231311,validation,en-zh_CN
5,en-zh_CN:::speech:::vid_27keISTaqYw,en-ar_EG:::speech:::vid_27keISTaqYw,validation,en-zh_CN
5,en-zh_CN:::speech:::vid_Ft41IG2BAG8,en-ar_EG:::speech:::vid_Ft41IG2BAG8,validation,en-zh_CN
5,en-zh_CN:::speech:::vid_Lb7Dhf7oo4Y,en-ar_EG:::speech:::vid_Lb7Dhf7oo4Y,validation,en-zh_CN
5,en-zh_CN:::speech:::vid_Qu8m9h-AC0I,en-ar_EG:::speech:::vid_Qu8m9h-AC0I,validation,en-zh_CN
5,en-zh_CN:::speech:::vid_Si9CnnVI8sk,en-ar_EG:::speech:::vid_Si9CnnVI8sk,validation,en-zh_CN
5,en-zh_CN:::speech:::vid__S0GOwEJXUA,en-ar_EG:::speech:::vid__S0GOwEJXUA,validation,en-zh_CN
5,en-zh_CN:::speech:::vid_nU09s4CuaRg,en-ar_EG:::speech:::vid_nU09s4CuaRg,validation,en-zh_CN
5,en-zh_CN:::news:::guardian.228996,en-ar_EG:::news:::guardian.228996,test,en-zh_CN
5,en-zh_CN:::social:::114174389242714730,en-ar_EG:::social:::114174389242714730,test,en-zh_CN
5,en-zh_CN:::speech:::vid_3vpEaAjDgtI,en-ar_EG:::speech:::vid_3vpEaAjDgtI,test,en-zh_CN
5,en-zh_CN:::speech:::vid_GYfhGLrrDts,en-ar_EG:::speech:::vid_GYfhGLrrDts,test,en-zh_CN
5,en-zh_CN:::speech:::vid_OmK3XTCDbbs,en-ar_EG:::speech:::vid_OmK3XTCDbbs,test,en-zh_CN
5,en-zh_CN:::speech:::vid_YNQ_7eV3WcE,en-ar_EG:::speech:::vid_YNQ_7eV3WcE,test,en-zh_CN
5,en-zh_CN:::speech:::vid_fWRlPSl5itQ,en-bho_IN:::speech:::vid_fWRlPSl5itQ,test,en-zh_CN
5,en-zh_CN:::speech:::vid_nNjtLybPRjM,en-ar_EG:::speech:::vid_nNjtLybPRjM,test,en-zh_CN
5,en-zh_CN:::speech:::vid_ncokXMVuG5s,en-cs_CZ:::speech:::vid_ncokXMVuG5s,test,en-zh_CN
5,en-zh_CN:::speech:::vid_v2NNTNAXRWY,en-ar_EG:::speech:::vid_v2NNTNAXRWY,test,en-zh_CN
