experiment_scope,doc_group_id,leakage_group_id,fold,split
en_bho_cv,en-bho_IN:::literary:::rink_rats_chapter2,en-ar_EG:::literary:::rink_rats_chapter2,fold_1,outer_test
en_bho_cv,en-bho_IN:::news:::brisbanetimes.com.au.306576,en-ar_EG:::news:::brisbanetimes.com.au.306576,fold_1,outer_train
en_bho_cv,en-bho_IN:::news:::guardian.228996,en-ar_EG:::news:::guardian.228996,fold_1,outer_train
en_bho_cv,en-bho_IN:::news:::guardian.229703,en-ar_EG:::news:::guardian.229703,fold_1,outer_train
en_bho_cv,en-bho_IN:::news:::guardian.230737,en-bho_IN:::news:::guardian.230737,fold_1,outer_train
en_bho_cv,en-bho_IN:::news:::guardian.231311,en-ar_EG:::news:::guardian.231311,fold_1,outer_train
en_bho_cv,en-bho_IN:::news:::newrepublic.com.12619,en-ar_EG:::news:::newrepublic.com.12619,fold_1,outer_train
en_bho_cv,en-bho_IN:::news:::newrepublic.com.12623,en-ar_EG:::news:::newrepublic.com.12623,fold_1,outer_train
en_bho_cv,en-bho_IN:::news:::nytimes.153341,en-bho_IN:::news:::nytimes.153341,fold_1,outer_train
en_bho_cv,en-bho_IN:::social:::112502991207286008,en-ar_EG:::social:::112502991207286008,fold_1,outer_train
en_bho_cv,en-bho_IN:::social:::114151944720213193,en-ar_EG:::social:::114151944720213193,fold_1,outer_train
en_bho_cv,en-bho_IN:::social:::114157282362077575,en-bho_IN:::social:::114157282362077575,fold_1,outer_train
en_bho_cv,en-bho_IN:::social:::114174389242714730,en-ar_EG:::social:::114174389242714730,fold_1,outer_train
en_bho_cv,en-bho_IN:::social:::114300646822630777,en-ar_EG:::social:::114300646822630777,fold_1,outer_train
en_bho_cv,en-bho_IN:::social:::114417630342798842,en-ar_EG:::social:::114417630342798842,fold_1,outer_train
en_bho_cv,en-bho_IN:::speech:::vid_27keISTaqYw,en-ar_EG:::speech:::vid_27keISTaqYw,fold_1,outer_train
en_bho_cv,en-bho_IN:::speech:::vid_2cLeDVfEqG4,en-ar_EG:::speech:::vid_2cLeDVfEqG4,fold_1,outer_train
en_bho_cv,en-bho_IN:::speech:::vid_2qWfOH69wGU,en-bho_IN:::speech:::vid_2qWfOH69wGU,fold_1,outer_train
en_bho_cv,en-bho_IN:::speech:::vid_3DI4-E5Imow,en-ar_EG:::speech:::vid_3DI4-E5Imow,fold_1,outer_train
en_bho_cv,en-bho_IN:::speech:::vid_3vpEaAjDgtI,en-ar_EG:::speech:::vid_3vpEaAjDgtI,fold_1,outer_train
en_bho_cv,en-bho_IN:::speech:::vid_6dP6bHX73_k,en-ar_EG:::speech:::vid_6dP6bHX73_k,fold_1,outer_train
en_bho_cv,en-bho_IN:::speech:::vid_7Aw4Q46omiM,en-ar_EG:::speech:::vid_7Aw4Q46omiM,fold_1,outer_train
en_bho_cv,en-bho_IN:::speech:::vid_8GpZT9TJJAw,en-ar_EG:::speech:::vid_8GpZT9TJJAw,fold_1,outer_train
en_bho_cv,en-bho_IN:::speech:::vid_8I8msBYGNR4,en-bho_IN:::speech:::vid_8I8msBYGNR4,fold_1,outer_train
en_bho_cv,en-bho_IN:::speech:::vid_8qZFupajBuo,en-ar_EG:::speech:::vid_8qZFupajBuo,fold_1,outer_train
en_bho_cv,en-bho_IN:::speech:::vid_AJlp_obQgq8,en-bho_IN:::speech:::vid_AJlp_obQgq8,fold_1,outer_train
en_bho_cv,en-bho_IN:::speech:::vid_BuaGgQdFI-o,en-bho_IN:::speech:::vid_BuaGgQdFI-o,fold_1,outer_train
en_bho_cv,en-bho_IN:::speech:::vid_GYfhGLrrDts,en-ar_EG:::speech:::vid_GYfhGLrrDts,fold_1,outer_train
en_bho_cv,en-bho_IN:::speech:::vid_JIq55zBGNX4,en-ar_EG:::speech:::vid_JIq55zBGNX4,fold_1,outer_train
en_bho_cv,en-bho_IN:::speech:::vid_JoTLTGv8kqA,en-ar_EG:::speech:::vid_JoTLTGv8kqA,fold_1,outer_train
en_bho_cv,en-bho_IN:::speech:::vid_JpW9KlX1Pjs,en-ar_EG:::speech:::vid_JpW9KlX1Pjs,fold_1,outer_train
en_bho_cv,en-bho_IN:::speech:::vid_Lb7Dhf7oo4Y,en-ar_EG:::speech:::vid_Lb7Dhf7oo4Y,fold_1,outer_train
en_bho_cv,en-bho_IN:::speech:::vid_M7v3ZfP4fm0,en-ar_EG:::speech:::vid_M7v3ZfP4fm0,fold_1,outer_train
en_bho_cv,en-bho_IN:::speech:::vid_MK9b8_2DwLY,en-bho_IN:::speech:::vid_MK9b8_2DwLY,fold_1,outer_train
en_bho_cv,en-bho_IN:::speech:::vid_OXHLjswiGeI,en-bho_IN:::speech:::vid_OXHLjswiGeI,fold_1,outer_train
en_bho_cv,en-bho_IN:::speech:::vid_OmK3XTCDbbs,en-ar_EG:::speech:::vid_OmK3XTCDbbs,fold_1,outer_train
en_bho_cv,en-bho_IN:::speech:::vid_PJLN1kAzbyw,en-ar_EG:::speech:::vid_PJLN1kAzbyw,fold_1,outer_train
en_bho_cv,en-bho_IN:::speech:::vid_Qu8m9h-AC0I,en-ar_EG:::speech:::vid_Qu8m9h-AC0I,fold_1,outer_train
en_bho_cv,en-bho_IN:::speech:::vid_RIjzeZ1xk1c,en-ar_EG:::speech:::vid_RIjzeZ1xk1c,fold_1,outer_train
en_bho_cv,en-bho_IN:::speech:::vid_YTxmx8hyJtA,en-ar_EG:::speech:::vid_YTxmx8hyJtA,fold_1,outer_train
en_bho_cv,en-bho_IN:::speech:::vid__S0GOwEJXUA,en-ar_EG:::speech:::vid__S0GOwEJXUA,fold_1,outer_train
en_bho_cv,en-bho_IN:::speech:::vid_fWRlPSl5itQ,en-bho_IN:::speech:::vid_fWRlPSl5itQ,fold_1,outer_train
en_bho_cv,en-bho_IN:::speech:::vid_mDjddYiHd7A,en-ar_EG:::speech:::vid_mDjddYiHd7A,fold_1,outer_train
en_bho_cv,en-bho_IN:::speech:::vid_n-mmxFdva4w,en-bho_IN:::speech:::vid_n-mmxFdva4w,fold_1,outer_train
en_bho_cv,en-bho_IN:::speech:::vid_nNjtLybPRjM,en-ar_EG:::speech:::vid_nNjtLybPRjM,fold_1,outer_train
en_bho_cv,en-bho_IN:::speech:::vid_qhwgP27R4xw,en-ar_EG:::speech:::vid_qhwgP27R4xw,fold_1,outer_train
en_bho_cv,en-bho_IN:::speech:::vid_rU8nY03Lo5s,en-ar_EG:::speech:::vid_rU8nY03Lo5s,fold_1,outer_train
en_bho_cv,en-bho_IN:::speech:::vid_u2JNW0Ftyzg,en-bho_IN:::speech:::vid_u2JNW0Ftyzg,fold_1,outer_train
en_bho_cv,en-bho_IN:::speech:::vid_v2NNTNAXRWY,en-ar_EG:::speech:::vid_v2NNTNAXRWY,fold_1,outer_train
en_bho_cv,en-bho_IN:::speech:::vid_x48axn9yc9k,en-bho_IN:::speech:::vid_x48axn9yc9k,fold_1,outer_train
en_bho_cv,en-bho_IN:::literary:::rink_rats_chapter2,en-ar_EG:::literary:::rink_rats_chapter2,fold_2,outer_train
en_bho_cv,en-bho_IN:::news:::brisbanetimes.com.au.306576,en-ar_EG:::news:::brisbanetimes.com.au.306576,fold_2,outer_train
en_bho_cv,en-bho_IN:::news:::guardian.228996,en-ar_EG:::news:::guardian.228996,fold_2,outer_train
en_bho_cv,en-bho_IN:::news:::guardian.229703,en-ar_EG:::news:::guardian.229703,fold_2,outer_train
en_bho_cv,en-bho_IN:::news:::guardian.230737,en-bho_IN:::news:::guardian.230737,fold_2,outer_train
en_bho_cv,en-bho_IN:::news:::guardian.231311,en-ar_EG:::news:::guardian.231311,fold_2,outer_train
en_bho_cv,en-bho_IN:::news:::newrepublic.com.12619,en-ar_EG:::news:::newrepublic.com.12619,fold_2,outer_train
en_bho_cv,en-bho_IN:::news:::newrepublic.com.12623,en-ar_EG:::news:::newrepublic.com.12623,fold_2,outer_train
en_bho_cv,en-bho_IN:::news:::nytimes.153341,en-bho_IN:::news:::nytimes.153341,fold_2,outer_test
en_bho_cv,en-bho_IN:::social:::112502991207286008,en-ar_EG:::social:::112502991207286008,fold_2,outer_train
en_bho_cv,en-bho_IN:::social:::114151944720213193,en-ar_EG:::social:::114151944720213193,fold_2,outer_train
en_bho_cv,en-bho_IN:::social:::114157282362077575,en-bho_IN:::social:::114157282362077575,fold_2,outer_test
en_bho_cv,en-bho_IN:::social:::114174389242714730,en-ar_EG:::social:::114174389242714730,fold_2,outer_train
en_bho_cv,en-bho_IN:::social:::114300646822630777,en-ar_EG:::social:::114300646822630777,fold_2,outer_train
en_bho_cv,en-bho_IN:::social:::114417630342798842,en-ar_EG:::social:::114417630342798842,fold_2,outer_test
en_bho_cv,en-bho_IN:::speech:::vid_27keISTaqYw,en-ar_EG:::speech:::vid_27keISTaqYw,fold_2,outer_train
en_bho_cv,en-bho_IN:::speech:::vid_2cLeDVfEqG4,en-ar_EG:::speech:::vid_2cLeDVfEqG4,fold_2,outer_train
en_bho_cv,en-bho_IN:::speech:::vid_2qWfOH69wGU,en-bho_IN:::speech:::vid_2qWfOH69wGU,fold_2,outer_train
en_bho_cv,en-bho_IN:::speech:::vid_3DI4-E5Imow,en-ar_EG:::speech:::vid_3DI4-E5Imow,fold_2,outer_test
en_bho_cv,en-bho_IN:::speech:::vid_3vpEaAjDgtI,en-ar_EG:::speech:::vid_3vpEaAjDgtI,fold_2,outer_train
en_bho_cv,en-bho_IN:::speech:::vid_6dP6bHX73_k,en-ar_EG:::speech:::vid_6dP6bHX73_k,fold_2,outer_train
en_bho_cv,en-bho_IN:::speech:::vid_7Aw4Q46omiM,en-ar_EG:::speech:::vid_7Aw4Q46omiM,fold_2,outer_train
en_bho_cv,en-bho_IN:::speech:::vid_8GpZT9TJJAw,en-ar_EG:::speech:::vid_8GpZT9TJJAw,fold_2,outer_train
en_bho_cv,en-bho_IN:::speech:::vid_8I8msBYGNR4,en-bho_IN:::speech:::vid_8I8msBYGNR4,fold_2,outer_train
en_bho_cv,en-bho_IN:::speech:::vid_8qZFupajBuo,en-ar_EG:::speech:::vid_8qZFupajBuo,fold_2,outer_test
en_bho_cv,en-bho_IN:::speech:::vid_AJlp_obQgq8,en-bho_IN:::speech:::vid_AJlp_obQgq8,fold_2,outer_test
en_bho_cv,en-bho_IN:::speech:::vid_BuaGgQdFI-o,en-bho_IN:::speech:::vid_BuaGgQdFI-o,fold_2,outer_test
en_bho_cv,en-bho_IN:::speech:::vid_GYfhGLrrDts,en-ar_EG:::speech:::vid_GYfhGLrrDts,fold_2,outer_test
en_bho_cv,en-bho_IN:::speech:::vid_JIq55zBGNX4,en-ar_EG:::speech:::vid_JIq55zBGNX4,fold_2,outer_train
en_bho_cv,en-bho_IN:::speech:::vid_JoTLTGv8kqA,en-ar_EG:::speech:::vid_JoTLTGv8kqA,fold_2,outer_train
en_bho_cv,en-bho_IN:::speech:::vid_JpW9KlX1Pjs,en-ar_EG:::speech:::vid_JpW9KlX1Pjs,fold_2,outer_train
en_bho_cv,en-bho_IN:::speech:::vid_Lb7Dhf7oo4Y,en-ar_EG:::speech:::vid_Lb7Dhf7oo4Y,fold_2,outer_train
en_bho_cv,en-bho_IN:::speech:::vid_M7v3ZfP4fm0,en-ar_EG:::speech:::vid_M7v3ZfP4fm0,fold_2,outer_train
en_bho_cv,en-bho_IN:::speech:::vid_MK9b8_2DwLY,en-bho_IN:::speech:::vid_MK9b8_2DwLY,fold_2,outer_test
en_bho_cv,en-bho_IN:::speech:::vid_OXHLjswiGeI,en-bho_IN:::speech:::vid_OXHLjswiGeI,fold_2,outer_train
en_bho_cv,en-bho_IN:::speech:::vid_OmK3XTCDbbs,en-ar_EG:::speech:::vid_OmK3XTCDbbs,fold_2,outer_train
en_bho_cv,en-bho_IN:::speech:::vid_PJLN1kAzbyw,en-ar_EG:::speech:::vid_PJLN1kAzbyw,fold_2,outer_train
en_bho_cv,en-bho_IN:::speech:::vid_Qu8m9h-AC0I,en-ar_EG:::speech:::vid_Qu8m9h-AC0I,fold_2,outer_train
en_bho_cv,en-bho_IN:::speech:::vid_RIjzeZ1xk1c,en-ar_EG:::speech:::vid_RIjzeZ1xk1c,fold_2,outer_train
en_bho_cv,en-bho_IN:::speech:::vid_YTxmx8hyJtA,en-ar_EG:::speech:::vid_YTxmx8hyJtA,fold_2,outer_train
en_bho_cv,en-bho_IN:::speech:::vid__S0GOwEJXUA,en-ar_EG:::speech:::vid__S0GOwEJXUA,fold_2,outer_train
en_bho_cv,en-bho_IN:::speech:::vid_fWRlPSl5itQ,en-bho_IN:::speech:::vid_fWRlPSl5itQ,fold_2,outer_train
en_bho_cv,en-bho_IN:::speech:::vid_mDjddYiHd7A,en-ar_EG:::speech:::vid_mDjddYiHd7A,fold_2,outer_train
en_bho_cv,en-bho_IN:::speech:::vid_n-mmxFdva4w,en-bho_IN:::speech:::vid_n-mmxFdva4w,fold_2,outer_train
en_bho_cv,en-bho_IN:::speech:::vid_nNjtLybPRjM,en-ar_EG:::speech:::vid_nNjtLybPRjM,fold_2,outer_train
en_bho_cv,en-bho_IN:::speech:::vid_qhwgP27R4xw,en-ar_EG:::speech:::vid_qhwgP27R4xw,fold_2,outer_train
en_bho_cv,en-bho_IN:::speech:::vid_rU8nY03Lo5s,en-ar_EG:::speech:::vid_rU8nY03Lo5s,fold_2,outer_test
en_bho_cv,en-bho_IN:::speech:::vid_u2JNW0Ftyzg,en-bho_IN:::speech:::vid_u2JNW0Ftyzg,fold_2,outer_train
en_bho_cv,en-bho_IN:::speech:::vid_v2NNTNAXRWY,en-ar_EG:::speech:::vid_v2NNTNAXRWY,fold_2,outer_train
en_bho_cv,en-bho_IN:::speech:::vid_x48axn9yc9k,en-bho_IN:::speech:::vid_x48axn9yc9k,fold_2,outer_train
en_bho_cv,en-bho_IN:::literary:::rink_rats_chapter2,en-ar_EG:::literary:::rink_rats_chapter2,fold_3,outer_train
en_bho_cv,en-bho_IN:::news:::brisbanetimes.com.au.306576,en-ar_EG:::news:::brisbanetimes.com.au.306576,fold_3,outer_train
en_bho_cv,en-bho_IN:::news:::guardian.228996,en-ar_EG:::news:::guardian.228996,fold_3,outer_train
en_bho_cv,en-bho_IN:::news:::guardian.229703,en-ar_EG:::news:::guardian.229703,fold_3,outer_train
en_bho_cv,en-bho_IN:::news:::guardian.230737,en-bho_IN:::news:::guardian.230737,fold_3,outer_test
en_bho_cv,en-bho_IN:::news:::guardian.231311,en-ar_EG:::news:::guardian.231311,fold_3,outer_train
en_bho_cv,en-bho_IN:::news:::newrepublic.com.12619,en-ar_EG:::news:::newrepublic.com.12619,fold_3,outer_train
en_bho_cv,en-bho_IN:::news:::newrepublic.com.12623,en-ar_EG:::news:::newrepublic.com.12623,fold_3,outer_test
en_bho_cv,en-bho_IN:::news:::nytimes.153341,en-bho_IN:::news:::nytimes.153341,fold_3,outer_train
en_bho_cv,en-bho_IN:::social:::112502991207286008,en-ar_EG:::social:::112502991207286008,fold_3,outer_test
en_bho_cv,en-bho_IN:::social:::114151944720213193,en-ar_EG:::social:::114151944720213193,fold_3,outer_train
en_bho_cv,en-bho_IN:::social:::114157282362077575,en-bho_IN:::social:::114157282362077575,fold_3,outer_train
en_bho_cv,en-bho_IN:::social:::114174389242714730,en-ar_EG:::social:::114174389242714730,fold_3,outer_train
en_bho_cv,en-bho_IN:::social:::114300646822630777,en-ar_EG:::social:::114300646822630777,fold_3,outer_test
en_bho_cv,en-bho_IN:::social:::114417630342798842,en-ar_EG:::social:::114417630342798842,fold_3,outer_train
en_bho_cv,en-bho_IN:::speech:::vid_27keISTaqYw,en-ar_EG:::speech:::vid_27keISTaqYw,fold_3,outer_test
en_bho_cv,en-bho_IN:::speech:::vid_2cLeDVfEqG4,en-ar_EG:::speech:::vid_2cLeDVfEqG4,fold_3,outer_train
en_bho_cv,en-bho_IN:::speech:::vid_2qWfOH69wGU,en-bho_IN:::speech:::vid_2qWfOH69wGU,fold_3,outer_train
en_bho_cv,en-bho_IN:::speech:::vid_3DI4-E5Imow,en-ar_EG:::speech:::vid_3DI4-E5Imow,fold_3,outer_train
en_bho_cv,en-bho_IN:::speech:::vid_3vpEaAjDgtI,en-ar_EG:::speech:::vid_3vpEaAjDgtI,fold_3,outer_train
en_bho_cv,en-bho_IN:::speech:::vid_6dP6bHX73_k,en-ar_EG:::speech:::vid_6dP6bHX73_k,fold_3,outer_train
en_bho_cv,en-bho_IN:::speech:::vid_7Aw4Q46omiM,en-ar_EG:::speech:::vid_7Aw4Q46omiM,fold_3,outer_train
en_bho_cv,en-bho_IN:::speech:::vid_8GpZT9TJJAw,en-ar_EG:::speech:::vid_8GpZT9TJJAw,fold_3,outer_train
en_bho_cv,en-bho_IN:::speech:::vid_8I8msBYGNR4,en-bho_IN:::speech:::vid_8I8msBYGNR4,fold_3,outer_train
en_bho_cv,en-bho_IN:::speech:::vid_8qZFupajBuo,en-ar_EG:::speech:::vid_8qZFupajBuo,fold_3,outer_train
en_bho_cv,en-bho_IN:::speech:::vid_AJlp_obQgq8,en-bho_IN:::speech:::vid_AJlp_obQgq8,fold_3,outer_train
en_bho_cv,en-bho_IN:::speech:::vid_BuaGgQdFI-o,en-bho_IN:::speech:::vid_BuaGgQdFI-o,fold_3,outer_train
en_bho_cv,en-bho_IN:::speech:::vid_GYfhGLrrDts,en-ar_EG:::speech:::vid_GYfhGLrrDts,fold_3,outer_train
en_bho_cv,en-bho_IN:::speech:::vid_JIq55zBGNX4,en-ar_EG:::speech:::vid_JIq55zBGNX4,fold_3,outer_test
en_bho_cv,en-bho_IN:::speech:::vid_JoTLTGv8kqA,en-ar_EG:::speech:::vid_JoTLTGv8kqA,fold_3,outer_test
en_bho_cv,en-bho_IN:::speech:::vid_JpW9KlX1Pjs,en-ar_EG:::speech:::vid_JpW9KlX1Pjs,fold_3,outer_train
en_bho_cv,en-bho_IN:::speech:::vid_Lb7Dhf7oo4Y,en-ar_EG:::speech:::vid_Lb7Dhf7oo4Y,fold_3,outer_train
en_bho_cv,en-bho_IN:::speech:::vid_M7v3ZfP4fm0,en-ar_EG:::speech:::vid_M7v3ZfP4fm0,fold_3,outer_test
en_bho_cv,en-bho_IN:::speech:::vid_MK9b8_2DwLY,en-bho_IN:::speech:::vid_MK9b8_2DwLY,fold_3,outer_train
en_bho_cv,en-bho_IN:::speech:::vid_OXHLjswiGeI,en-bho_IN:::speech:::vid_OXHLjswiGeI,fold_3,outer_train
en_bho_cv,en-bho_IN:::speech:::vid_OmK3XTCDbbs,en-ar_EG:::speech:::vid_OmK3XTCDbbs,fold_3,outer_train
en_bho_cv,en-bho_IN:::speech:::vid_PJLN1kAzbyw,en-ar_EG:::speech:::vid_PJLN1kAzbyw,fold_3,outer_train
en_bho_cv,en-bho_IN:::speech:::vid_Qu8m9h-AC0I,en-ar_EG:::speech:::vid_Qu8m9h-AC0I,fold_3,outer_train
en_bho_cv,en-bho_IN:::speech:::vid_RIjzeZ1xk1c,en-ar_EG:::speech:::vid_RIjzeZ1xk1c,fold_3,outer_train
en_bho_cv,en-bho_IN:::speech:::vid_YTxmx8hyJtA,en-ar_EG:::speech:::vid_YTxmx8hyJtA,fold_3,outer_test
en_bho_cv,en-bho_IN:::speech:::vid__S0GOwEJXUA,en-ar_EG:::speech:::vid__S0GOwEJXUA,fold_3,outer_train
en_bho_cv,en-bho_IN:::speech:::vid_fWRlPSl5itQ,en-bho_IN:::speech:::vid_fWRlPSl5itQ,fold_3,outer_test
en_bho_cv,en-bho_IN:::speech:::vid_mDjddYiHd7A,en-ar_EG:::speech:::vid_mDjddYiHd7A,fold_3,outer_train
en_bho_cv,en-bho_IN:::speech:::vid_n-mmxFdva4w,en-bho_IN:::speech:::vid_n-mmxFdva4w,fold_3,outer_train
en_bho_cv,en-bho_IN:::speech:::vid_nNjtLybPRjM,en-ar_EG:::speech:::vid_nNjtLybPRjM,fold_3,outer_train
en_bho_cv,en-bho_IN:::speech:::vid_qhwgP27R4xw,en-ar_EG:::speech:::vid_qhwgP27R4xw,fold_3,outer_train
en_bho_cv,en-bho_IN:::speech:::vid_rU8nY03Lo5s,en-ar_EG:::speech:::vid_rU8nY03Lo5s,fold_3,outer_train
en_bho_cv,en-bho_IN:::speech:::vid_u2JNW0Ftyzg,en-bho_IN:::speech:::vid_u2JNW0Ftyzg,fold_3,outer_test
en_bho_cv,en-bho_IN:::speech:::vid_v2NNTNAXRWY,en-ar_EG:::speech:::vid_v2NNTNAXRWY,fold_3,outer_test
en_bho_cv,en-bho_IN:::speech:::vid_x48axn9yc9k,en-bho_IN:::speech:::vid_x48axn9yc9k,fold_3,outer_test
en_bho_cv,en-bho_IN:::literary:::rink_rats_chapter2,en-ar_EG:::literary:::rink_rats_chapter2,fold_4,outer_train
en_bho_cv,en-bho_IN:::news:::brisbanetimes.com.au.306576,en-ar_EG:::news:::brisbanetimes.com.au.306576,fold_4,outer_test
en_bho_cv,en-bho_IN:::news:::guardian.228996,en-ar_EG:::news:::guardian.228996,fold_4,outer_train
en_bho_cv,en-bho_IN:::news:::guardian.229703,en-ar_EG:::news:::guardian.229703,fold_4,outer_test
en_bho_cv,en-bho_IN:::news:::guardian.230737,en-bho_IN:::news:::guardian.230737,fold_4,outer_train
en_bho_cv,en-bho_IN:::news:::guardian.231311,en-ar_EG:::news:::guardian.231311,fold_4,outer_train
en_bho_cv,en-bho_IN:::news:::newrepublic.com.12619,en-ar_EG:::news:::newrepublic.com.12619,fold_4,outer_test
en_bho_cv,en-bho_IN:::news:::newrepublic.com.12623,en-ar_EG:::news:::newrepublic.com.12623,fold_4,outer_train
en_bho_cv,en-bho_IN:::news:::nytimes.153341,en-bho_IN:::news:::nytimes.153341,fold_4,outer_train
en_bho_cv,en-bho_IN:::social:::112502991207286008,en-ar_EG:::social:::112502991207286008,fold_4,outer_train
en_bho_cv,en-bho_IN:::social:::114151944720213193,en-ar_EG:::social:::114151944720213193,fold_4,outer_train
en_bho_cv,en-bho_IN:::social:::114157282362077575,en-bho_IN:::social:::114157282362077575,fold_4,outer_train
en_bho_cv,en-bho_IN:::social:::114174389242714730,en-ar_EG:::social:::114174389242714730,fold_4,outer_test
en_bho_cv,en-bho_IN:::social:::114300646822630777,en-ar_EG:::social:::114300646822630777,fold_4,outer_train
en_bho_cv,en-bho_IN:::social:::114417630342798842,en-ar_EG:::social:::114417630342798842,fold_4,outer_train
en_bho_cv,en-bho_IN:::speech:::vid_27keISTaqYw,en-ar_EG:::speech:::vid_27keISTaqYw,fold_4,outer_train
en_bho_cv,en-bho_IN:::speech:::vid_2cLeDVfEqG4,en-ar_EG:::speech:::vid_2cLeDVfEqG4,fold_4,outer_train
en_bho_cv,en-bho_IN:::speech:::vid_2qWfOH69wGU,en-bho_IN:::speech:::vid_2qWfOH69wGU,fold_4,outer_train
en_bho_cv,en-bho_IN:::speech:::vid_3DI4-E5Imow,en-ar_EG:::speech:::vid_3DI4-E5Imow,fold_4,outer_train
en_bho_cv,en-bho_IN:::speech:::vid_3vpEaAjDgtI,en-ar_EG:::speech:::vid_3vpEaAjDgtI,fold_4,outer_test
en_bho_cv,en-bho_IN:::speech:::vid_6dP6bHX73_k,en-ar_EG:::speech:::vid_6dP6bHX73_k,fold_4,outer_train
en_bho_cv,en-bho_IN:::speech:::vid_7Aw4Q46omiM,en-ar_EG:::speech:::vid_7Aw4Q46omiM,fold_4,outer_test
en_bho_cv,en-bho_IN:::speech:::vid_8GpZT9TJJAw,en-ar_EG:::speech:::vid_8GpZT9TJJAw,fold_4,outer_test
en_bho_cv,en-bho_IN:::speech:::vid_8I8msBYGNR4,en-bho_IN:::speech:::vid_8I8msBYGNR4,fold_4,outer_test
en_bho_cv,en-bho_IN:::speech:::vid_8qZFupajBuo,en-ar_EG:::speech:::vid_8qZFupajBuo,fold_4,outer_train
en_bho_cv,en-bho_IN:::speech:::vid_AJlp_obQgq8,en-bho_IN:::speech:::vid_AJlp_obQgq8,fold_4,outer_train
en_bho_cv,en-bho_IN:::speech:::vid_BuaGgQdFI-o,en-bho_IN:::speech:::vid_BuaGgQdFI-o,fold_4,outer_train
en_bho_cv,en-bho_IN:::speech:::vid_GYfhGLrrDts,en-ar_EG:::speech:::vid_GYfhGLrrDts,fold_4,outer_train
en_bho_cv,en-bho_IN:::speech:::vid_JIq55zBGNX4,en-ar_EG:::speech:::vid_JIq55zBGNX4,fold_4,outer_train
en_bho_cv,en-bho_IN:::speech:::vid_JoTLTGv8kqA,en-ar_EG:::speech:::vid_JoTLTGv8kqA,fold_4,outer_train
en_bho_cv,en-bho_IN:::speech:::vid_JpW9KlX1Pjs,en-ar_EG:::speech:::vid_JpW9KlX1Pjs,fold_4,outer_train
en_bho_cv,en-bho_IN:::speech:::vid_Lb7Dhf7oo4Y,en-ar_EG:::speech:::vid_Lb7Dhf7oo4Y,fold_4,outer_train
en_bho_cv,en-bho_IN:::speech:::vid_M7v3ZfP4fm0,en-ar_EG:::speech:::vid_M7v3ZfP4fm0,fold_4,outer_train
en_bho_cv,en-bho_IN:::speech:::vid_MK9b8_2DwLY,en-bho_IN:::speech:::vid_MK9b8_2DwLY,fold_4,outer_train
en_bho_cv,en-bho_IN:::speech:::vid_OXHLjswiGeI,en-bho_IN:::speech:::vid_OXHLjswiGeI,fold_4,outer_test
en_bho_cv,en-bho_IN:::speech:::vid_OmK3XTCDbbs,en-ar_EG:::speech:::vid_OmK3XTCDbbs,fold_4,outer_test
en_bho_cv,en-bho_IN:::speech:::vid_PJLN1kAzbyw,en-ar_EG:::speech:::vid_PJLN1kAzbyw,fold_4,outer_train
en_bho_cv,en-bho_IN:::speech:::vid_Qu8m9h-AC0I,en-ar_EG:::speech:::vid_Qu8m9h-AC0I,fold_4,outer_train
en_bho_cv,en-bho_IN:::speech:::vid_RIjzeZ1xk1c,en-ar_EG:::speech:::vid_RIjzeZ1xk1c,fold_4,outer_train
en_bho_cv,en-bho_IN:::speech:::vid_YTxmx8hyJtA,en-ar_EG:::speech:::vid_YTxmx8hyJtA,fold_4,outer_train
en_bho_cv,en-bho_IN:::speech:::vid__S0GOwEJXUA,en-ar_EG:::speech:::vid__S0GOwEJXUA,fold_4,outer_train
en_bho_cv,en-bho_IN:::speech:::vid_fWRlPSl5itQ,en-bho_IN:::speech:::vid_fWRlPSl5itQ,fold_4,outer_train
en_bho_cv,en-bho_IN:::speech:::vid_mDjddYiHd7A,en-ar_EG:::speech:::vid_mDjddYiHd7A,fold_4,outer_train
en_bho_cv,en-bho_IN:::speech:::vid_n-mmxFdva4w,en-bho_IN:::speech:::vid_n-mmxFdva4w,fold_4,outer_test
en_bho_cv,en-bho_IN:::speech:::vid_nNjtLybPRjM,en-ar_EG:::speech:::vid_nNjtLybPRjM,fold_4,outer_train
en_bho_cv,en-bho_IN:::speech:::vid_qhwgP27R4xw,en-ar_EG:::speech:::vid_qhwgP27R4xw,fold_4,outer_test
en_bho_cv,en-bho_IN:::speech:::vid_rU8nY03Lo5s,en-ar_EG:::speech:::vid_rU8nY03Lo5s,fold_4,outer_train
en_bho_cv,en-bho_IN:::speech:::vid_u2JNW0Ftyzg,en-bho_IN:::speech:::vid_u2JNW0Ftyzg,fold_4,outer_train
en_bho_cv,en-bho_IN:::speech:::vid_v2NNTNAXRWY,en-ar_EG:::speech:::vid_v2NNTNAXRWY,fold_4,outer_train
en_bho_cv,en-bho_IN:::speech:::vid_x48axn9yc9k,en-bho_IN:::speech:::vid_x48axn9yc9k,fold_4,outer_train
en_bho_cv,en-bho_IN:::literary:::rink_rats_chapter2,en-ar_EG:::literary:::rink_rats_chapter2,fold_5,outer_train
en_bho_cv,en-bho_IN:::news:::brisbanetimes.com.au.306576,en-ar_EG:::news:::brisbanetimes.com.au.306576,fold_5,outer_train
en_bho_cv,en-bho_IN:::news:::guardian.228996,en-ar_EG:::news:::guardian.228996,fold_5,outer_test
en_bho_cv,en-bho_IN:::news:::guardian.229703,en-ar_EG:::news:::guardian.229703,fold_5,outer_train
en_bho_cv,en-bho_IN:::news:::guardian.230737,en-bho_IN:::news:::guardian.230737,fold_5,outer_train
en_bho_cv,en-bho_IN:::news:::guardian.231311,en-ar_EG:::news:::guardian.231311,fold_5,outer_test
en_bho_cv,en-bho_IN:::news:::newrepublic.com.12619,en-ar_EG:::news:::newrepublic.com.12619,fold_5,outer_train
en_bho_cv,en-bho_IN:::news:::newrepublic.com.12623,en-ar_EG:::news:::newrepublic.com.12623,fold_5,outer_train
en_bho_cv,en-bho_IN:::news:::nytimes.153341,en-bho_IN:::news:::nytimes.153341,fold_5,outer_train
en_bho_cv,en-bho_IN:::social:::112502991207286008,en-ar_EG:::social:::112502991207286008,fold_5,outer_train
en_bho_cv,en-bho_IN:::social:::114151944720213193,en-ar_EG:::social:::114151944720213193,fold_5,outer_test
en_bho_cv,en-bho_IN:::social:::114157282362077575,en-bho_IN:::social:::114157282362077575,fold_5,outer_train
en_bho_cv,en-bho_IN:::social:::114174389242714730,en-ar_EG:::social:::114174389242714730,fold_5,outer_train
en_bho_cv,en-bho_IN:::social:::114300646822630777,en-ar_EG:::social:::114300646822630777,fold_5,outer_train
en_bho_cv,en-bho_IN:::social:::114417630342798842,en-ar_EG:::social:::114417630342798842,fold_5,outer_train
en_bho_cv,en-bho_IN:::speech:::vid_27keISTaqYw,en-ar_EG:::speech:::vid_27keISTaqYw,fold_5,outer_train
en_bho_cv,en-bho_IN:::speech:::vid_2cLeDVfEqG4,en-ar_EG:::speech:::vid_2cLeDVfEqG4,fold_5,outer_test
en_bho_cv,en-bho_IN:::speech:::vid_2qWfOH69wGU,en-bho_IN:::speech:::vid_2qWfOH69wGU,fold_5,outer_test
en_bho_cv,en-bho_IN:::speech:::vid_3DI4-E5Imow,en-ar_EG:::speech:::vid_3DI4-E5Imow,fold_5,outer_train
en_bho_cv,en-bho_IN:::speech:::vid_3vpEaAjDgtI,en-ar_EG:::speech:::vid_3vpEaAjDgtI,fold_5,outer_train
en_bho_cv,en-bho_IN:::speech:::vid_6dP6bHX73_k,en-ar_EG:::speech:::vid_6dP6bHX73_k,fold_5,outer_test
en_bho_cv,en-bho_IN:::speech:::vid_7Aw4Q46omiM,en-ar_EG:::speech:::vid_7Aw4Q46omiM,fold_5,outer_train
en_bho_cv,en-bho_IN:::speech:::vid_8GpZT9TJJAw,en-ar_EG:::speech:::vid_8GpZT9TJJAw,fold_5,outer_train
en_bho_cv,en-bho_IN:::speech:::vid_8I8msBYGNR4,en-bho_IN:::speech:::vid_8I8msBYGNR4,fold_5,outer_train
en_bho_cv,en-bho_IN:::speech:::vid_8qZFupajBuo,en-ar_EG:::speech:::vid_8qZFupajBuo,fold_5,outer_train
en_bho_cv,en-bho_IN:::speech:::vid_AJlp_obQgq8,en-bho_IN:::speech:::vid_AJlp_obQgq8,fold_5,outer_train
en_bho_cv,en-bho_IN:::speech:::vid_BuaGgQdFI-o,en-bho_IN:::speech:::vid_BuaGgQdFI-o,fold_5,outer_train
en_bho_cv,en-bho_IN:::speech:::vid_GYfhGLrrDts,en-ar_EG:::speech:::vid_GYfhGLrrDts,fold_5,outer_train
en_bho_cv,en-bho_IN:::speech:::vid_JIq55zBGNX4,en-ar_EG:::speech:::vid_JIq55zBGNX4,fold_5,outer_train
en_bho_cv,en-bho_IN:::speech:::vid_JoTLTGv8kqA,en-ar_EG:::speech:::vid_JoTLTGv8kqA,fold_5,outer_train
en_bho_cv,en-bho_IN:::speech:::vid_JpW9KlX1Pjs,en-ar_EG:::speech:::vid_JpW9KlX1Pjs,fold_5,outer_test
en_bho_cv,en-bho_IN:::speech:::vid_Lb7Dhf7oo4Y,en-ar_EG:::speech:::vid_Lb7Dhf7oo4Y,fold_5,outer_test
en_bho_cv,en-bho_IN:::speech:::vid_M7v3ZfP4fm0,en-ar_EG:::speech:::vid_M7v3ZfP4fm0,fold_5,outer_train
en_bho_cv,en-bho_IN:::speech:::vid_MK9b8_2DwLY,en-bho_IN:::speech:::vid_MK9b8_2DwLY,fold_5,outer_train
en_bho_cv,en-bho_IN:::speech:::vid_OXHLjswiGeI,en-bho_IN:::speech:::vid_OXHLjswiGeI,fold_5,outer_train
en_bho_cv,en-bho_IN:::speech:::vid_OmK3XTCDbbs,en-ar_EG:::speech:::vid_OmK3XTCDbbs,fold_5,outer_train
en_bho_cv,en-bho_IN:::speech:::vid_PJLN1kAzbyw,en-ar_EG:::speech:::vid_PJLN1kAzbyw,fold_5,outer_test
en_bho_cv,en-bho_IN:::speech:::vid_Qu8m9h-AC0I,en-ar_EG:::speech:::vid_Qu8m9h-AC0I,fold_5,outer_test
en_bho_cv,en-bho_IN:::speech:::vid_RIjzeZ1xk1c,en-ar_EG:::speech:::vid_RIjzeZ1xk1c,fold_5,outer_test
en_bho_cv,en-bho_IN:::speech:::vid_YTxmx8hyJtA,en-ar_EG:::speech:::vid_YTxmx8hyJtA,fold_5,outer_train
en_bho_cv,en-bho_IN:::speech:::vid__S0GOwEJXUA,en-ar_EG:::speech:::vid__S0GOwEJXUA,fold_5,outer_test
en_bho_cv,en-bho_IN:::speech:::vid_fWRlPSl5itQ,en-bho_IN:::speech:::vid_fWRlPSl5itQ,fold_5,outer_train
en_bho_cv,en-bho_IN:::speech:::vid_mDjddYiHd7A,en-ar_EG:::speech:::vid_mDjddYiHd7A,fold_5,outer_test
en_bho_cv,en-bho_IN:::speech:::vid_n-mmxFdva4w,en-bho_IN:::speech:::vid_n-mmxFdva4w,fold_5,outer_train
en_bho_cv,en-bho_IN:::speech:::vid_nNjtLybPRjM,en-ar_EG:::speech:::vid_nNjtLybPRjM,fold_5,outer_test
en_bho_cv,en-bho_IN:::speech:::vid_qhwgP27R4xw,en-ar_EG:::speech:::vid_qhwgP27R4xw,fold_5,outer_train
en_bho_cv,en-bho_IN:::speech:::vid_rU8nY03Lo5s,en-ar_EG:::speech:::vid_rU8nY03Lo5s,fold_5,outer_train
en_bho_cv,en-bho_IN:::speech:::vid_u2JNW0Ftyzg,en-bho_IN:::speech:::vid_u2JNW0Ftyzg,fold_5,outer_train
en_bho_cv,en-bho_IN:::speech:::vid_v2NNTNAXRWY,en-ar_EG:::speech:::vid_v2NNTNAXRWY,fold_5,outer_train
en_bho_cv,en-bho_IN:::speech:::vid_x48axn9yc9k,en-bho_IN:::speech:::vid_x48axn9yc9k,fold_5,outer_train
pooled_holdout,cs-de_DE:::news:::blesk.cz.112043,cs-de_DE:::news:::blesk.cz.112043,holdout,train
pooled_holdout,cs-de_DE:::news:::blesk.cz.112532,cs-de_DE:::news:::blesk.cz.112532,holdout,train
pooled_holdout,cs-de_DE:::news:::ceska_televize-cs.156247,cs-de_DE:::news:::ceska_televize-cs.156247,holdout,train
pooled_holdout,cs-de_DE:::news:::ceska_televize-cs.156327,cs-de_DE:::news:::ceska_televize-cs.156327,holdout,train
pooled_holdout,cs-de_DE:::news:::cesky_rozhlas-cs.187682,cs-de_DE:::news:::cesky_rozhlas-cs.187682,holdout,train
pooled_holdout,cs-de_DE:::news:::cesky_rozhlas-cs.188013,cs-de_DE:::news:::cesky_rozhlas-cs.188013,holdout,validation
pooled_holdout,cs-de_DE:::news:::cesky_rozhlas-cs.188622,cs-de_DE:::news:::cesky_rozhlas-cs.188622,holdout,train
pooled_holdout,cs-de_DE:::news:::ct24-cs.205423,cs-de_DE:::news:::ct24-cs.205423,holdout,train
pooled_holdout,cs-de_DE:::news:::ct24-cs.205786,cs-de_DE:::news:::ct24-cs.205786,holdout,train
pooled_holdout,cs-de_DE:::news:::ct24-cs.206310,cs-de_DE:::news:::ceska_televize-cs.156247,holdout,train
pooled_holdout,cs-de_DE:::news:::ct24-cs.206403,cs-de_DE:::news:::ceska_televize-cs.156327,holdout,train
pooled_holdout,cs-de_DE:::news:::ctk.cz.120672,cs-de_DE:::news:::ctk.cz.120672,holdout,train
pooled_holdout,cs-de_DE:::news:::ihned.cz.57908,cs-de_DE:::news:::ihned.cz.57908,holdout,validation
pooled_holdout,cs-de_DE:::news:::radio_praha-cs.18143,cs-de_DE:::news:::radio_praha-cs.18143,holdout,validation
pooled_holdout,cs-de_DE:::news:::radio_praha-cs.18156,cs-de_DE:::news:::radio_praha-cs.18156,holdout,train
pooled_holdout,cs-de_DE:::news:::radio_praha-cs.18173,cs-de_DE:::news:::radio_praha-cs.18173,holdout,test
pooled_holdout,cs-de_DE:::news:::reflex.cz.16547,cs-de_DE:::news:::reflex.cz.16547,holdout,train
pooled_holdout,cs-de_DE:::news:::reflex.cz.16563,cs-de_DE:::news:::reflex.cz.16563,holdout,train
pooled_holdout,cs-de_DE:::news:::reflex.cz.16578,cs-de_DE:::news:::reflex.cz.16578,holdout,train
pooled_holdout,cs-de_DE:::news:::respekt-cs.11394,cs-de_DE:::news:::respekt-cs.11394,holdout,validation
pooled_holdout,cs-de_DE:::social:::social01,cs-de_DE:::social:::social01,holdout,train
pooled_holdout,cs-de_DE:::social:::social02,cs-de_DE:::social:::social02,holdout,train
pooled_holdout,cs-de_DE:::social:::social04,cs-de_DE:::social:::social04,holdout,train
pooled_holdout,cs-de_DE:::social:::social09,cs-de_DE:::social:::social09,holdout,train
pooled_holdout,cs-de_DE:::social:::social10,cs-de_DE:::social:::social10,holdout,train
pooled_holdout,cs-de_DE:::social:::social12,cs-de_DE:::social:::social12,holdout,train
pooled_holdout,cs-de_DE:::social:::social13,cs-de_DE:::social:::social13,holdout,train
pooled_holdout,cs-de_DE:::social:::social15,cs-de_DE:::social:::social15,holdout,train
pooled_holdout,cs-de_DE:::social:::social16,cs-de_DE:::social:::social16,holdout,train
pooled_holdout,cs-de_DE:::social:::social18,cs-de_DE:::social:::social18,holdout,train
pooled_holdout,cs-de_DE:::social:::social20,cs-de_DE:::social:::social20,holdout,train
pooled_holdout,cs-de_DE:::social:::social21,cs-de_DE:::social:::social21,holdout,test
pooled_holdout,cs-de_DE:::social:::social23,cs-de_DE:::social:::social23,holdout,train
pooled_holdout,cs-de_DE:::social:::social24,cs-de_DE:::social:::social24,holdout,validation
pooled_holdout,cs-de_DE:::social:::social27,cs-de_DE:::social:::social27,holdout,train
pooled_holdout,cs-de_DE:::social:::social34,cs-de_DE:::social:::social34,holdout,train
pooled_holdout,cs-de_DE:::social:::social35,cs-de_DE:::social:::social35,holdout,test
pooled_holdout,cs-de_DE:::social:::social39,cs-de_DE:::social:::social39,holdout,validation
pooled_holdout,cs-de_DE:::social:::social41,cs-de_DE:::social:::social41,holdout,train
pooled_holdout,cs-de_DE:::social:::social42,cs-de_DE:::social:::social42,holdout,train
pooled_holdout,cs-de_DE:::social:::social46,cs-de_DE:::social:::social46,holdout,train
pooled_holdout,cs-de_DE:::social:::social48,cs-de_DE:::social:::social48,holdout,validation
pooled_holdout,cs-de_DE:::speech:::vid_-DTsEpAa6vY,cs-de_DE:::speech:::vid_-DTsEpAa6vY,holdout,train
pooled_holdout,cs-de_DE:::speech:::vid_0VTV_tXxpNM,cs-de_DE:::speech:::vid_0VTV_tXxpNM,holdout,train
pooled_holdout,cs-de_DE:::speech:::vid_0fjuxisFgs8,cs-de_DE:::speech:::vid_0fjuxisFgs8,holdout,train
pooled_holdout,cs-de_DE:::speech:::vid_0yfaR27UshY,cs-de_DE:::speech:::vid_0yfaR27UshY,holdout,test
pooled_holdout,cs-de_DE:::speech:::vid_3QlubgOA774,cs-de_DE:::speech:::vid_3QlubgOA774,holdout,test
pooled_holdout,cs-de_DE:::speech:::vid_7AR-9Sd5R50,cs-de_DE:::speech:::vid_7AR-9Sd5R50,holdout,test
pooled_holdout,cs-de_DE:::speech:::vid_83uzO97cy28,cs-de_DE:::speech:::vid_83uzO97cy28,holdout,train
pooled_holdout,cs-de_DE:::speech:::vid_Ank-5bMvM00,cs-de_DE:::speech:::vid_Ank-5bMvM00,holdout,train
pooled_holdout,cs-de_DE:::speech:::vid_BNApYDC7OZQ,cs-de_DE:::speech:::vid_BNApYDC7OZQ,holdout,train
pooled_holdout,cs-de_DE:::speech:::vid_BQidTYlmyMw,cs-de_DE:::speech:::vid_BQidTYlmyMw,holdout,train
pooled_holdout,cs-de_DE:::speech:::vid_Dbei9GDQ5js,cs-de_DE:::speech:::vid_Dbei9GDQ5js,holdout,test
pooled_holdout,cs-de_DE:::speech:::vid_DmbQP3rlSh0,cs-de_DE:::speech:::vid_DmbQP3rlSh0,holdout,train
pooled_holdout,cs-de_DE:::speech:::vid_DnyHunsPafI,cs-de_DE:::speech:::vid_DnyHunsPafI,holdout,validation
pooled_holdout,cs-de_DE:::speech:::vid_Fy0e5GW53yc,cs-de_DE:::speech:::vid_Fy0e5GW53yc,holdout,train
pooled_holdout,cs-de_DE:::speech:::vid_I3UGDXbIfxw,cs-de_DE:::speech:::vid_I3UGDXbIfxw,holdout,train
pooled_holdout,cs-de_DE:::speech:::vid_IAX2-qArWKo,cs-de_DE:::speech:::vid_IAX2-qArWKo,holdout,test
pooled_holdout,cs-de_DE:::speech:::vid_KL6WSkyezCw,cs-de_DE:::speech:::vid_KL6WSkyezCw,holdout,train
pooled_holdout,cs-de_DE:::speech:::vid_MFQScnI3mbE,cs-de_DE:::speech:::vid_MFQScnI3mbE,holdout,train
pooled_holdout,cs-de_DE:::speech:::vid_MSr8pjfpbfY,cs-de_DE:::speech:::vid_MSr8pjfpbfY,holdout,train
pooled_holdout,cs-de_DE:::speech:::vid_NKYvbkYphPs,cs-de_DE:::speech:::vid_NKYvbkYphPs,holdout,train
pooled_holdout,cs-de_DE:::speech:::vid_NxMnsb0JX24,cs-de_DE:::speech:::vid_NxMnsb0JX24,holdout,test
pooled_holdout,cs-de_DE:::speech:::vid_OmDTWDwJ_yY,cs-de_DE:::speech:::vid_OmDTWDwJ_yY,holdout,test
pooled_holdout,cs-de_DE:::speech:::vid_TnUw_OspWIw,cs-de_DE:::speech:::vid_TnUw_OspWIw,holdout,validation
pooled_holdout,cs-de_DE:::speech:::vid_V14AE9T61_M,cs-de_DE:::speech:::vid_V14AE9T61_M,holdout,train
pooled_holdout,cs-de_DE:::speech:::vid_XBJCXeVt0vc,cs-de_DE:::speech:::vid_XBJCXeVt0vc,holdout,train
pooled_holdout,cs-de_DE:::speech:::vid_XLX5vpC2VyQ,cs-de_DE:::speech:::vid_XLX5vpC2VyQ,holdout,train
pooled_holdout,cs-de_DE:::speech:::vid_Y6QKUqCqDNI,cs-de_DE:::speech:::vid_Y6QKUqCqDNI,holdout,train
pooled_holdout,cs-de_DE:::speech:::vid__S6LhA4Edl8,cs-de_DE:::speech:::vid__S6LhA4Edl8,holdout,test
pooled_holdout,cs-de_DE:::speech:::vid__vz2e5l-gS4,cs-de_DE:::speech:::vid__vz2e5l-gS4,holdout,train
pooled_holdout,cs-de_DE:::speech:::vid_azvnUwpbmdo,cs-de_DE:::speech:::vid_azvnUwpbmdo,holdout,train
pooled_holdout,cs-de_DE:::speech:::vid_ddqRtXqCofI,cs-de_DE:::speech:::vid_ddqRtXqCofI,holdout,train
pooled_holdout,cs-de_DE:::speech:::vid_eUsprvdS_js,cs-de_DE:::speech:::vid_eUsprvdS_js,holdout,train
pooled_holdout,cs-de_DE:::speech:::vid_gO2Xj7NBBMI,cs-de_DE:::speech:::vid_gO2Xj7NBBMI,holdout,train
pooled_holdout,cs-de_DE:::speech:::vid_hKkues3pJ_I,cs-de_DE:::speech:::vid_hKkues3pJ_I,holdout,train
pooled_holdout,cs-de_DE:::speech:::vid_lBYDRqvgeJc,cs-de_DE:::speech:::vid_lBYDRqvgeJc,holdout,train
pooled_holdout,cs-de_DE:::speech:::vid_lRfsfGBa0o0,cs-de_DE:::speech:::vid_lRfsfGBa0o0,holdout,train
pooled_holdout,cs-de_DE:::speech:::vid_tCOeLB18d1s,cs-de_DE:::speech:::vid_tCOeLB18d1s,holdout,validation
pooled_holdout,cs-de_DE:::speech:::vid_tYQUxfKatQ0,cs-de_DE:::speech:::vid_tYQUxfKatQ0,holdout,train
pooled_holdout,cs-de_DE:::speech:::vid_u54YM5vAsAM,cs-de_DE:::speech:::vid_u54YM5vAsAM,holdout,train
pooled_holdout,cs-de_DE:::speech:::vid_vx4yg9LOFwk,cs-de_DE:::speech:::vid_vx4yg9LOFwk,holdout,validation
pooled_holdout,cs-de_DE:::speech:::vid_x9sY3-3dnas,cs-de_DE:::speech:::vid_x9sY3-3dnas,holdout,train
pooled_holdout,cs-de_DE:::speech:::vid_zZDVvZ8V_3g,cs-de_DE:::speech:::vid_zZDVvZ8V_3g,holdout,train
pooled_holdout,cs-de_DE:::edu:::edu02178,cs-de_DE:::edu:::edu02178,holdout,train
pooled_holdout,cs-de_DE:::edu:::edu03240,cs-de_DE:::edu:::edu03240,holdout,train
pooled_holdout,cs-de_DE:::edu:::edu03246,cs-de_DE:::edu:::edu03246,holdout,train
pooled_holdout,cs-de_DE:::edu:::edu03620,cs-de_DE:::edu:::edu03620,holdout,test
pooled_holdout,cs-de_DE:::edu:::edu08474,cs-de_DE:::edu:::edu08474,holdout,train
pooled_holdout,cs-de_DE:::edu:::edu08478,cs-de_DE:::edu:::edu08478,holdout,train
pooled_holdout,cs-de_DE:::edu:::edu08480,cs-de_DE:::edu:::edu08480,holdout,train
pooled_holdout,cs-de_DE:::edu:::edu08482,cs-de_DE:::edu:::edu08482,holdout,train
pooled_holdout,cs-de_DE:::edu:::edu08486,cs-de_DE:::edu:::edu08486,holdout,train
pooled_holdout,cs-de_DE:::edu:::edu08492,cs-de_DE:::edu:::edu08492,holdout,train
pooled_holdout,cs-de_DE:::edu:::edu08494,cs-de_DE:::edu:::edu08494,holdout,train
pooled_holdout,cs-de_DE:::edu:::edu08500,cs-de_DE:::edu:::edu08500,holdout,train
pooled_holdout,cs-de_DE:::edu:::edu08502,cs-de_DE:::edu:::edu08502,holdout,test
pooled_holdout,cs-de_DE:::edu:::edu08504,cs-de_DE:::edu:::edu08504,holdout,train
pooled_holdout,cs-de_DE:::edu:::edu08510,cs-de_DE:::edu:::edu08510,holdout,test
pooled_holdout,cs-de_DE:::edu:::edu08512,cs-de_DE:::edu:::edu08512,holdout,train
pooled_holdout,cs-de_DE:::edu:::edu08596,cs-de_DE:::edu:::edu08596,holdout,train
pooled_holdout,cs-de_DE:::edu:::edu08600,cs-de_DE:::edu:::edu08600,holdout,validation
pooled_holdout,cs-de_DE:::edu:::edu08602,cs-de_DE:::edu:::edu08602,holdout,test
pooled_holdout,cs-de_DE:::edu:::edu08606,cs-de_DE:::edu:::edu08606,holdout,train
pooled_holdout,cs-de_DE:::edu:::edu08772,cs-de_DE:::edu:::edu08772,holdout,train
pooled_holdout,cs-de_DE:::edu:::edu30034,cs-de_DE:::edu:::edu30034,holdout,train
pooled_holdout,cs-de_DE:::edu:::edu30538,cs-de_DE:::edu:::edu30538,holdout,train
pooled_holdout,cs-de_DE:::edu:::edu31632,cs-de_DE:::edu:::edu31632,holdout,train
pooled_holdout,cs-de_DE:::edu:::edu31712,cs-de_DE:::edu:::edu31712,holdout,test
pooled_holdout,cs-de_DE:::edu:::edu32072,cs-de_DE:::edu:::edu32072,holdout,test
pooled_holdout,cs-de_DE:::edu:::edu32838,cs-de_DE:::edu:::edu32838,holdout,validation
pooled_holdout,cs-de_DE:::edu:::edu33632,cs-de_DE:::edu:::edu33632,holdout,train
pooled_holdout,cs-de_DE:::edu:::edu34346,cs-de_DE:::edu:::edu34346,holdout,test
pooled_holdout,cs-de_DE:::edu:::edu34434,cs-de_DE:::edu:::edu34434,holdout,train
pooled_holdout,cs-de_DE:::dialogue:::MUL0845,cs-de_DE:::dialogue:::MUL0845,holdout,train
pooled_holdout,cs-de_DE:::dialogue:::MUL1060,cs-de_DE:::dialogue:::MUL1060,holdout,validation
pooled_holdout,cs-de_DE:::dialogue:::MUL1066,cs-de_DE:::dialogue:::MUL1066,holdout,train
pooled_holdout,cs-de_DE:::dialogue:::MUL1139,cs-de_DE:::dialogue:::MUL1139,holdout,train
pooled_holdout,cs-de_DE:::dialogue:::MUL2162,cs-de_DE:::dialogue:::MUL2162,holdout,train
pooled_holdout,cs-de_DE:::dialogue:::MUL2294,cs-de_DE:::dialogue:::MUL2294,holdout,test
pooled_holdout,cs-de_DE:::dialogue:::MUL2305,cs-de_DE:::dialogue:::MUL2305,holdout,train
pooled_holdout,cs-de_DE:::dialogue:::MUL2376,cs-de_DE:::dialogue:::MUL2376,holdout,train
pooled_holdout,cs-de_DE:::dialogue:::MUL2405,cs-de_DE:::dialogue:::MUL2405,holdout,train
pooled_holdout,cs-de_DE:::dialogue:::PMUL2755,cs-de_DE:::dialogue:::PMUL2755,holdout,validation
pooled_holdout,cs-de_DE:::dialogue:::PMUL3748,cs-de_DE:::dialogue:::PMUL3748,holdout,train
pooled_holdout,cs-de_DE:::dialogue:::PMUL4134,cs-de_DE:::dialogue:::PMUL4134,holdout,train
pooled_holdout,cs-de_DE:::dialogue:::PMUL4140,cs-de_DE:::dialogue:::PMUL4140,holdout,train
pooled_holdout,cs-de_DE:::dialogue:::SNG0991,cs-de_DE:::dialogue:::SNG0991,holdout,train
pooled_holdout,cs-uk_UA:::news:::aha-cs.32285,cs-uk_UA:::news:::aha-cs.32285,holdout,validation
pooled_holdout,cs-uk_UA:::news:::blesk.cz.112043,cs-de_DE:::news:::blesk.cz.112043,holdout,train
pooled_holdout,cs-uk_UA:::news:::blesk.cz.112532,cs-de_DE:::news:::blesk.cz.112532,holdout,train
pooled_holdout,cs-uk_UA:::news:::ceska_televize-cs.156247,cs-de_DE:::news:::ceska_televize-cs.156247,holdout,train
pooled_holdout,cs-uk_UA:::news:::cesky_rozhlas-cs.187644,cs-uk_UA:::news:::cesky_rozhlas-cs.187644,holdout,validation
pooled_holdout,cs-uk_UA:::news:::cesky_rozhlas-cs.187682,cs-de_DE:::news:::cesky_rozhlas-cs.187682,holdout,train
pooled_holdout,cs-uk_UA:::news:::cesky_rozhlas-cs.188013,cs-de_DE:::news:::cesky_rozhlas-cs.188013,holdout,validation
pooled_holdout,cs-uk_UA:::news:::ct24-cs.205423,cs-de_DE:::news:::ct24-cs.205423,holdout,train
pooled_holdout,cs-uk_UA:::news:::ct24-cs.205786,cs-de_DE:::news:::ct24-cs.205786,holdout,train
pooled_holdout,cs-uk_UA:::news:::ct24-cs.206310,cs-de_DE:::news:::ceska_televize-cs.156247,holdout,train
pooled_holdout,cs-uk_UA:::news:::ct24-cs.206403,cs-de_DE:::news:::ceska_televize-cs.156327,holdout,train
pooled_holdout,cs-uk_UA:::news:::ctk.cz.120672,cs-de_DE:::news:::ctk.cz.120672,holdout,train
pooled_holdout,cs-uk_UA:::news:::denik.cz.114223,cs-uk_UA:::news:::denik.cz.114223,holdout,train
pooled_holdout,cs-uk_UA:::news:::metro-cs.25658,cs-uk_UA:::news:::metro-cs.25658,holdout,train
pooled_holdout,cs-uk_UA:::news:::radio_praha-cs.18143,cs-de_DE:::news:::radio_praha-cs.18143,holdout,validation
pooled_holdout,cs-uk_UA:::news:::radio_praha-cs.18156,cs-de_DE:::news:::radio_praha-cs.18156,holdout,train
pooled_holdout,cs-uk_UA:::news:::radio_praha-cs.18173,cs-de_DE:::news:::radio_praha-cs.18173,holdout,test
pooled_holdout,cs-uk_UA:::news:::radio_praha-cs.18223,cs-uk_UA:::news:::radio_praha-cs.18223,holdout,train
pooled_holdout,cs-uk_UA:::news:::reflex.cz.16547,cs-de_DE:::news:::reflex.cz.16547,holdout,train
pooled_holdout,cs-uk_UA:::news:::reflex.cz.16563,cs-de_DE:::news:::reflex.cz.16563,holdout,train
pooled_holdout,cs-uk_UA:::news:::reflex.cz.16578,cs-de_DE:::news:::reflex.cz.16578,holdout,train
pooled_holdout,cs-uk_UA:::news:::respekt-cs.11394,cs-de_DE:::news:::respekt-cs.11394,holdout,validation
pooled_holdout,cs-uk_UA:::news:::respekt-cs.11430,cs-uk_UA:::news:::respekt-cs.11430,holdout,validation
pooled_holdout,cs-uk_UA:::social:::social01,cs-de_DE:::social:::social01,holdout,train
pooled_holdout,cs-uk_UA:::social:::social02,cs-de_DE:::social:::social02,holdout,train
pooled_holdout,cs-uk_UA:::social:::social04,cs-de_DE:::social:::social04,holdout,train
pooled_holdout,cs-uk_UA:::social:::social05,cs-uk_UA:::social:::social05,holdout,train
pooled_holdout,cs-uk_UA:::social:::social08,cs-uk_UA:::social:::social08,holdout,test
pooled_holdout,cs-uk_UA:::social:::social09,cs-de_DE:::social:::social09,holdout,train
pooled_holdout,cs-uk_UA:::social:::social10,cs-de_DE:::social:::social10,holdout,train
pooled_holdout,cs-uk_UA:::social:::social11,cs-uk_UA:::social:::social11,holdout,train
pooled_holdout,cs-uk_UA:::social:::social12,cs-de_DE:::social:::social12,holdout,train
pooled_holdout,cs-uk_UA:::social:::social15,cs-de_DE:::social:::social15,holdout,train
pooled_holdout,cs-uk_UA:::social:::social16,cs-de_DE:::social:::social16,holdout,train
pooled_holdout,cs-uk_UA:::social:::social18,cs-de_DE:::social:::social18,holdout,train
pooled_holdout,cs-uk_UA:::social:::social19,cs-uk_UA:::social:::social19,holdout,train
pooled_holdout,cs-uk_UA:::social:::social20,cs-de_DE:::social:::social20,holdout,train
pooled_holdout,cs-uk_UA:::social:::social24,cs-de_DE:::social:::social24,holdout,validation
pooled_holdout,cs-uk_UA:::social:::social27,cs-de_DE:::social:::social27,holdout,train
pooled_holdout,cs-uk_UA:::social:::social28,cs-uk_UA:::social:::social28,holdout,train
pooled_holdout,cs-uk_UA:::social:::social29,cs-uk_UA:::social:::social29,holdout,train
pooled_holdout,cs-uk_UA:::social:::social31,cs-uk_UA:::social:::social31,holdout,train
pooled_holdout,cs-uk_UA:::social:::social34,cs-de_DE:::social:::social34,holdout,train
pooled_holdout,cs-uk_UA:::social:::social35,cs-de_DE:::social:::social35,holdout,test
pooled_holdout,cs-uk_UA:::social:::social39,cs-de_DE:::social:::social39,holdout,validation
pooled_holdout,cs-uk_UA:::social:::social41,cs-de_DE:::social:::social41,holdout,train
pooled_holdout,cs-uk_UA:::social:::social46,cs-de_DE:::social:::social46,holdout,train
pooled_holdout,cs-uk_UA:::social:::social48,cs-de_DE:::social:::social48,holdout,validation
pooled_holdout,cs-uk_UA:::speech:::vid_-DTsEpAa6vY,cs-de_DE:::speech:::vid_-DTsEpAa6vY,holdout,train
pooled_holdout,cs-uk_UA:::speech:::vid_0VTV_tXxpNM,cs-de_DE:::speech:::vid_0VTV_tXxpNM,holdout,train
pooled_holdout,cs-uk_UA:::speech:::vid_0yfaR27UshY,cs-de_DE:::speech:::vid_0yfaR27UshY,holdout,test
pooled_holdout,cs-uk_UA:::speech:::vid_3QlubgOA774,cs-de_DE:::speech:::vid_3QlubgOA774,holdout,test
pooled_holdout,cs-uk_UA:::speech:::vid_7AR-9Sd5R50,cs-de_DE:::speech:::vid_7AR-9Sd5R50,holdout,test
pooled_holdout,cs-uk_UA:::speech:::vid_83uzO97cy28,cs-de_DE:::speech:::vid_83uzO97cy28,holdout,train
pooled_holdout,cs-uk_UA:::speech:::vid_AirO2DbyudQ,cs-uk_UA:::speech:::vid_AirO2DbyudQ,holdout,train
pooled_holdout,cs-uk_UA:::speech:::vid_Ank-5bMvM00,cs-de_DE:::speech:::vid_Ank-5bMvM00,holdout,train
pooled_holdout,cs-uk_UA:::speech:::vid_BNApYDC7OZQ,cs-de_DE:::speech:::vid_BNApYDC7OZQ,holdout,train
pooled_holdout,cs-uk_UA:::speech:::vid_BQidTYlmyMw,cs-de_DE:::speech:::vid_BQidTYlmyMw,holdout,train
pooled_holdout,cs-uk_UA:::speech:::vid_Dbei9GDQ5js,cs-de_DE:::speech:::vid_Dbei9GDQ5js,holdout,test
pooled_holdout,cs-uk_UA:::speech:::vid_DmbQP3rlSh0,cs-de_DE:::speech:::vid_DmbQP3rlSh0,holdout,train
pooled_holdout,cs-uk_UA:::speech:::vid_Fy0e5GW53yc,cs-de_DE:::speech:::vid_Fy0e5GW53yc,holdout,train
pooled_holdout,cs-uk_UA:::speech:::vid_I3UGDXbIfxw,cs-de_DE:::speech:::vid_I3UGDXbIfxw,holdout,train
pooled_holdout,cs-uk_UA:::speech:::vid_IAX2-qArWKo,cs-de_DE:::speech:::vid_IAX2-qArWKo,holdout,test
pooled_holdout,cs-uk_UA:::speech:::vid_KL6WSkyezCw,cs-de_DE:::speech:::vid_KL6WSkyezCw,holdout,train
pooled_holdout,cs-uk_UA:::speech:::vid_MFQScnI3mbE,cs-de_DE:::speech:::vid_MFQScnI3mbE,holdout,train
pooled_holdout,cs-uk_UA:::speech:::vid_MSr8pjfpbfY,cs-de_DE:::speech:::vid_MSr8pjfpbfY,holdout,train
pooled_holdout,cs-uk_UA:::speech:::vid_NKYvbkYphPs,cs-de_DE:::speech:::vid_NKYvbkYphPs,holdout,train
pooled_holdout,cs-uk_UA:::speech:::vid_NxMnsb0JX24,cs-de_DE:::speech:::vid_NxMnsb0JX24,holdout,test
pooled_holdout,cs-uk_UA:::speech:::vid_R7dIAr5IlSo,cs-uk_UA:::speech:::vid_R7dIAr5IlSo,holdout,train
pooled_holdout,cs-uk_UA:::speech:::vid_WtGwubAR7cM,cs-uk_UA:::speech:::vid_WtGwubAR7cM,holdout,train
pooled_holdout,cs-uk_UA:::speech:::vid_XLX5vpC2VyQ,cs-de_DE:::speech:::vid_XLX5vpC2VyQ,holdout,train
pooled_holdout,cs-uk_UA:::speech:::vid_Y6QKUqCqDNI,cs-de_DE:::speech:::vid_Y6QKUqCqDNI,holdout,train
pooled_holdout,cs-uk_UA:::speech:::vid_YzdPfuKfcEo,cs-uk_UA:::speech:::vid_YzdPfuKfcEo,holdout,train
pooled_holdout,cs-uk_UA:::speech:::vid_ZXxro_HmJlM,cs-uk_UA:::speech:::vid_ZXxro_HmJlM,holdout,train
pooled_holdout,cs-uk_UA:::speech:::vid__S6LhA4Edl8,cs-de_DE:::speech:::vid__S6LhA4Edl8,holdout,test
pooled_holdout,cs-uk_UA:::speech:::vid__vz2e5l-gS4,cs-de_DE:::speech:::vid__vz2e5l-gS4,holdout,train
pooled_holdout,cs-uk_UA:::speech:::vid_azvnUwpbmdo,cs-de_DE:::speech:::vid_azvnUwpbmdo,holdout,train
pooled_holdout,cs-uk_UA:::speech:::vid_bLLiKHcuqFA,cs-uk_UA:::speech:::vid_bLLiKHcuqFA,holdout,train
pooled_holdout,cs-uk_UA:::speech:::vid_ddqRtXqCofI,cs-de_DE:::speech:::vid_ddqRtXqCofI,holdout,train
pooled_holdout,cs-uk_UA:::speech:::vid_fYgtFNa0Ffc,cs-uk_UA:::speech:::vid_fYgtFNa0Ffc,holdout,test
pooled_holdout,cs-uk_UA:::speech:::vid_gO2Xj7NBBMI,cs-de_DE:::speech:::vid_gO2Xj7NBBMI,holdout,train
pooled_holdout,cs-uk_UA:::speech:::vid_hKkues3pJ_I,cs-de_DE:::speech:::vid_hKkues3pJ_I,holdout,train
pooled_holdout,cs-uk_UA:::speech:::vid_id452FXpjYI,cs-uk_UA:::speech:::vid_id452FXpjYI,holdout,train
pooled_holdout,cs-uk_UA:::speech:::vid_lBYDRqvgeJc,cs-de_DE:::speech:::vid_lBYDRqvgeJc,holdout,train
pooled_holdout,cs-uk_UA:::speech:::vid_lRfsfGBa0o0,cs-de_DE:::speech:::vid_lRfsfGBa0o0,holdout,train
pooled_holdout,cs-uk_UA:::speech:::vid_mqKWUP7LqZA,cs-uk_UA:::speech:::vid_mqKWUP7LqZA,holdout,validation
pooled_holdout,cs-uk_UA:::speech:::vid_obf3RbeGVoc,cs-uk_UA:::speech:::vid_obf3RbeGVoc,holdout,test
pooled_holdout,cs-uk_UA:::speech:::vid_qLFOojSI2sY,cs-uk_UA:::speech:::vid_qLFOojSI2sY,holdout,train
pooled_holdout,cs-uk_UA:::speech:::vid_qtDYwkk_BTI,cs-uk_UA:::speech:::vid_qtDYwkk_BTI,holdout,train
pooled_holdout,cs-uk_UA:::speech:::vid_tCOeLB18d1s,cs-de_DE:::speech:::vid_tCOeLB18d1s,holdout,validation
pooled_holdout,cs-uk_UA:::speech:::vid_tYQUxfKatQ0,cs-de_DE:::speech:::vid_tYQUxfKatQ0,holdout,train
pooled_holdout,cs-uk_UA:::speech:::vid_u54YM5vAsAM,cs-de_DE:::speech:::vid_u54YM5vAsAM,holdout,train
pooled_holdout,cs-uk_UA:::speech:::vid_x9sY3-3dnas,cs-de_DE:::speech:::vid_x9sY3-3dnas,holdout,train
pooled_holdout,cs-uk_UA:::speech:::vid_zZDVvZ8V_3g,cs-de_DE:::speech:::vid_zZDVvZ8V_3g,holdout,train
pooled_holdout,cs-uk_UA:::edu:::edu03238,cs-uk_UA:::edu:::edu03238,holdout,train
pooled_holdout,cs-uk_UA:::edu:::edu03240,cs-de_DE:::edu:::edu03240,holdout,train
pooled_holdout,cs-uk_UA:::edu:::edu03246,cs-de_DE:::edu:::edu03246,holdout,train
pooled_holdout,cs-uk_UA:::edu:::edu03620,cs-de_DE:::edu:::edu03620,holdout,test
pooled_holdout,cs-uk_UA:::edu:::edu03628,cs-uk_UA:::edu:::edu03628,holdout,validation
pooled_holdout,cs-uk_UA:::edu:::edu05908,cs-uk_UA:::edu:::edu05908,holdout,train
pooled_holdout,cs-uk_UA:::edu:::edu08474,cs-de_DE:::edu:::edu08474,holdout,train
pooled_holdout,cs-uk_UA:::edu:::edu08478,cs-de_DE:::edu:::edu08478,holdout,train
pooled_holdout,cs-uk_UA:::edu:::edu08480,cs-de_DE:::edu:::edu08480,holdout,train
pooled_holdout,cs-uk_UA:::edu:::edu08482,cs-de_DE:::edu:::edu08482,holdout,train
pooled_holdout,cs-uk_UA:::edu:::edu08486,cs-de_DE:::edu:::edu08486,holdout,train
pooled_holdout,cs-uk_UA:::edu:::edu08492,cs-de_DE:::edu:::edu08492,holdout,train
pooled_holdout,cs-uk_UA:::edu:::edu08494,cs-de_DE:::edu:::edu08494,holdout,train
pooled_holdout,cs-uk_UA:::edu:::edu08500,cs-de_DE:::edu:::edu08500,holdout,train
pooled_holdout,cs-uk_UA:::edu:::edu08502,cs-de_DE:::edu:::edu08502,holdout,test
pooled_holdout,cs-uk_UA:::edu:::edu08504,cs-de_DE:::edu:::edu08504,holdout,train
pooled_holdout,cs-uk_UA:::edu:::edu08510,cs-de_DE:::edu:::edu08510,holdout,test
pooled_holdout,cs-uk_UA:::edu:::edu08512,cs-de_DE:::edu:::edu08512,holdout,train
pooled_holdout,cs-uk_UA:::edu:::edu08600,cs-de_DE:::edu:::edu08600,holdout,validation
pooled_holdout,cs-uk_UA:::edu:::edu08602,cs-de_DE:::edu:::edu08602,holdout,test
pooled_holdout,cs-uk_UA:::edu:::edu08606,cs-de_DE:::edu:::edu08606,holdout,train
pooled_holdout,cs-uk_UA:::edu:::edu08772,cs-de_DE:::edu:::edu08772,holdout,train
pooled_holdout,cs-uk_UA:::edu:::edu08774,cs-uk_UA:::edu:::edu08774,holdout,train
pooled_holdout,cs-uk_UA:::edu:::edu14788,cs-uk_UA:::edu:::edu14788,holdout,train
pooled_holdout,cs-uk_UA:::edu:::edu14790,cs-uk_UA:::edu:::edu14790,holdout,validation
pooled_holdout,cs-uk_UA:::edu:::edu15020,cs-uk_UA:::edu:::edu15020,holdout,validation
pooled_holdout,cs-uk_UA:::edu:::edu30034,cs-de_DE:::edu:::edu30034,holdout,train
pooled_holdout,cs-uk_UA:::edu:::edu30538,cs-de_DE:::edu:::edu30538,holdout,train
pooled_holdout,cs-uk_UA:::edu:::edu31632,cs-de_DE:::edu:::edu31632,holdout,train
pooled_holdout,cs-uk_UA:::edu:::edu31712,cs-de_DE:::edu:::edu31712,holdout,test
pooled_holdout,cs-uk_UA:::edu:::edu31714,cs-uk_UA:::edu:::edu31714,holdout,validation
pooled_holdout,cs-uk_UA:::edu:::edu32072,cs-de_DE:::edu:::edu32072,holdout,test
pooled_holdout,cs-uk_UA:::edu:::edu32838,cs-de_DE:::edu:::edu32838,holdout,validation
pooled_holdout,cs-uk_UA:::edu:::edu32842,cs-uk_UA:::edu:::edu32842,holdout,train
pooled_holdout,cs-uk_UA:::edu:::edu33382,cs-uk_UA:::edu:::edu33382,holdout,train
pooled_holdout,cs-uk_UA:::edu:::edu33632,cs-de_DE:::edu:::edu33632,holdout,train
pooled_holdout,cs-uk_UA:::edu:::edu34346,cs-de_DE:::edu:::edu34346,holdout,test
pooled_holdout,en-ar_EG:::literary:::rink_rats_chapter2,en-ar_EG:::literary:::rink_rats_chapter2,holdout,train
pooled_holdout,en-ar_EG:::news:::brisbanetimes.com.au.306576,en-ar_EG:::news:::brisbanetimes.com.au.306576,holdout,train
pooled_holdout,en-ar_EG:::news:::guardian.228996,en-ar_EG:::news:::guardian.228996,holdout,train
pooled_holdout,en-ar_EG:::news:::guardian.229703,en-ar_EG:::news:::guardian.229703,holdout,train
pooled_holdout,en-ar_EG:::news:::guardian.230238,en-ar_EG:::news:::guardian.230238,holdout,test
pooled_holdout,en-ar_EG:::news:::guardian.231311,en-ar_EG:::news:::guardian.231311,holdout,train
pooled_holdout,en-ar_EG:::news:::newrepublic.com.12619,en-ar_EG:::news:::newrepublic.com.12619,holdout,test
pooled_holdout,en-ar_EG:::news:::newrepublic.com.12623,en-ar_EG:::news:::newrepublic.com.12623,holdout,train
pooled_holdout,en-ar_EG:::news:::nytimes.154208,en-ar_EG:::news:::nytimes.154208,holdout,train
pooled_holdout,en-ar_EG:::social:::112502991207286008,en-ar_EG:::social:::112502991207286008,holdout,test
pooled_holdout,en-ar_EG:::social:::114151944720213193,en-ar_EG:::social:::114151944720213193,holdout,test
pooled_holdout,en-ar_EG:::social:::114174389242714730,en-ar_EG:::social:::114174389242714730,holdout,train
pooled_holdout,en-ar_EG:::social:::114294867111841563,en-ar_EG:::social:::114294867111841563,holdout,train
pooled_holdout,en-ar_EG:::social:::114300646822630777,en-ar_EG:::social:::114300646822630777,holdout,train
pooled_holdout,en-ar_EG:::social:::114417630342798842,en-ar_EG:::social:::114417630342798842,holdout,validation
pooled_holdout,en-ar_EG:::speech:::vid_27keISTaqYw,en-ar_EG:::speech:::vid_27keISTaqYw,holdout,train
pooled_holdout,en-ar_EG:::speech:::vid_2cLeDVfEqG4,en-ar_EG:::speech:::vid_2cLeDVfEqG4,holdout,validation
pooled_holdout,en-ar_EG:::speech:::vid_3DI4-E5Imow,en-ar_EG:::speech:::vid_3DI4-E5Imow,holdout,train
pooled_holdout,en-ar_EG:::speech:::vid_3vpEaAjDgtI,en-ar_EG:::speech:::vid_3vpEaAjDgtI,holdout,train
pooled_holdout,en-ar_EG:::speech:::vid_6dP6bHX73_k,en-ar_EG:::speech:::vid_6dP6bHX73_k,holdout,train
pooled_holdout,en-ar_EG:::speech:::vid_7Aw4Q46omiM,en-ar_EG:::speech:::vid_7Aw4Q46omiM,holdout,test
pooled_holdout,en-ar_EG:::speech:::vid_8GpZT9TJJAw,en-ar_EG:::speech:::vid_8GpZT9TJJAw,holdout,validation
pooled_holdout,en-ar_EG:::speech:::vid_8qZFupajBuo,en-ar_EG:::speech:::vid_8qZFupajBuo,holdout,train
pooled_holdout,en-ar_EG:::speech:::vid_BrC0v6K3H4I,en-ar_EG:::speech:::vid_BrC0v6K3H4I,holdout,test
pooled_holdout,en-ar_EG:::speech:::vid_Ft41IG2BAG8,en-ar_EG:::speech:::vid_Ft41IG2BAG8,holdout,train
pooled_holdout,en-ar_EG:::speech:::vid_GYfhGLrrDts,en-ar_EG:::speech:::vid_GYfhGLrrDts,holdout,validation
pooled_holdout,en-ar_EG:::speech:::vid_JIq55zBGNX4,en-ar_EG:::speech:::vid_JIq55zBGNX4,holdout,train
pooled_holdout,en-ar_EG:::speech:::vid_JoTLTGv8kqA,en-ar_EG:::speech:::vid_JoTLTGv8kqA,holdout,train
pooled_holdout,en-ar_EG:::speech:::vid_JpW9KlX1Pjs,en-ar_EG:::speech:::vid_JpW9KlX1Pjs,holdout,validation
pooled_holdout,en-ar_EG:::speech:::vid_Lb7Dhf7oo4Y,en-ar_EG:::speech:::vid_Lb7Dhf7oo4Y,holdout,train
pooled_holdout,en-ar_EG:::speech:::vid_M7v3ZfP4fm0,en-ar_EG:::speech:::vid_M7v3ZfP4fm0,holdout,train
pooled_holdout,en-ar_EG:::speech:::vid_OmK3XTCDbbs,en-ar_EG:::speech:::vid_OmK3XTCDbbs,holdout,test
pooled_holdout,en-ar_EG:::speech:::vid_PJLN1kAzbyw,en-ar_EG:::speech:::vid_PJLN1kAzbyw,holdout,train
pooled_holdout,en-ar_EG:::speech:::vid_QgTkUWYd82M,en-ar_EG:::speech:::vid_QgTkUWYd82M,holdout,validation
pooled_holdout,en-ar_EG:::speech:::vid_Qu8m9h-AC0I,en-ar_EG:::speech:::vid_Qu8m9h-AC0I,holdout,train
pooled_holdout,en-ar_EG:::speech:::vid_RIjzeZ1xk1c,en-ar_EG:::speech:::vid_RIjzeZ1xk1c,holdout,train
pooled_holdout,en-ar_EG:::speech:::vid_Si9CnnVI8sk,en-ar_EG:::speech:::vid_Si9CnnVI8sk,holdout,test
pooled_holdout,en-ar_EG:::speech:::vid_VnlWOV5Oj1c,en-ar_EG:::speech:::vid_VnlWOV5Oj1c,holdout,train
pooled_holdout,en-ar_EG:::speech:::vid_YNQ_7eV3WcE,en-ar_EG:::speech:::vid_YNQ_7eV3WcE,holdout,test
pooled_holdout,en-ar_EG:::speech:::vid_YTxmx8hyJtA,en-ar_EG:::speech:::vid_YTxmx8hyJtA,holdout,validation
pooled_holdout,en-ar_EG:::speech:::vid__S0GOwEJXUA,en-ar_EG:::speech:::vid__S0GOwEJXUA,holdout,train
pooled_holdout,en-ar_EG:::speech:::vid_blR87HY5UPk,en-ar_EG:::speech:::vid_blR87HY5UPk,holdout,train
pooled_holdout,en-ar_EG:::speech:::vid_mDjddYiHd7A,en-ar_EG:::speech:::vid_mDjddYiHd7A,holdout,train
pooled_holdout,en-ar_EG:::speech:::vid_nNjtLybPRjM,en-ar_EG:::speech:::vid_nNjtLybPRjM,holdout,train
pooled_holdout,en-ar_EG:::speech:::vid_nU09s4CuaRg,en-ar_EG:::speech:::vid_nU09s4CuaRg,holdout,validation
pooled_holdout,en-ar_EG:::speech:::vid_pykdLJtt9yk,en-ar_EG:::speech:::vid_pykdLJtt9yk,holdout,train
pooled_holdout,en-ar_EG:::speech:::vid_qhwgP27R4xw,en-ar_EG:::speech:::vid_qhwgP27R4xw,holdout,test
pooled_holdout,en-ar_EG:::speech:::vid_r-aI0JD0bCE,en-ar_EG:::speech:::vid_r-aI0JD0bCE,holdout,train
pooled_holdout,en-ar_EG:::speech:::vid_rU8nY03Lo5s,en-ar_EG:::speech:::vid_rU8nY03Lo5s,holdout,train
pooled_holdout,en-ar_EG:::speech:::vid_uB_fMAbhJwY,en-ar_EG:::speech:::vid_uB_fMAbhJwY,holdout,train
pooled_holdout,en-ar_EG:::speech:::vid_v2NNTNAXRWY,en-ar_EG:::speech:::vid_v2NNTNAXRWY,holdout,train
pooled_holdout,en-bho_IN:::literary:::rink_rats_chapter2,en-ar_EG:::literary:::rink_rats_chapter2,holdout,train
pooled_holdout,en-bho_IN:::news:::brisbanetimes.com.au.306576,en-ar_EG:::news:::brisbanetimes.com.au.306576,holdout,train
pooled_holdout,en-bho_IN:::news:::guardian.228996,en-ar_EG:::news:::guardian.228996,holdout,train
pooled_holdout,en-bho_IN:::news:::guardian.229703,en-ar_EG:::news:::guardian.229703,holdout,train
pooled_holdout,en-bho_IN:::news:::guardian.230737,en-bho_IN:::news:::guardian.230737,holdout,train
pooled_holdout,en-bho_IN:::news:::guardian.231311,en-ar_EG:::news:::guardian.231311,holdout,train
pooled_holdout,en-bho_IN:::news:::newrepublic.com.12619,en-ar_EG:::news:::newrepublic.com.12619,holdout,test
pooled_holdout,en-bho_IN:::news:::newrepublic.com.12623,en-ar_EG:::news:::newrepublic.com.12623,holdout,train
pooled_holdout,en-bho_IN:::news:::nytimes.153341,en-bho_IN:::news:::nytimes.153341,holdout,test
pooled_holdout,en-bho_IN:::social:::112502991207286008,en-ar_EG:::social:::112502991207286008,holdout,test
pooled_holdout,en-bho_IN:::social:::114151944720213193,en-ar_EG:::social:::114151944720213193,holdout,test
pooled_holdout,en-bho_IN:::social:::114157282362077575,en-bho_IN:::social:::114157282362077575,holdout,train
pooled_holdout,en-bho_IN:::social:::114174389242714730,en-ar_EG:::social:::114174389242714730,holdout,train
pooled_holdout,en-bho_IN:::social:::114300646822630777,en-ar_EG:::social:::114300646822630777,holdout,train
pooled_holdout,en-bho_IN:::social:::114417630342798842,en-ar_EG:::social:::114417630342798842,holdout,validation
pooled_holdout,en-bho_IN:::speech:::vid_27keISTaqYw,en-ar_EG:::speech:::vid_27keISTaqYw,holdout,train
pooled_holdout,en-bho_IN:::speech:::vid_2cLeDVfEqG4,en-ar_EG:::speech:::vid_2cLeDVfEqG4,holdout,validation
pooled_holdout,en-bho_IN:::speech:::vid_2qWfOH69wGU,en-bho_IN:::speech:::vid_2qWfOH69wGU,holdout,train
pooled_holdout,en-bho_IN:::speech:::vid_3DI4-E5Imow,en-ar_EG:::speech:::vid_3DI4-E5Imow,holdout,train
pooled_holdout,en-bho_IN:::speech:::vid_3vpEaAjDgtI,en-ar_EG:::speech:::vid_3vpEaAjDgtI,holdout,train
pooled_holdout,en-bho_IN:::speech:::vid_6dP6bHX73_k,en-ar_EG:::speech:::vid_6dP6bHX73_k,holdout,train
pooled_holdout,en-bho_IN:::speech:::vid_7Aw4Q46omiM,en-ar_EG:::speech:::vid_7Aw4Q46omiM,holdout,test
pooled_holdout,en-bho_IN:::speech:::vid_8GpZT9TJJAw,en-ar_EG:::speech:::vid_8GpZT9TJJAw,holdout,validation
pooled_holdout,en-bho_IN:::speech:::vid_8I8msBYGNR4,en-bho_IN:::speech:::vid_8I8msBYGNR4,holdout,train
pooled_holdout,en-bho_IN:::speech:::vid_8qZFupajBuo,en-ar_EG:::speech:::vid_8qZFupajBuo,holdout,train
pooled_holdout,en-bho_IN:::speech:::vid_AJlp_obQgq8,en-bho_IN:::speech:::vid_AJlp_obQgq8,holdout,test
pooled_holdout,en-bho_IN:::speech:::vid_BuaGgQdFI-o,en-bho_IN:::speech:::vid_BuaGgQdFI-o,holdout,train
pooled_holdout,en-bho_IN:::speech:::vid_GYfhGLrrDts,en-ar_EG:::speech:::vid_GYfhGLrrDts,holdout,validation
pooled_holdout,en-bho_IN:::speech:::vid_JIq55zBGNX4,en-ar_EG:::speech:::vid_JIq55zBGNX4,holdout,train
pooled_holdout,en-bho_IN:::speech:::vid_JoTLTGv8kqA,en-ar_EG:::speech:::vid_JoTLTGv8kqA,holdout,train
pooled_holdout,en-bho_IN:::speech:::vid_JpW9KlX1Pjs,en-ar_EG:::speech:::vid_JpW9KlX1Pjs,holdout,validation
pooled_holdout,en-bho_IN:::speech:::vid_Lb7Dhf7oo4Y,en-ar_EG:::speech:::vid_Lb7Dhf7oo4Y,holdout,train
pooled_holdout,en-bho_IN:::speech:::vid_M7v3ZfP4fm0,en-ar_EG:::speech:::vid_M7v3ZfP4fm0,holdout,train
pooled_holdout,en-bho_IN:::speech:::vid_MK9b8_2DwLY,en-bho_IN:::speech:::vid_MK9b8_2DwLY,holdout,train
pooled_holdout,en-bho_IN:::speech:::vid_OXHLjswiGeI,en-bho_IN:::speech:::vid_OXHLjswiGeI,holdout,test
pooled_holdout,en-bho_IN:::speech:::vid_OmK3XTCDbbs,en-ar_EG:::speech:::vid_OmK3XTCDbbs,holdout,test
pooled_holdout,en-bho_IN:::speech:::vid_PJLN1kAzbyw,en-ar_EG:::speech:::vid_PJLN1kAzbyw,holdout,train
pooled_holdout,en-bho_IN:::speech:::vid_Qu8m9h-AC0I,en-ar_EG:::speech:::vid_Qu8m9h-AC0I,holdout,train
pooled_holdout,en-bho_IN:::speech:::vid_RIjzeZ1xk1c,en-ar_EG:::speech:::vid_RIjzeZ1xk1c,holdout,train
pooled_holdout,en-bho_IN:::speech:::vid_YTxmx8hyJtA,en-ar_EG:::speech:::vid_YTxmx8hyJtA,holdout,validation
pooled_holdout,en-bho_IN:::speech:::vid__S0GOwEJXUA,en-ar_EG:::speech:::vid__S0GOwEJXUA,holdout,train
pooled_holdout,en-bho_IN:::speech:::vid_fWRlPSl5itQ,en-bho_IN:::speech:::vid_fWRlPSl5itQ,holdout,train
pooled_holdout,en-bho_IN:::speech:::vid_mDjddYiHd7A,en-ar_EG:::speech:::vid_mDjddYiHd7A,holdout,train
pooled_holdout,en-bho_IN:::speech:::vid_n-mmxFdva4w,en-bho_IN:::speech:::vid_n-mmxFdva4w,holdout,train
pooled_holdout,en-bho_IN:::speech:::vid_nNjtLybPRjM,en-ar_EG:::speech:::vid_nNjtLybPRjM,holdout,train
pooled_holdout,en-bho_IN:::speech:::vid_qhwgP27R4xw,en-ar_EG:::speech:::vid_qhwgP27R4xw,holdout,test
pooled_holdout,en-bho_IN:::speech:::vid_rU8nY03Lo5s,en-ar_EG:::speech:::vid_rU8nY03Lo5s,holdout,train
pooled_holdout,en-bho_IN:::speech:::vid_u2JNW0Ftyzg,en-bho_IN:::speech:::vid_u2JNW0Ftyzg,holdout,train
pooled_holdout,en-bho_IN:::speech:::vid_v2NNTNAXRWY,en-ar_EG:::speech:::vid_v2NNTNAXRWY,holdout,train
pooled_holdout,en-bho_IN:::speech:::vid_x48axn9yc9k,en-bho_IN:::speech:::vid_x48axn9yc9k,holdout,train
pooled_holdout,en-cs_CZ:::literary:::rink_rats_chapter2,en-ar_EG:::literary:::rink_rats_chapter2,holdout,train
pooled_holdout,en-cs_CZ:::news:::en.ndtv.com.357237,en-cs_CZ:::news:::en.ndtv.com.357237,holdout,test
pooled_holdout,en-cs_CZ:::news:::guardian.228996,en-ar_EG:::news:::guardian.228996,holdout,train
pooled_holdout,en-cs_CZ:::news:::guardian.229338,en-cs_CZ:::news:::guardian.229338,holdout,train
pooled_holdout,en-cs_CZ:::news:::guardian.230238,en-ar_EG:::news:::guardian.230238,holdout,test
pooled_holdout,en-cs_CZ:::news:::guardian.230737,en-bho_IN:::news:::guardian.230737,holdout,train
pooled_holdout,en-cs_CZ:::news:::guardian.231311,en-ar_EG:::news:::guardian.231311,holdout,train
pooled_holdout,en-cs_CZ:::news:::newrepublic.com.12619,en-ar_EG:::news:::newrepublic.com.12619,holdout,test
pooled_holdout,en-cs_CZ:::news:::newrepublic.com.12623,en-ar_EG:::news:::newrepublic.com.12623,holdout,train
pooled_holdout,en-cs_CZ:::news:::nytimes.153341,en-bho_IN:::news:::nytimes.153341,holdout,test
pooled_holdout,en-cs_CZ:::social:::112502991207286008,en-ar_EG:::social:::112502991207286008,holdout,test
pooled_holdout,en-cs_CZ:::social:::114151944720213193,en-ar_EG:::social:::114151944720213193,holdout,test
pooled_holdout,en-cs_CZ:::social:::114174389242714730,en-ar_EG:::social:::114174389242714730,holdout,train
pooled_holdout,en-cs_CZ:::social:::114300646822630777,en-ar_EG:::social:::114300646822630777,holdout,train
pooled_holdout,en-cs_CZ:::social:::114417630342798842,en-ar_EG:::social:::114417630342798842,holdout,validation
pooled_holdout,en-cs_CZ:::speech:::vid_27keISTaqYw,en-ar_EG:::speech:::vid_27keISTaqYw,holdout,train
pooled_holdout,en-cs_CZ:::speech:::vid_3DI4-E5Imow,en-ar_EG:::speech:::vid_3DI4-E5Imow,holdout,train
pooled_holdout,en-cs_CZ:::speech:::vid_3vpEaAjDgtI,en-ar_EG:::speech:::vid_3vpEaAjDgtI,holdout,train
pooled_holdout,en-cs_CZ:::speech:::vid_6dP6bHX73_k,en-ar_EG:::speech:::vid_6dP6bHX73_k,holdout,train
pooled_holdout,en-cs_CZ:::speech:::vid_7Aw4Q46omiM,en-ar_EG:::speech:::vid_7Aw4Q46omiM,holdout,test
pooled_holdout,en-cs_CZ:::speech:::vid_Ft41IG2BAG8,en-ar_EG:::speech:::vid_Ft41IG2BAG8,holdout,train
pooled_holdout,en-cs_CZ:::speech:::vid_JIq55zBGNX4,en-ar_EG:::speech:::vid_JIq55zBGNX4,holdout,train
pooled_holdout,en-cs_CZ:::speech:::vid_JoTLTGv8kqA,en-ar_EG:::speech:::vid_JoTLTGv8kqA,holdout,train
pooled_holdout,en-cs_CZ:::speech:::vid_JpW9KlX1Pjs,en-ar_EG:::speech:::vid_JpW9KlX1Pjs,holdout,validation
pooled_holdout,en-cs_CZ:::speech:::vid_Kr2KbsdNHWs,en-cs_CZ:::speech:::vid_Kr2KbsdNHWs,holdout,train
pooled_holdout,en-cs_CZ:::speech:::vid_Lb7Dhf7oo4Y,en-ar_EG:::speech:::vid_Lb7Dhf7oo4Y,holdout,train
pooled_holdout,en-cs_CZ:::speech:::vid_M7v3ZfP4fm0,en-ar_EG:::speech:::vid_M7v3ZfP4fm0,holdout,train
pooled_holdout,en-cs_CZ:::speech:::vid_OmK3XTCDbbs,en-ar_EG:::speech:::vid_OmK3XTCDbbs,holdout,test
pooled_holdout,en-cs_CZ:::speech:::vid_P2a0lVGYDNo,en-cs_CZ:::speech:::vid_P2a0lVGYDNo,holdout,validation
pooled_holdout,en-cs_CZ:::speech:::vid_QgTkUWYd82M,en-ar_EG:::speech:::vid_QgTkUWYd82M,holdout,validation
pooled_holdout,en-cs_CZ:::speech:::vid_Qu8m9h-AC0I,en-ar_EG:::speech:::vid_Qu8m9h-AC0I,holdout,train
pooled_holdout,en-cs_CZ:::speech:::vid_RIjzeZ1xk1c,en-ar_EG:::speech:::vid_RIjzeZ1xk1c,holdout,train
pooled_holdout,en-cs_CZ:::speech:::vid_Si9CnnVI8sk,en-ar_EG:::speech:::vid_Si9CnnVI8sk,holdout,test
pooled_holdout,en-cs_CZ:::speech:::vid_YNQ_7eV3WcE,en-ar_EG:::speech:::vid_YNQ_7eV3WcE,holdout,test
pooled_holdout,en-cs_CZ:::speech:::vid_YTxmx8hyJtA,en-ar_EG:::speech:::vid_YTxmx8hyJtA,holdout,validation
pooled_holdout,en-cs_CZ:::speech:::vid__S0GOwEJXUA,en-ar_EG:::speech:::vid__S0GOwEJXUA,holdout,train
pooled_holdout,en-cs_CZ:::speech:::vid_blR87HY5UPk,en-ar_EG:::speech:::vid_blR87HY5UPk,holdout,train
pooled_holdout,en-cs_CZ:::speech:::vid_m6CcZN4S8mk,en-cs_CZ:::speech:::vid_m6CcZN4S8mk,holdout,train
pooled_holdout,en-cs_CZ:::speech:::vid_n-mmxFdva4w,en-bho_IN:::speech:::vid_n-mmxFdva4w,holdout,train
pooled_holdout,en-cs_CZ:::speech:::vid_nU09s4CuaRg,en-ar_EG:::speech:::vid_nU09s4CuaRg,holdout,validation
pooled_holdout,en-cs_CZ:::speech:::vid_ncokXMVuG5s,en-cs_CZ:::speech:::vid_ncokXMVuG5s,holdout,train
pooled_holdout,en-cs_CZ:::speech:::vid_pykdLJtt9yk,en-ar_EG:::speech:::vid_pykdLJtt9yk,holdout,train
pooled_holdout,en-cs_CZ:::speech:::vid_qhwgP27R4xw,en-ar_EG:::speech:::vid_qhwgP27R4xw,holdout,test
pooled_holdout,en-cs_CZ:::speech:::vid_r-aI0JD0bCE,en-ar_EG:::speech:::vid_r-aI0JD0bCE,holdout,train
pooled_holdout,en-cs_CZ:::speech:::vid_rU8nY03Lo5s,en-ar_EG:::speech:::vid_rU8nY03Lo5s,holdout,train
pooled_holdout,en-cs_CZ:::speech:::vid_uZvI4plitd4,en-cs_CZ:::speech:::vid_uZvI4plitd4,holdout,train
pooled_holdout,en-cs_CZ:::speech:::vid_wTKg_pD9bHo,en-cs_CZ:::speech:::vid_wTKg_pD9bHo,holdout,train
pooled_holdout,en-cs_CZ:::speech:::vid_x48axn9yc9k,en-bho_IN:::speech:::vid_x48axn9yc9k,holdout,train
pooled_holdout,en-cs_CZ:::dialogue:::MUL0845,en-cs_CZ:::dialogue:::MUL0845,holdout,validation
pooled_holdout,en-cs_CZ:::dialogue:::MUL1060,en-cs_CZ:::dialogue:::MUL1060,holdout,train
pooled_holdout,en-cs_CZ:::dialogue:::MUL1066,en-cs_CZ:::dialogue:::MUL1066,holdout,test
pooled_holdout,en-cs_CZ:::dialogue:::MUL1139,en-cs_CZ:::dialogue:::MUL1139,holdout,train
pooled_holdout,en-cs_CZ:::dialogue:::MUL2290,en-cs_CZ:::dialogue:::MUL2290,holdout,train
pooled_holdout,en-cs_CZ:::dialogue:::MUL2294,en-cs_CZ:::dialogue:::MUL2294,holdout,test
pooled_holdout,en-cs_CZ:::dialogue:::MUL2305,en-cs_CZ:::dialogue:::MUL2305,holdout,train
pooled_holdout,en-cs_CZ:::dialogue:::MUL2405,en-cs_CZ:::dialogue:::MUL2405,holdout,train
pooled_holdout,en-cs_CZ:::dialogue:::PMUL2755,en-cs_CZ:::dialogue:::PMUL2755,holdout,validation
pooled_holdout,en-cs_CZ:::dialogue:::PMUL4134,en-cs_CZ:::dialogue:::PMUL4134,holdout,validation
pooled_holdout,en-cs_CZ:::dialogue:::PMUL4140,en-cs_CZ:::dialogue:::PMUL4140,holdout,test
pooled_holdout,en-cs_CZ:::dialogue:::SNG0991,en-cs_CZ:::dialogue:::SNG0991,holdout,train
pooled_holdout,en-et_EE:::literary:::rink_rats_chapter2,en-ar_EG:::literary:::rink_rats_chapter2,holdout,train
pooled_holdout,en-et_EE:::news:::brisbanetimes.com.au.306576,en-ar_EG:::news:::brisbanetimes.com.au.306576,holdout,train
pooled_holdout,en-et_EE:::news:::en.ndtv.com.357237,en-cs_CZ:::news:::en.ndtv.com.357237,holdout,test
pooled_holdout,en-et_EE:::news:::guardian.228996,en-ar_EG:::news:::guardian.228996,holdout,train
pooled_holdout,en-et_EE:::news:::guardian.229338,en-cs_CZ:::news:::guardian.229338,holdout,train
pooled_holdout,en-et_EE:::news:::guardian.230737,en-bho_IN:::news:::guardian.230737,holdout,train
pooled_holdout,en-et_EE:::news:::guardian.231311,en-ar_EG:::news:::guardian.231311,holdout,train
pooled_holdout,en-et_EE:::news:::newrepublic.com.12619,en-ar_EG:::news:::newrepublic.com.12619,holdout,test
pooled_holdout,en-et_EE:::news:::newrepublic.com.12623,en-ar_EG:::news:::newrepublic.com.12623,holdout,train
pooled_holdout,en-et_EE:::news:::nytimes.153341,en-bho_IN:::news:::nytimes.153341,holdout,test
pooled_holdout,en-et_EE:::social:::112502991207286008,en-ar_EG:::social:::112502991207286008,holdout,test
pooled_holdout,en-et_EE:::social:::114151944720213193,en-ar_EG:::social:::114151944720213193,holdout,test
pooled_holdout,en-et_EE:::social:::114157282362077575,en-bho_IN:::social:::114157282362077575,holdout,train
pooled_holdout,en-et_EE:::social:::114174389242714730,en-ar_EG:::social:::114174389242714730,holdout,train
pooled_holdout,en-et_EE:::social:::114300646822630777,en-ar_EG:::social:::114300646822630777,holdout,train
pooled_holdout,en-et_EE:::social:::114417630342798842,en-ar_EG:::social:::114417630342798842,holdout,validation
pooled_holdout,en-et_EE:::speech:::vid_27keISTaqYw,en-ar_EG:::speech:::vid_27keISTaqYw,holdout,train
pooled_holdout,en-et_EE:::speech:::vid_3DI4-E5Imow,en-ar_EG:::speech:::vid_3DI4-E5Imow,holdout,train
pooled_holdout,en-et_EE:::speech:::vid_3vpEaAjDgtI,en-ar_EG:::speech:::vid_3vpEaAjDgtI,holdout,train
pooled_holdout,en-et_EE:::speech:::vid_6dP6bHX73_k,en-ar_EG:::speech:::vid_6dP6bHX73_k,holdout,train
pooled_holdout,en-et_EE:::speech:::vid_7Aw4Q46omiM,en-ar_EG:::speech:::vid_7Aw4Q46omiM,holdout,test
pooled_holdout,en-et_EE:::speech:::vid_8GpZT9TJJAw,en-ar_EG:::speech:::vid_8GpZT9TJJAw,holdout,validation
pooled_holdout,en-et_EE:::speech:::vid_Ft41IG2BAG8,en-ar_EG:::speech:::vid_Ft41IG2BAG8,holdout,train
pooled_holdout,en-et_EE:::speech:::vid_GYfhGLrrDts,en-ar_EG:::speech:::vid_GYfhGLrrDts,holdout,validation
pooled_holdout,en-et_EE:::speech:::vid_HjRhgaz1xTI,en-et_EE:::speech:::vid_HjRhgaz1xTI,holdout,validation
pooled_holdout,en-et_EE:::speech:::vid_JIq55zBGNX4,en-ar_EG:::speech:::vid_JIq55zBGNX4,holdout,train
pooled_holdout,en-et_EE:::speech:::vid_JoTLTGv8kqA,en-ar_EG:::speech:::vid_JoTLTGv8kqA,holdout,train
pooled_holdout,en-et_EE:::speech:::vid_Kr2KbsdNHWs,en-cs_CZ:::speech:::vid_Kr2KbsdNHWs,holdout,train
pooled_holdout,en-et_EE:::speech:::vid_Lb7Dhf7oo4Y,en-ar_EG:::speech:::vid_Lb7Dhf7oo4Y,holdout,train
pooled_holdout,en-et_EE:::speech:::vid_M7v3ZfP4fm0,en-ar_EG:::speech:::vid_M7v3ZfP4fm0,holdout,train
pooled_holdout,en-et_EE:::speech:::vid_OmK3XTCDbbs,en-ar_EG:::speech:::vid_OmK3XTCDbbs,holdout,test
pooled_holdout,en-et_EE:::speech:::vid_PJLN1kAzbyw,en-ar_EG:::speech:::vid_PJLN1kAzbyw,holdout,train
pooled_holdout,en-et_EE:::speech:::vid_QgTkUWYd82M,en-ar_EG:::speech:::vid_QgTkUWYd82M,holdout,validation
pooled_holdout,en-et_EE:::speech:::vid_Qu8m9h-AC0I,en-ar_EG:::speech:::vid_Qu8m9h-AC0I,holdout,train
pooled_holdout,en-et_EE:::speech:::vid_RIjzeZ1xk1c,en-ar_EG:::speech:::vid_RIjzeZ1xk1c,holdout,train
pooled_holdout,en-et_EE:::speech:::vid_Si9CnnVI8sk,en-ar_EG:::speech:::vid_Si9CnnVI8sk,holdout,test
pooled_holdout,en-et_EE:::speech:::vid_YNQ_7eV3WcE,en-ar_EG:::speech:::vid_YNQ_7eV3WcE,holdout,test
pooled_holdout,en-et_EE:::speech:::vid_YTxmx8hyJtA,en-ar_EG:::speech:::vid_YTxmx8hyJtA,holdout,validation
pooled_holdout,en-et_EE:::speech:::vid__S0GOwEJXUA,en-ar_EG:::speech:::vid__S0GOwEJXUA,holdout,train
pooled_holdout,en-et_EE:::speech:::vid_fWRlPSl5itQ,en-bho_IN:::speech:::vid_fWRlPSl5itQ,holdout,train
pooled_holdout,en-et_EE:::speech:::vid_m6CcZN4S8mk,en-cs_CZ:::speech:::vid_m6CcZN4S8mk,holdout,train
pooled_holdout,en-et_EE:::speech:::vid_mDjddYiHd7A,en-ar_EG:::speech:::vid_mDjddYiHd7A,holdout,train
pooled_holdout,en-et_EE:::speech:::vid_nNjtLybPRjM,en-ar_EG:::speech:::vid_nNjtLybPRjM,holdout,train
pooled_holdout,en-et_EE:::speech:::vid_nU09s4CuaRg,en-ar_EG:::speech:::vid_nU09s4CuaRg,holdout,validation
pooled_holdout,en-et_EE:::speech:::vid_ncokXMVuG5s,en-cs_CZ:::speech:::vid_ncokXMVuG5s,holdout,train
pooled_holdout,en-et_EE:::speech:::vid_qhwgP27R4xw,en-ar_EG:::speech:::vid_qhwgP27R4xw,holdout,test
pooled_holdout,en-et_EE:::speech:::vid_r-aI0JD0bCE,en-ar_EG:::speech:::vid_r-aI0JD0bCE,holdout,train
pooled_holdout,en-et_EE:::speech:::vid_rU8nY03Lo5s,en-ar_EG:::speech:::vid_rU8nY03Lo5s,holdout,train
pooled_holdout,en-et_EE:::speech:::vid_uZvI4plitd4,en-cs_CZ:::speech:::vid_uZvI4plitd4,holdout,train
pooled_holdout,en-et_EE:::speech:::vid_v2NNTNAXRWY,en-ar_EG:::speech:::vid_v2NNTNAXRWY,holdout,train
pooled_holdout,en-et_EE:::speech:::vid_wTKg_pD9bHo,en-cs_CZ:::speech:::vid_wTKg_pD9bHo,holdout,train
pooled_holdout,en-et_EE:::speech:::vid_x48axn9yc9k,en-bho_IN:::speech:::vid_x48axn9yc9k,holdout,train
pooled_holdout,en-is_IS:::literary:::rink_rats_chapter2,en-ar_EG:::literary:::rink_rats_chapter2,holdout,train
pooled_holdout,en-is_IS:::news:::en.ndtv.com.357237,en-cs_CZ:::news:::en.ndtv.com.357237,holdout,test
pooled_holdout,en-is_IS:::news:::guardian.229338,en-cs_CZ:::news:::guardian.229338,holdout,train
pooled_holdout,en-is_IS:::news:::guardian.229703,en-ar_EG:::news:::guardian.229703,holdout,train
pooled_holdout,en-is_IS:::news:::guardian.231311,en-ar_EG:::news:::guardian.231311,holdout,train
pooled_holdout,en-is_IS:::news:::guardian.231314,en-is_IS:::news:::guardian.231314,holdout,validation
pooled_holdout,en-is_IS:::news:::newrepublic.com.12619,en-ar_EG:::news:::newrepublic.com.12619,holdout,test
pooled_holdout,en-is_IS:::news:::newrepublic.com.12623,en-ar_EG:::news:::newrepublic.com.12623,holdout,train
pooled_holdout,en-is_IS:::news:::nytimes.153341,en-bho_IN:::news:::nytimes.153341,holdout,test
pooled_holdout,en-is_IS:::news:::nytimes.154208,en-ar_EG:::news:::nytimes.154208,holdout,train
pooled_holdout,en-is_IS:::social:::112502991207286008,en-ar_EG:::social:::112502991207286008,holdout,test
pooled_holdout,en-is_IS:::social:::114151944720213193,en-ar_EG:::social:::114151944720213193,holdout,test
pooled_holdout,en-is_IS:::social:::114157282362077575,en-bho_IN:::social:::114157282362077575,holdout,train
pooled_holdout,en-is_IS:::social:::114174389242714730,en-ar_EG:::social:::114174389242714730,holdout,train
pooled_holdout,en-is_IS:::social:::114294867111841563,en-ar_EG:::social:::114294867111841563,holdout,train
pooled_holdout,en-is_IS:::social:::114300646822630777,en-ar_EG:::social:::114300646822630777,holdout,train
pooled_holdout,en-is_IS:::social:::114417630342798842,en-ar_EG:::social:::114417630342798842,holdout,validation
pooled_holdout,en-is_IS:::speech:::vid_27keISTaqYw,en-ar_EG:::speech:::vid_27keISTaqYw,holdout,train
pooled_holdout,en-is_IS:::speech:::vid_3DI4-E5Imow,en-ar_EG:::speech:::vid_3DI4-E5Imow,holdout,train
pooled_holdout,en-is_IS:::speech:::vid_3vpEaAjDgtI,en-ar_EG:::speech:::vid_3vpEaAjDgtI,holdout,train
pooled_holdout,en-is_IS:::speech:::vid_6dP6bHX73_k,en-ar_EG:::speech:::vid_6dP6bHX73_k,holdout,train
pooled_holdout,en-is_IS:::speech:::vid_8GpZT9TJJAw,en-ar_EG:::speech:::vid_8GpZT9TJJAw,holdout,validation
pooled_holdout,en-is_IS:::speech:::vid_8I8msBYGNR4,en-bho_IN:::speech:::vid_8I8msBYGNR4,holdout,train
pooled_holdout,en-is_IS:::speech:::vid_Ft41IG2BAG8,en-ar_EG:::speech:::vid_Ft41IG2BAG8,holdout,train
pooled_holdout,en-is_IS:::speech:::vid_GYfhGLrrDts,en-ar_EG:::speech:::vid_GYfhGLrrDts,holdout,validation
pooled_holdout,en-is_IS:::speech:::vid_HxIaVXzxoBs,en-is_IS:::speech:::vid_HxIaVXzxoBs,holdout,train
pooled_holdout,en-is_IS:::speech:::vid_JIq55zBGNX4,en-ar_EG:::speech:::vid_JIq55zBGNX4,holdout,train
pooled_holdout,en-is_IS:::speech:::vid_JoTLTGv8kqA,en-ar_EG:::speech:::vid_JoTLTGv8kqA,holdout,train
pooled_holdout,en-is_IS:::speech:::vid_Kr2KbsdNHWs,en-cs_CZ:::speech:::vid_Kr2KbsdNHWs,holdout,train
pooled_holdout,en-is_IS:::speech:::vid_Lb7Dhf7oo4Y,en-ar_EG:::speech:::vid_Lb7Dhf7oo4Y,holdout,train
pooled_holdout,en-is_IS:::speech:::vid_M7v3ZfP4fm0,en-ar_EG:::speech:::vid_M7v3ZfP4fm0,holdout,train
pooled_holdout,en-is_IS:::speech:::vid_MO757yMnU0A,en-is_IS:::speech:::vid_MO757yMnU0A,holdout,train
pooled_holdout,en-is_IS:::speech:::vid_OXHLjswiGeI,en-bho_IN:::speech:::vid_OXHLjswiGeI,holdout,test
pooled_holdout,en-is_IS:::speech:::vid_OmK3XTCDbbs,en-ar_EG:::speech:::vid_OmK3XTCDbbs,holdout,test
pooled_holdout,en-is_IS:::speech:::vid_PJLN1kAzbyw,en-ar_EG:::speech:::vid_PJLN1kAzbyw,holdout,train
pooled_holdout,en-is_IS:::speech:::vid_QgTkUWYd82M,en-ar_EG:::speech:::vid_QgTkUWYd82M,holdout,validation
pooled_holdout,en-is_IS:::speech:::vid_Qu8m9h-AC0I,en-ar_EG:::speech:::vid_Qu8m9h-AC0I,holdout,train
pooled_holdout,en-is_IS:::speech:::vid_Si9CnnVI8sk,en-ar_EG:::speech:::vid_Si9CnnVI8sk,holdout,test
pooled_holdout,en-is_IS:::speech:::vid_YNQ_7eV3WcE,en-ar_EG:::speech:::vid_YNQ_7eV3WcE,holdout,test
pooled_holdout,en-is_IS:::speech:::vid_YTxmx8hyJtA,en-ar_EG:::speech:::vid_YTxmx8hyJtA,holdout,validation
pooled_holdout,en-is_IS:::speech:::vid__S0GOwEJXUA,en-ar_EG:::speech:::vid__S0GOwEJXUA,holdout,train
pooled_holdout,en-is_IS:::speech:::vid_blR87HY5UPk,en-ar_EG:::speech:::vid_blR87HY5UPk,holdout,train
pooled_holdout,en-is_IS:::speech:::vid_m6CcZN4S8mk,en-cs_CZ:::speech:::vid_m6CcZN4S8mk,holdout,train
pooled_holdout,en-is_IS:::speech:::vid_mDjddYiHd7A,en-ar_EG:::speech:::vid_mDjddYiHd7A,holdout,train
pooled_holdout,en-is_IS:::speech:::vid_nNjtLybPRjM,en-ar_EG:::speech:::vid_nNjtLybPRjM,holdout,train
pooled_holdout,en-is_IS:::speech:::vid_nU09s4CuaRg,en-ar_EG:::speech:::vid_nU09s4CuaRg,holdout,validation
pooled_holdout,en-is_IS:::speech:::vid_ncokXMVuG5s,en-cs_CZ:::speech:::vid_ncokXMVuG5s,holdout,train
pooled_holdout,en-is_IS:::speech:::vid_qhwgP27R4xw,en-ar_EG:::speech:::vid_qhwgP27R4xw,holdout,test
pooled_holdout,en-is_IS:::speech:::vid_rU8nY03Lo5s,en-ar_EG:::speech:::vid_rU8nY03Lo5s,holdout,train
pooled_holdout,en-is_IS:::speech:::vid_u2JNW0Ftyzg,en-bho_IN:::speech:::vid_u2JNW0Ftyzg,holdout,train
pooled_holdout,en-is_IS:::speech:::vid_uB_fMAbhJwY,en-ar_EG:::speech:::vid_uB_fMAbhJwY,holdout,train
pooled_holdout,en-is_IS:::speech:::vid_v2NNTNAXRWY,en-ar_EG:::speech:::vid_v2NNTNAXRWY,holdout,train
pooled_holdout,en-is_IS:::speech:::vid_wTKg_pD9bHo,en-cs_CZ:::speech:::vid_wTKg_pD9bHo,holdout,train
pooled_holdout,en-it_IT:::literary:::rink_rats_chapter2,en-ar_EG:::literary:::rink_rats_chapter2,holdout,train
pooled_holdout,en-it_IT:::news:::brisbanetimes.com.au.306576,en-ar_EG:::news:::brisbanetimes.com.au.306576,holdout,train
pooled_holdout,en-it_IT:::news:::en.ndtv.com.357237,en-cs_CZ:::news:::en.ndtv.com.357237,holdout,test
pooled_holdout,en-it_IT:::news:::guardian.228996,en-ar_EG:::news:::guardian.228996,holdout,train
pooled_holdout,en-it_IT:::news:::guardian.229703,en-ar_EG:::news:::guardian.229703,holdout,train
pooled_holdout,en-it_IT:::news:::guardian.230737,en-bho_IN:::news:::guardian.230737,holdout,train
pooled_holdout,en-it_IT:::news:::guardian.231311,en-ar_EG:::news:::guardian.231311,holdout,train
pooled_holdout,en-it_IT:::news:::guardian.231314,en-is_IS:::news:::guardian.231314,holdout,validation
pooled_holdout,en-it_IT:::news:::newrepublic.com.12619,en-ar_EG:::news:::newrepublic.com.12619,holdout,test
pooled_holdout,en-it_IT:::news:::newrepublic.com.12623,en-ar_EG:::news:::newrepublic.com.12623,holdout,train
pooled_holdout,en-it_IT:::social:::112502991207286008,en-ar_EG:::social:::112502991207286008,holdout,test
pooled_holdout,en-it_IT:::social:::114151944720213193,en-ar_EG:::social:::114151944720213193,holdout,test
pooled_holdout,en-it_IT:::social:::114157282362077575,en-bho_IN:::social:::114157282362077575,holdout,train
pooled_holdout,en-it_IT:::social:::114174389242714730,en-ar_EG:::social:::114174389242714730,holdout,train
pooled_holdout,en-it_IT:::social:::114220065940975488,en-it_IT:::social:::114220065940975488,holdout,train
pooled_holdout,en-it_IT:::social:::114300646822630777,en-ar_EG:::social:::114300646822630777,holdout,train
pooled_holdout,en-it_IT:::social:::114417630342798842,en-ar_EG:::social:::114417630342798842,holdout,validation
pooled_holdout,en-it_IT:::speech:::vid_27keISTaqYw,en-ar_EG:::speech:::vid_27keISTaqYw,holdout,train
pooled_holdout,en-it_IT:::speech:::vid_2cLeDVfEqG4,en-ar_EG:::speech:::vid_2cLeDVfEqG4,holdout,validation
pooled_holdout,en-it_IT:::speech:::vid_3DI4-E5Imow,en-ar_EG:::speech:::vid_3DI4-E5Imow,holdout,train
pooled_holdout,en-it_IT:::speech:::vid_3vpEaAjDgtI,en-ar_EG:::speech:::vid_3vpEaAjDgtI,holdout,train
pooled_holdout,en-it_IT:::speech:::vid_6dP6bHX73_k,en-ar_EG:::speech:::vid_6dP6bHX73_k,holdout,train
pooled_holdout,en-it_IT:::speech:::vid_7Aw4Q46omiM,en-ar_EG:::speech:::vid_7Aw4Q46omiM,holdout,test
pooled_holdout,en-it_IT:::speech:::vid_8qZFupajBuo,en-ar_EG:::speech:::vid_8qZFupajBuo,holdout,train
pooled_holdout,en-it_IT:::speech:::vid_AJlp_obQgq8,en-bho_IN:::speech:::vid_AJlp_obQgq8,holdout,test
pooled_holdout,en-it_IT:::speech:::vid_Ft41IG2BAG8,en-ar_EG:::speech:::vid_Ft41IG2BAG8,holdout,train
pooled_holdout,en-it_IT:::speech:::vid_GYfhGLrrDts,en-ar_EG:::speech:::vid_GYfhGLrrDts,holdout,validation
pooled_holdout,en-it_IT:::speech:::vid_HjRhgaz1xTI,en-et_EE:::speech:::vid_HjRhgaz1xTI,holdout,validation
pooled_holdout,en-it_IT:::speech:::vid_JIq55zBGNX4,en-ar_EG:::speech:::vid_JIq55zBGNX4,holdout,train
pooled_holdout,en-it_IT:::speech:::vid_JoTLTGv8kqA,en-ar_EG:::speech:::vid_JoTLTGv8kqA,holdout,train
pooled_holdout,en-it_IT:::speech:::vid_Lb7Dhf7oo4Y,en-ar_EG:::speech:::vid_Lb7Dhf7oo4Y,holdout,train
pooled_holdout,en-it_IT:::speech:::vid_M7v3ZfP4fm0,en-ar_EG:::speech:::vid_M7v3ZfP4fm0,holdout,train
pooled_holdout,en-it_IT:::speech:::vid_MK9b8_2DwLY,en-bho_IN:::speech:::vid_MK9b8_2DwLY,holdout,train
pooled_holdout,en-it_IT:::speech:::vid_OmK3XTCDbbs,en-ar_EG:::speech:::vid_OmK3XTCDbbs,holdout,test
pooled_holdout,en-it_IT:::speech:::vid_P2a0lVGYDNo,en-cs_CZ:::speech:::vid_P2a0lVGYDNo,holdout,validation
pooled_holdout,en-it_IT:::speech:::vid_PJLN1kAzbyw,en-ar_EG:::speech:::vid_PJLN1kAzbyw,holdout,train
pooled_holdout,en-it_IT:::speech:::vid_QgTkUWYd82M,en-ar_EG:::speech:::vid_QgTkUWYd82M,holdout,validation
pooled_holdout,en-it_IT:::speech:::vid_Qu8m9h-AC0I,en-ar_EG:::speech:::vid_Qu8m9h-AC0I,holdout,train
pooled_holdout,en-it_IT:::speech:::vid_RIjzeZ1xk1c,en-ar_EG:::speech:::vid_RIjzeZ1xk1c,holdout,train
pooled_holdout,en-it_IT:::speech:::vid_Si9CnnVI8sk,en-ar_EG:::speech:::vid_Si9CnnVI8sk,holdout,test
pooled_holdout,en-it_IT:::speech:::vid_VnlWOV5Oj1c,en-ar_EG:::speech:::vid_VnlWOV5Oj1c,holdout,train
pooled_holdout,en-it_IT:::speech:::vid_YNQ_7eV3WcE,en-ar_EG:::speech:::vid_YNQ_7eV3WcE,holdout,test
pooled_holdout,en-it_IT:::speech:::vid_YTxmx8hyJtA,en-ar_EG:::speech:::vid_YTxmx8hyJtA,holdout,validation
pooled_holdout,en-it_IT:::speech:::vid__S0GOwEJXUA,en-ar_EG:::speech:::vid__S0GOwEJXUA,holdout,train
pooled_holdout,en-it_IT:::speech:::vid_blR87HY5UPk,en-ar_EG:::speech:::vid_blR87HY5UPk,holdout,train
pooled_holdout,en-it_IT:::speech:::vid_m6CcZN4S8mk,en-cs_CZ:::speech:::vid_m6CcZN4S8mk,holdout,train
pooled_holdout,en-it_IT:::speech:::vid_mDjddYiHd7A,en-ar_EG:::speech:::vid_mDjddYiHd7A,holdout,train
pooled_holdout,en-it_IT:::speech:::vid_nNjtLybPRjM,en-ar_EG:::speech:::vid_nNjtLybPRjM,holdout,train
pooled_holdout,en-it_IT:::speech:::vid_ncokXMVuG5s,en-cs_CZ:::speech:::vid_ncokXMVuG5s,holdout,train
pooled_holdout,en-it_IT:::speech:::vid_qhwgP27R4xw,en-ar_EG:::speech:::vid_qhwgP27R4xw,holdout,test
pooled_holdout,en-it_IT:::speech:::vid_r-aI0JD0bCE,en-ar_EG:::speech:::vid_r-aI0JD0bCE,holdout,train
pooled_holdout,en-it_IT:::speech:::vid_v2NNTNAXRWY,en-ar_EG:::speech:::vid_v2NNTNAXRWY,holdout,train
pooled_holdout,en-it_IT:::speech:::vid_wTKg_pD9bHo,en-cs_CZ:::speech:::vid_wTKg_pD9bHo,holdout,train
pooled_holdout,en-it_IT:::speech:::vid_x48axn9yc9k,en-bho_IN:::speech:::vid_x48axn9yc9k,holdout,train
pooled_holdout,en-ja_JP:::literary:::rink_rats_chapter1,en-ja_JP:::literary:::rink_rats_chapter1,holdout,train
pooled_holdout,en-ja_JP:::news:::brisbanetimes.com.au.306576,en-ar_EG:::news:::brisbanetimes.com.au.306576,holdout,train
pooled_holdout,en-ja_JP:::news:::guardian.228996,en-ar_EG:::news:::guardian.228996,holdout,train
pooled_holdout,en-ja_JP:::news:::guardian.230737,en-bho_IN:::news:::guardian.230737,holdout,train
pooled_holdout,en-ja_JP:::news:::guardian.231311,en-ar_EG:::news:::guardian.231311,holdout,train
pooled_holdout,en-ja_JP:::news:::guardian.231314,en-is_IS:::news:::guardian.231314,holdout,validation
pooled_holdout,en-ja_JP:::news:::newrepublic.com.12619,en-ar_EG:::news:::newrepublic.com.12619,holdout,test
pooled_holdout,en-ja_JP:::news:::newrepublic.com.12623,en-ar_EG:::news:::newrepublic.com.12623,holdout,train
pooled_holdout,en-ja_JP:::news:::nytimes.153341,en-bho_IN:::news:::nytimes.153341,holdout,test
pooled_holdout,en-ja_JP:::social:::112502991207286008,en-ar_EG:::social:::112502991207286008,holdout,test
pooled_holdout,en-ja_JP:::social:::114151944720213193,en-ar_EG:::social:::114151944720213193,holdout,test
pooled_holdout,en-ja_JP:::social:::114157282362077575,en-bho_IN:::social:::114157282362077575,holdout,train
pooled_holdout,en-ja_JP:::social:::114174389242714730,en-ar_EG:::social:::114174389242714730,holdout,train
pooled_holdout,en-ja_JP:::social:::114300646822630777,en-ar_EG:::social:::114300646822630777,holdout,train
pooled_holdout,en-ja_JP:::social:::114417630342798842,en-ar_EG:::social:::114417630342798842,holdout,validation
pooled_holdout,en-ja_JP:::speech:::vid_27keISTaqYw,en-ar_EG:::speech:::vid_27keISTaqYw,holdout,train
pooled_holdout,en-ja_JP:::speech:::vid_2cLeDVfEqG4,en-ar_EG:::speech:::vid_2cLeDVfEqG4,holdout,validation
pooled_holdout,en-ja_JP:::speech:::vid_3vpEaAjDgtI,en-ar_EG:::speech:::vid_3vpEaAjDgtI,holdout,train
pooled_holdout,en-ja_JP:::speech:::vid_6dP6bHX73_k,en-ar_EG:::speech:::vid_6dP6bHX73_k,holdout,train
pooled_holdout,en-ja_JP:::speech:::vid_7Aw4Q46omiM,en-ar_EG:::speech:::vid_7Aw4Q46omiM,holdout,test
pooled_holdout,en-ja_JP:::speech:::vid_8I8msBYGNR4,en-bho_IN:::speech:::vid_8I8msBYGNR4,holdout,train
pooled_holdout,en-ja_JP:::speech:::vid_8qZFupajBuo,en-ar_EG:::speech:::vid_8qZFupajBuo,holdout,train
pooled_holdout,en-ja_JP:::speech:::vid_BrC0v6K3H4I,en-ar_EG:::speech:::vid_BrC0v6K3H4I,holdout,test
pooled_holdout,en-ja_JP:::speech:::vid_Ft41IG2BAG8,en-ar_EG:::speech:::vid_Ft41IG2BAG8,holdout,train
pooled_holdout,en-ja_JP:::speech:::vid_GYfhGLrrDts,en-ar_EG:::speech:::vid_GYfhGLrrDts,holdout,validation
pooled_holdout,en-ja_JP:::speech:::vid_HjRhgaz1xTI,en-et_EE:::speech:::vid_HjRhgaz1xTI,holdout,validation
pooled_holdout,en-ja_JP:::speech:::vid_JIq55zBGNX4,en-ar_EG:::speech:::vid_JIq55zBGNX4,holdout,train
pooled_holdout,en-ja_JP:::speech:::vid_JoTLTGv8kqA,en-ar_EG:::speech:::vid_JoTLTGv8kqA,holdout,train
pooled_holdout,en-ja_JP:::speech:::vid_Lb7Dhf7oo4Y,en-ar_EG:::speech:::vid_Lb7Dhf7oo4Y,holdout,train
pooled_holdout,en-ja_JP:::speech:::vid_M7v3ZfP4fm0,en-ar_EG:::speech:::vid_M7v3ZfP4fm0,holdout,train
pooled_holdout,en-ja_JP:::speech:::vid_OmK3XTCDbbs,en-ar_EG:::speech:::vid_OmK3XTCDbbs,holdout,test
pooled_holdout,en-ja_JP:::speech:::vid_PJLN1kAzbyw,en-ar_EG:::speech:::vid_PJLN1kAzbyw,holdout,train
pooled_holdout,en-ja_JP:::speech:::vid_QgTkUWYd82M,en-ar_EG:::speech:::vid_QgTkUWYd82M,holdout,validation
pooled_holdout,en-ja_JP:::speech:::vid_Qu8m9h-AC0I,en-ar_EG:::speech:::vid_Qu8m9h-AC0I,holdout,train
pooled_holdout,en-ja_JP:::speech:::vid_RIjzeZ1xk1c,en-ar_EG:::speech:::vid_RIjzeZ1xk1c,holdout,train
pooled_holdout,en-ja_JP:::speech:::vid_Si9CnnVI8sk,en-ar_EG:::speech:::vid_Si9CnnVI8sk,holdout,test
pooled_holdout,en-ja_JP:::speech:::vid_YTxmx8hyJtA,en-ar_EG:::speech:::vid_YTxmx8hyJtA,holdout,validation
pooled_holdout,en-ja_JP:::speech:::vid__S0GOwEJXUA,en-ar_EG:::speech:::vid__S0GOwEJXUA,holdout,train
pooled_holdout,en-ja_JP:::speech:::vid__r0K17ipoac,en-ja_JP:::speech:::vid__r0K17ipoac,holdout,train
pooled_holdout,en-ja_JP:::speech:::vid_fWRlPSl5itQ,en-bho_IN:::speech:::vid_fWRlPSl5itQ,holdout,train
pooled_holdout,en-ja_JP:::speech:::vid_m6CcZN4S8mk,en-cs_CZ:::speech:::vid_m6CcZN4S8mk,holdout,train
pooled_holdout,en-ja_JP:::speech:::vid_mDjddYiHd7A,en-ar_EG:::speech:::vid_mDjddYiHd7A,holdout,train
pooled_holdout,en-ja_JP:::speech:::vid_n-mmxFdva4w,en-bho_IN:::speech:::vid_n-mmxFdva4w,holdout,train
pooled_holdout,en-ja_JP:::speech:::vid_nNjtLybPRjM,en-ar_EG:::speech:::vid_nNjtLybPRjM,holdout,train
pooled_holdout,en-ja_JP:::speech:::vid_nU09s4CuaRg,en-ar_EG:::speech:::vid_nU09s4CuaRg,holdout,validation
pooled_holdout,en-ja_JP:::speech:::vid_qhwgP27R4xw,en-ar_EG:::speech:::vid_qhwgP27R4xw,holdout,test
pooled_holdout,en-ja_JP:::speech:::vid_r-aI0JD0bCE,en-ar_EG:::speech:::vid_r-aI0JD0bCE,holdout,train
pooled_holdout,en-ja_JP:::speech:::vid_rU8nY03Lo5s,en-ar_EG:::speech:::vid_rU8nY03Lo5s,holdout,train
pooled_holdout,en-ja_JP:::speech:::vid_u2JNW0Ftyzg,en-bho_IN:::speech:::vid_u2JNW0Ftyzg,holdout,train
pooled_holdout,en-ja_JP:::speech:::vid_v2NNTNAXRWY,en-ar_EG:::speech:::vid_v2NNTNAXRWY,holdout,train
pooled_holdout,en-ja_JP:::speech:::vid_x48axn9yc9k,en-bho_IN:::speech:::vid_x48axn9yc9k,holdout,train
pooled_holdout,en-mas_KE:::literary:::rink_rats_chapter2,en-ar_EG:::literary:::rink_rats_chapter2,holdout,train
pooled_holdout,en-mas_KE:::news:::guardian.228996,en-ar_EG:::news:::guardian.228996,holdout,train
pooled_holdout,en-mas_KE:::news:::guardian.230238,en-ar_EG:::news:::guardian.230238,holdout,test
pooled_holdout,en-mas_KE:::news:::guardian.230737,en-bho_IN:::news:::guardian.230737,holdout,train
pooled_holdout,en-mas_KE:::news:::guardian.231311,en-ar_EG:::news:::guardian.231311,holdout,train
pooled_holdout,en-mas_KE:::news:::guardian.231314,en-is_IS:::news:::guardian.231314,holdout,validation
pooled_holdout,en-mas_KE:::news:::newrepublic.com.12619,en-ar_EG:::news:::newrepublic.com.12619,holdout,test
pooled_holdout,en-mas_KE:::news:::newrepublic.com.12623,en-ar_EG:::news:::newrepublic.com.12623,holdout,train
pooled_holdout,en-mas_KE:::news:::nytimes.153341,en-bho_IN:::news:::nytimes.153341,holdout,test
pooled_holdout,en-mas_KE:::social:::114151944720213193,en-ar_EG:::social:::114151944720213193,holdout,test
pooled_holdout,en-mas_KE:::social:::114157282362077575,en-bho_IN:::social:::114157282362077575,holdout,train
pooled_holdout,en-mas_KE:::social:::114174389242714730,en-ar_EG:::social:::114174389242714730,holdout,train
pooled_holdout,en-mas_KE:::social:::114259278941004365,en-mas_KE:::social:::114259278941004365,holdout,validation
pooled_holdout,en-mas_KE:::social:::114294867111841563,en-ar_EG:::social:::114294867111841563,holdout,train
pooled_holdout,en-mas_KE:::social:::114300646822630777,en-ar_EG:::social:::114300646822630777,holdout,train
pooled_holdout,en-mas_KE:::speech:::vid_2cLeDVfEqG4,en-ar_EG:::speech:::vid_2cLeDVfEqG4,holdout,validation
pooled_holdout,en-mas_KE:::speech:::vid_3DI4-E5Imow,en-ar_EG:::speech:::vid_3DI4-E5Imow,holdout,train
pooled_holdout,en-mas_KE:::speech:::vid_3vpEaAjDgtI,en-ar_EG:::speech:::vid_3vpEaAjDgtI,holdout,train
pooled_holdout,en-mas_KE:::speech:::vid_7Aw4Q46omiM,en-ar_EG:::speech:::vid_7Aw4Q46omiM,holdout,test
pooled_holdout,en-mas_KE:::speech:::vid_8GpZT9TJJAw,en-ar_EG:::speech:::vid_8GpZT9TJJAw,holdout,validation
pooled_holdout,en-mas_KE:::speech:::vid_8I8msBYGNR4,en-bho_IN:::speech:::vid_8I8msBYGNR4,holdout,train
pooled_holdout,en-mas_KE:::speech:::vid_8qZFupajBuo,en-ar_EG:::speech:::vid_8qZFupajBuo,holdout,train
pooled_holdout,en-mas_KE:::speech:::vid_AJlp_obQgq8,en-bho_IN:::speech:::vid_AJlp_obQgq8,holdout,test
pooled_holdout,en-mas_KE:::speech:::vid_GYfhGLrrDts,en-ar_EG:::speech:::vid_GYfhGLrrDts,holdout,validation
pooled_holdout,en-mas_KE:::speech:::vid_HjRhgaz1xTI,en-et_EE:::speech:::vid_HjRhgaz1xTI,holdout,validation
pooled_holdout,en-mas_KE:::speech:::vid_JoTLTGv8kqA,en-ar_EG:::speech:::vid_JoTLTGv8kqA,holdout,train
pooled_holdout,en-mas_KE:::speech:::vid_JpW9KlX1Pjs,en-ar_EG:::speech:::vid_JpW9KlX1Pjs,holdout,validation
pooled_holdout,en-mas_KE:::speech:::vid_Kr2KbsdNHWs,en-cs_CZ:::speech:::vid_Kr2KbsdNHWs,holdout,train
pooled_holdout,en-mas_KE:::speech:::vid_Lb7Dhf7oo4Y,en-ar_EG:::speech:::vid_Lb7Dhf7oo4Y,holdout,train
pooled_holdout,en-mas_KE:::speech:::vid_MK9b8_2DwLY,en-bho_IN:::speech:::vid_MK9b8_2DwLY,holdout,train
pooled_holdout,en-mas_KE:::speech:::vid_OXHLjswiGeI,en-bho_IN:::speech:::vid_OXHLjswiGeI,holdout,test
pooled_holdout,en-mas_KE:::speech:::vid_OmK3XTCDbbs,en-ar_EG:::speech:::vid_OmK3XTCDbbs,holdout,test
pooled_holdout,en-mas_KE:::speech:::vid_P2a0lVGYDNo,en-cs_CZ:::speech:::vid_P2a0lVGYDNo,holdout,validation
pooled_holdout,en-mas_KE:::speech:::vid_QGNXASdL_ss,en-mas_KE:::speech:::vid_QGNXASdL_ss,holdout,train
pooled_holdout,en-mas_KE:::speech:::vid_QgTkUWYd82M,en-ar_EG:::speech:::vid_QgTkUWYd82M,holdout,validation
pooled_holdout,en-mas_KE:::speech:::vid_Si9CnnVI8sk,en-ar_EG:::speech:::vid_Si9CnnVI8sk,holdout,test
pooled_holdout,en-mas_KE:::speech:::vid_YNQ_7eV3WcE,en-ar_EG:::speech:::vid_YNQ_7eV3WcE,holdout,test
pooled_holdout,en-mas_KE:::speech:::vid_YTxmx8hyJtA,en-ar_EG:::speech:::vid_YTxmx8hyJtA,holdout,validation
pooled_holdout,en-mas_KE:::speech:::vid__S0GOwEJXUA,en-ar_EG:::speech:::vid__S0GOwEJXUA,holdout,train
pooled_holdout,en-mas_KE:::speech:::vid_fWRlPSl5itQ,en-bho_IN:::speech:::vid_fWRlPSl5itQ,holdout,train
pooled_holdout,en-mas_KE:::speech:::vid_m6CcZN4S8mk,en-cs_CZ:::speech:::vid_m6CcZN4S8mk,holdout,train
pooled_holdout,en-mas_KE:::speech:::vid_mDjddYiHd7A,en-ar_EG:::speech:::vid_mDjddYiHd7A,holdout,train
pooled_holdout,en-mas_KE:::speech:::vid_nNjtLybPRjM,en-ar_EG:::speech:::vid_nNjtLybPRjM,holdout,train
pooled_holdout,en-mas_KE:::speech:::vid_nU09s4CuaRg,en-ar_EG:::speech:::vid_nU09s4CuaRg,holdout,validation
pooled_holdout,en-mas_KE:::speech:::vid_qhwgP27R4xw,en-ar_EG:::speech:::vid_qhwgP27R4xw,holdout,test
pooled_holdout,en-mas_KE:::speech:::vid_r-aI0JD0bCE,en-ar_EG:::speech:::vid_r-aI0JD0bCE,holdout,train
pooled_holdout,en-mas_KE:::speech:::vid_rU8nY03Lo5s,en-ar_EG:::speech:::vid_rU8nY03Lo5s,holdout,train
pooled_holdout,en-mas_KE:::speech:::vid_u2JNW0Ftyzg,en-bho_IN:::speech:::vid_u2JNW0Ftyzg,holdout,train
pooled_holdout,en-mas_KE:::speech:::vid_v2NNTNAXRWY,en-ar_EG:::speech:::vid_v2NNTNAXRWY,holdout,train
pooled_holdout,en-ru_RU:::literary:::rink_rats_chapter2,en-ar_EG:::literary:::rink_rats_chapter2,holdout,train
pooled_holdout,en-ru_RU:::news:::en.ndtv.com.357237,en-cs_CZ:::news:::en.ndtv.com.357237,holdout,test
pooled_holdout,en-ru_RU:::news:::guardian.228996,en-ar_EG:::news:::guardian.228996,holdout,train
pooled_holdout,en-ru_RU:::news:::guardian.229338,en-cs_CZ:::news:::guardian.229338,holdout,train
pooled_holdout,en-ru_RU:::news:::guardian.230737,en-bho_IN:::news:::guardian.230737,holdout,train
pooled_holdout,en-ru_RU:::news:::guardian.231311,en-ar_EG:::news:::guardian.231311,holdout,train
pooled_holdout,en-ru_RU:::news:::newrepublic.com.12619,en-ar_EG:::news:::newrepublic.com.12619,holdout,test
pooled_holdout,en-ru_RU:::news:::newrepublic.com.12623,en-ar_EG:::news:::newrepublic.com.12623,holdout,train
pooled_holdout,en-ru_RU:::news:::nytimes.153341,en-bho_IN:::news:::nytimes.153341,holdout,test
pooled_holdout,en-ru_RU:::news:::nytimes.154208,en-ar_EG:::news:::nytimes.154208,holdout,train
pooled_holdout,en-ru_RU:::social:::112502991207286008,en-ar_EG:::social:::112502991207286008,holdout,test
pooled_holdout,en-ru_RU:::social:::114151944720213193,en-ar_EG:::social:::114151944720213193,holdout,test
pooled_holdout,en-ru_RU:::social:::114174389242714730,en-ar_EG:::social:::114174389242714730,holdout,train
pooled_holdout,en-ru_RU:::social:::114220065940975488,en-it_IT:::social:::114220065940975488,holdout,train
pooled_holdout,en-ru_RU:::social:::114300646822630777,en-ar_EG:::social:::114300646822630777,holdout,train
pooled_holdout,en-ru_RU:::social:::114417630342798842,en-ar_EG:::social:::114417630342798842,holdout,validation
pooled_holdout,en-ru_RU:::speech:::vid_27keISTaqYw,en-ar_EG:::speech:::vid_27keISTaqYw,holdout,train
pooled_holdout,en-ru_RU:::speech:::vid_3DI4-E5Imow,en-ar_EG:::speech:::vid_3DI4-E5Imow,holdout,train
pooled_holdout,en-ru_RU:::speech:::vid_3vpEaAjDgtI,en-ar_EG:::speech:::vid_3vpEaAjDgtI,holdout,train
pooled_holdout,en-ru_RU:::speech:::vid_6dP6bHX73_k,en-ar_EG:::speech:::vid_6dP6bHX73_k,holdout,train
pooled_holdout,en-ru_RU:::speech:::vid_7Aw4Q46omiM,en-ar_EG:::speech:::vid_7Aw4Q46omiM,holdout,test
pooled_holdout,en-ru_RU:::speech:::vid_Ft41IG2BAG8,en-ar_EG:::speech:::vid_Ft41IG2BAG8,holdout,train
pooled_holdout,en-ru_RU:::speech:::vid_GYfhGLrrDts,en-ar_EG:::speech:::vid_GYfhGLrrDts,holdout,validation
pooled_holdout,en-ru_RU:::speech:::vid_HjRhgaz1xTI,en-et_EE:::speech:::vid_HjRhgaz1xTI,holdout,validation
pooled_holdout,en-ru_RU:::speech:::vid_JIq55zBGNX4,en-ar_EG:::speech:::vid_JIq55zBGNX4,holdout,train
pooled_holdout,en-ru_RU:::speech:::vid_JoTLTGv8kqA,en-ar_EG:::speech:::vid_JoTLTGv8kqA,holdout,train
pooled_holdout,en-ru_RU:::speech:::vid_Lb7Dhf7oo4Y,en-ar_EG:::speech:::vid_Lb7Dhf7oo4Y,holdout,train
pooled_holdout,en-ru_RU:::speech:::vid_M7v3ZfP4fm0,en-ar_EG:::speech:::vid_M7v3ZfP4fm0,holdout,train
pooled_holdout,en-ru_RU:::speech:::vid_OmK3XTCDbbs,en-ar_EG:::speech:::vid_OmK3XTCDbbs,holdout,test
pooled_holdout,en-ru_RU:::speech:::vid_P2a0lVGYDNo,en-cs_CZ:::speech:::vid_P2a0lVGYDNo,holdout,validation
pooled_holdout,en-ru_RU:::speech:::vid_PJLN1kAzbyw,en-ar_EG:::speech:::vid_PJLN1kAzbyw,holdout,train
pooled_holdout,en-ru_RU:::speech:::vid_QgTkUWYd82M,en-ar_EG:::speech:::vid_QgTkUWYd82M,holdout,validation
pooled_holdout,en-ru_RU:::speech:::vid_Qu8m9h-AC0I,en-ar_EG:::speech:::vid_Qu8m9h-AC0I,holdout,train
pooled_holdout,en-ru_RU:::speech:::vid_RIjzeZ1xk1c,en-ar_EG:::speech:::vid_RIjzeZ1xk1c,holdout,train
pooled_holdout,en-ru_RU:::speech:::vid_Si9CnnVI8sk,en-ar_EG:::speech:::vid_Si9CnnVI8sk,holdout,test
pooled_holdout,en-ru_RU:::speech:::vid_VnlWOV5Oj1c,en-ar_EG:::speech:::vid_VnlWOV5Oj1c,holdout,train
pooled_holdout,en-ru_RU:::speech:::vid_YNQ_7eV3WcE,en-ar_EG:::speech:::vid_YNQ_7eV3WcE,holdout,test
pooled_holdout,en-ru_RU:::speech:::vid_YTxmx8hyJtA,en-ar_EG:::speech:::vid_YTxmx8hyJtA,holdout,validation
pooled_holdout,en-ru_RU:::speech:::vid__S0GOwEJXUA,en-ar_EG:::speech:::vid__S0GOwEJXUA,holdout,train
pooled_holdout,en-ru_RU:::speech:::vid_blR87HY5UPk,en-ar_EG:::speech:::vid_blR87HY5UPk,holdout,train
pooled_holdout,en-ru_RU:::speech:::vid_mDjddYiHd7A,en-ar_EG:::speech:::vid_mDjddYiHd7A,holdout,train
pooled_holdout,en-ru_RU:::speech:::vid_n-mmxFdva4w,en-bho_IN:::speech:::vid_n-mmxFdva4w,holdout,train
pooled_holdout,en-ru_RU:::speech:::vid_nNjtLybPRjM,en-ar_EG:::speech:::vid_nNjtLybPRjM,holdout,train
pooled_holdout,en-ru_RU:::speech:::vid_nU09s4CuaRg,en-ar_EG:::speech:::vid_nU09s4CuaRg,holdout,validation
pooled_holdout,en-ru_RU:::speech:::vid_ncokXMVuG5s,en-cs_CZ:::speech:::vid_ncokXMVuG5s,holdout,train
pooled_holdout,en-ru_RU:::speech:::vid_qhwgP27R4xw,en-ar_EG:::speech:::vid_qhwgP27R4xw,holdout,test
pooled_holdout,en-ru_RU:::speech:::vid_r-aI0JD0bCE,en-ar_EG:::speech:::vid_r-aI0JD0bCE,holdout,train
pooled_holdout,en-ru_RU:::speech:::vid_rU8nY03Lo5s,en-ar_EG:::speech:::vid_rU8nY03Lo5s,holdout,train
pooled_holdout,en-ru_RU:::speech:::vid_uB_fMAbhJwY,en-ar_EG:::speech:::vid_uB_fMAbhJwY,holdout,train
pooled_holdout,en-ru_RU:::speech:::vid_v2NNTNAXRWY,en-ar_EG:::speech:::vid_v2NNTNAXRWY,holdout,train
pooled_holdout,en-ru_RU:::speech:::vid_wTKg_pD9bHo,en-cs_CZ:::speech:::vid_wTKg_pD9bHo,holdout,train
pooled_holdout,en-ru_RU:::speech:::vid_x48axn9yc9k,en-bho_IN:::speech:::vid_x48axn9yc9k,holdout,train
pooled_holdout,en-sr_Cyrl_RS:::literary:::rink_rats_chapter2,en-ar_EG:::literary:::rink_rats_chapter2,holdout,train
pooled_holdout,en-sr_Cyrl_RS:::news:::brisbanetimes.com.au.306576,en-ar_EG:::news:::brisbanetimes.com.au.306576,holdout,train
pooled_holdout,en-sr_Cyrl_RS:::news:::guardian.228996,en-ar_EG:::news:::guardian.228996,holdout,train
pooled_holdout,en-sr_Cyrl_RS:::news:::guardian.229338,en-cs_CZ:::news:::guardian.229338,holdout,train
pooled_holdout,en-sr_Cyrl_RS:::news:::guardian.230737,en-bho_IN:::news:::guardian.230737,holdout,train
pooled_holdout,en-sr_Cyrl_RS:::news:::guardian.231311,en-ar_EG:::news:::guardian.231311,holdout,train
pooled_holdout,en-sr_Cyrl_RS:::news:::guardian.231314,en-is_IS:::news:::guardian.231314,holdout,validation
pooled_holdout,en-sr_Cyrl_RS:::news:::newrepublic.com.12619,en-ar_EG:::news:::newrepublic.com.12619,holdout,test
pooled_holdout,en-sr_Cyrl_RS:::news:::newrepublic.com.12623,en-ar_EG:::news:::newrepublic.com.12623,holdout,train
pooled_holdout,en-sr_Cyrl_RS:::news:::nytimes.153341,en-bho_IN:::news:::nytimes.153341,holdout,test
pooled_holdout,en-sr_Cyrl_RS:::social:::112502991207286008,en-ar_EG:::social:::112502991207286008,holdout,test
pooled_holdout,en-sr_Cyrl_RS:::social:::114151944720213193,en-ar_EG:::social:::114151944720213193,holdout,test
pooled_holdout,en-sr_Cyrl_RS:::social:::114174389242714730,en-ar_EG:::social:::114174389242714730,holdout,train
pooled_holdout,en-sr_Cyrl_RS:::social:::114220065940975488,en-it_IT:::social:::114220065940975488,holdout,train
pooled_holdout,en-sr_Cyrl_RS:::social:::114300646822630777,en-ar_EG:::social:::114300646822630777,holdout,train
pooled_holdout,en-sr_Cyrl_RS:::social:::114417630342798842,en-ar_EG:::social:::114417630342798842,holdout,validation
pooled_holdout,en-sr_Cyrl_RS:::speech:::vid_3DI4-E5Imow,en-ar_EG:::speech:::vid_3DI4-E5Imow,holdout,train
pooled_holdout,en-sr_Cyrl_RS:::speech:::vid_3vpEaAjDgtI,en-ar_EG:::speech:::vid_3vpEaAjDgtI,holdout,train
pooled_holdout,en-sr_Cyrl_RS:::speech:::vid_6dP6bHX73_k,en-ar_EG:::speech:::vid_6dP6bHX73_k,holdout,train
pooled_holdout,en-sr_Cyrl_RS:::speech:::vid_7Aw4Q46omiM,en-ar_EG:::speech:::vid_7Aw4Q46omiM,holdout,test
pooled_holdout,en-sr_Cyrl_RS:::speech:::vid_8qZFupajBuo,en-ar_EG:::speech:::vid_8qZFupajBuo,holdout,train
pooled_holdout,en-sr_Cyrl_RS:::speech:::vid_BuaGgQdFI-o,en-bho_IN:::speech:::vid_BuaGgQdFI-o,holdout,train
pooled_holdout,en-sr_Cyrl_RS:::speech:::vid_GYfhGLrrDts,en-ar_EG:::speech:::vid_GYfhGLrrDts,holdout,validation
pooled_holdout,en-sr_Cyrl_RS:::speech:::vid_HjRhgaz1xTI,en-et_EE:::speech:::vid_HjRhgaz1xTI,holdout,validation
pooled_holdout,en-sr_Cyrl_RS:::speech:::vid_JoTLTGv8kqA,en-ar_EG:::speech:::vid_JoTLTGv8kqA,holdout,train
pooled_holdout,en-sr_Cyrl_RS:::speech:::vid_Kr2KbsdNHWs,en-cs_CZ:::speech:::vid_Kr2KbsdNHWs,holdout,train
pooled_holdout,en-sr_Cyrl_RS:::speech:::vid_Lb7Dhf7oo4Y,en-ar_EG:::speech:::vid_Lb7Dhf7oo4Y,holdout,train
pooled_holdout,en-sr_Cyrl_RS:::speech:::vid_M7v3ZfP4fm0,en-ar_EG:::speech:::vid_M7v3ZfP4fm0,holdout,train
pooled_holdout,en-sr_Cyrl_RS:::speech:::vid_OXHLjswiGeI,en-bho_IN:::speech:::vid_OXHLjswiGeI,holdout,test
pooled_holdout,en-sr_Cyrl_RS:::speech:::vid_OmK3XTCDbbs,en-ar_EG:::speech:::vid_OmK3XTCDbbs,holdout,test
pooled_holdout,en-sr_Cyrl_RS:::speech:::vid_QgTkUWYd82M,en-ar_EG:::speech:::vid_QgTkUWYd82M,holdout,validation
pooled_holdout,en-sr_Cyrl_RS:::speech:::vid_Qu8m9h-AC0I,en-ar_EG:::speech:::vid_Qu8m9h-AC0I,holdout,train
pooled_holdout,en-sr_Cyrl_RS:::speech:::vid_RIjzeZ1xk1c,en-ar_EG:::speech:::vid_RIjzeZ1xk1c,holdout,train
pooled_holdout,en-sr_Cyrl_RS:::speech:::vid_VnlWOV5Oj1c,en-ar_EG:::speech:::vid_VnlWOV5Oj1c,holdout,train
pooled_holdout,en-sr_Cyrl_RS:::speech:::vid_YNQ_7eV3WcE,en-ar_EG:::speech:::vid_YNQ_7eV3WcE,holdout,test
pooled_holdout,en-sr_Cyrl_RS:::speech:::vid_YTxmx8hyJtA,en-ar_EG:::speech:::vid_YTxmx8hyJtA,holdout,validation
pooled_holdout,en-sr_Cyrl_RS:::speech:::vid__S0GOwEJXUA,en-ar_EG:::speech:::vid__S0GOwEJXUA,holdout,train
pooled_holdout,en-sr_Cyrl_RS:::speech:::vid_blR87HY5UPk,en-ar_EG:::speech:::vid_blR87HY5UPk,holdout,train
pooled_holdout,en-sr_Cyrl_RS:::speech:::vid_mDjddYiHd7A,en-ar_EG:::speech:::vid_mDjddYiHd7A,holdout,train
pooled_holdout,en-sr_Cyrl_RS:::speech:::vid_nNjtLybPRjM,en-ar_EG:::speech:::vid_nNjtLybPRjM,holdout,train
pooled_holdout,en-sr_Cyrl_RS:::speech:::vid_nU09s4CuaRg,en-ar_EG:::speech:::vid_nU09s4CuaRg,holdout,validation
pooled_holdout,en-sr_Cyrl_RS:::speech:::vid_qhwgP27R4xw,en-ar_EG:::speech:::vid_qhwgP27R4xw,holdout,test
pooled_holdout,en-sr_Cyrl_RS:::speech:::vid_r-aI0JD0bCE,en-ar_EG:::speech:::vid_r-aI0JD0bCE,holdout,train
pooled_holdout,en-sr_Cyrl_RS:::speech:::vid_rU8nY03Lo5s,en-ar_EG:::speech:::vid_rU8nY03Lo5s,holdout,train
pooled_holdout,en-sr_Cyrl_RS:::speech:::vid_u2JNW0Ftyzg,en-bho_IN:::speech:::vid_u2JNW0Ftyzg,holdout,train
pooled_holdout,en-sr_Cyrl_RS:::speech:::vid_uB_fMAbhJwY,en-ar_EG:::speech:::vid_uB_fMAbhJwY,holdout,train
pooled_holdout,en-sr_Cyrl_RS:::speech:::vid_uZvI4plitd4,en-cs_CZ:::speech:::vid_uZvI4plitd4,holdout,train
pooled_holdout,en-sr_Cyrl_RS:::speech:::vid_v2NNTNAXRWY,en-ar_EG:::speech:::vid_v2NNTNAXRWY,holdout,train
pooled_holdout,en-sr_Cyrl_RS:::speech:::vid_wTKg_pD9bHo,en-cs_CZ:::speech:::vid_wTKg_pD9bHo,holdout,train
pooled_holdout,en-sr_Cyrl_RS:::speech:::vid_x48axn9yc9k,en-bho_IN:::speech:::vid_x48axn9yc9k,holdout,train
pooled_holdout,en-uk_UA:::literary:::rink_rats_chapter1,en-ja_JP:::literary:::rink_rats_chapter1,holdout,train
pooled_holdout,en-uk_UA:::news:::en.ndtv.com.357237,en-cs_CZ:::news:::en.ndtv.com.357237,holdout,test
pooled_holdout,en-uk_UA:::news:::guardian.228996,en-ar_EG:::news:::guardian.228996,holdout,train
pooled_holdout,en-uk_UA:::news:::guardian.229338,en-cs_CZ:::news:::guardian.229338,holdout,train
pooled_holdout,en-uk_UA:::news:::guardian.230737,en-bho_IN:::news:::guardian.230737,holdout,train
pooled_holdout,en-uk_UA:::news:::guardian.231311,en-ar_EG:::news:::guardian.231311,holdout,train
pooled_holdout,en-uk_UA:::news:::newrepublic.com.12619,en-ar_EG:::news:::newrepublic.com.12619,holdout,test
pooled_holdout,en-uk_UA:::news:::newrepublic.com.12623,en-ar_EG:::news:::newrepublic.com.12623,holdout,train
pooled_holdout,en-uk_UA:::news:::nytimes.153341,en-bho_IN:::news:::nytimes.153341,holdout,test
pooled_holdout,en-uk_UA:::news:::nytimes.154208,en-ar_EG:::news:::nytimes.154208,holdout,train
pooled_holdout,en-uk_UA:::social:::112502991207286008,en-ar_EG:::social:::112502991207286008,holdout,test
pooled_holdout,en-uk_UA:::social:::114151944720213193,en-ar_EG:::social:::114151944720213193,holdout,test
pooled_holdout,en-uk_UA:::social:::114174389242714730,en-ar_EG:::social:::114174389242714730,holdout,train
pooled_holdout,en-uk_UA:::social:::114220065940975488,en-it_IT:::social:::114220065940975488,holdout,train
pooled_holdout,en-uk_UA:::social:::114300646822630777,en-ar_EG:::social:::114300646822630777,holdout,train
pooled_holdout,en-uk_UA:::social:::114417630342798842,en-ar_EG:::social:::114417630342798842,holdout,validation
pooled_holdout,en-uk_UA:::speech:::vid_27keISTaqYw,en-ar_EG:::speech:::vid_27keISTaqYw,holdout,train
pooled_holdout,en-uk_UA:::speech:::vid_3DI4-E5Imow,en-ar_EG:::speech:::vid_3DI4-E5Imow,holdout,train
pooled_holdout,en-uk_UA:::speech:::vid_3vpEaAjDgtI,en-ar_EG:::speech:::vid_3vpEaAjDgtI,holdout,train
pooled_holdout,en-uk_UA:::speech:::vid_6dP6bHX73_k,en-ar_EG:::speech:::vid_6dP6bHX73_k,holdout,train
pooled_holdout,en-uk_UA:::speech:::vid_7Aw4Q46omiM,en-ar_EG:::speech:::vid_7Aw4Q46omiM,holdout,test
pooled_holdout,en-uk_UA:::speech:::vid_8qZFupajBuo,en-ar_EG:::speech:::vid_8qZFupajBuo,holdout,train
pooled_holdout,en-uk_UA:::speech:::vid_GYfhGLrrDts,en-ar_EG:::speech:::vid_GYfhGLrrDts,holdout,validation
pooled_holdout,en-uk_UA:::speech:::vid_HjRhgaz1xTI,en-et_EE:::speech:::vid_HjRhgaz1xTI,holdout,validation
pooled_holdout,en-uk_UA:::speech:::vid_JIq55zBGNX4,en-ar_EG:::speech:::vid_JIq55zBGNX4,holdout,train
pooled_holdout,en-uk_UA:::speech:::vid_JoTLTGv8kqA,en-ar_EG:::speech:::vid_JoTLTGv8kqA,holdout,train
pooled_holdout,en-uk_UA:::speech:::vid_JpW9KlX1Pjs,en-ar_EG:::speech:::vid_JpW9KlX1Pjs,holdout,validation
pooled_holdout,en-uk_UA:::speech:::vid_Lb7Dhf7oo4Y,en-ar_EG:::speech:::vid_Lb7Dhf7oo4Y,holdout,train
pooled_holdout,en-uk_UA:::speech:::vid_M7v3ZfP4fm0,en-ar_EG:::speech:::vid_M7v3ZfP4fm0,holdout,train
pooled_holdout,en-uk_UA:::speech:::vid_OmK3XTCDbbs,en-ar_EG:::speech:::vid_OmK3XTCDbbs,holdout,test
pooled_holdout,en-uk_UA:::speech:::vid_P2a0lVGYDNo,en-cs_CZ:::speech:::vid_P2a0lVGYDNo,holdout,validation
pooled_holdout,en-uk_UA:::speech:::vid_QgTkUWYd82M,en-ar_EG:::speech:::vid_QgTkUWYd82M,holdout,validation
pooled_holdout,en-uk_UA:::speech:::vid_Qu8m9h-AC0I,en-ar_EG:::speech:::vid_Qu8m9h-AC0I,holdout,train
pooled_holdout,en-uk_UA:::speech:::vid_RIjzeZ1xk1c,en-ar_EG:::speech:::vid_RIjzeZ1xk1c,holdout,train
pooled_holdout,en-uk_UA:::speech:::vid_Si9CnnVI8sk,en-ar_EG:::speech:::vid_Si9CnnVI8sk,holdout,test
pooled_holdout,en-uk_UA:::speech:::vid_VnlWOV5Oj1c,en-ar_EG:::speech:::vid_VnlWOV5Oj1c,holdout,train
pooled_holdout,en-uk_UA:::speech:::vid_YNQ_7eV3WcE,en-ar_EG:::speech:::vid_YNQ_7eV3WcE,holdout,test
pooled_holdout,en-uk_UA:::speech:::vid_YTxmx8hyJtA,en-ar_EG:::speech:::vid_YTxmx8hyJtA,holdout,validation
pooled_holdout,en-uk_UA:::speech:::vid__S0GOwEJXUA,en-ar_EG:::speech:::vid__S0GOwEJXUA,holdout,train
pooled_holdout,en-uk_UA:::speech:::vid_blR87HY5UPk,en-ar_EG:::speech:::vid_blR87HY5UPk,holdout,train
pooled_holdout,en-uk_UA:::speech:::vid_mDjddYiHd7A,en-ar_EG:::speech:::vid_mDjddYiHd7A,holdout,train
pooled_holdout,en-uk_UA:::speech:::vid_n-mmxFdva4w,en-bho_IN:::speech:::vid_n-mmxFdva4w,holdout,train
pooled_holdout,en-uk_UA:::speech:::vid_nNjtLybPRjM,en-ar_EG:::speech:::vid_nNjtLybPRjM,holdout,train
pooled_holdout,en-uk_UA:::speech:::vid_nU09s4CuaRg,en-ar_EG:::speech:::vid_nU09s4CuaRg,holdout,validation
pooled_holdout,en-uk_UA:::speech:::vid_ncokXMVuG5s,en-cs_CZ:::speech:::vid_ncokXMVuG5s,holdout,train
pooled_holdout,en-uk_UA:::speech:::vid_qhwgP27R4xw,en-ar_EG:::speech:::vid_qhwgP27R4xw,holdout,test
pooled_holdout,en-uk_UA:::speech:::vid_r-aI0JD0bCE,en-ar_EG:::speech:::vid_r-aI0JD0bCE,holdout,train
pooled_holdout,en-uk_UA:::speech:::vid_rU8nY03Lo5s,en-ar_EG:::speech:::vid_rU8nY03Lo5s,holdout,train
pooled_holdout,en-uk_UA:::speech:::vid_uB_fMAbhJwY,en-ar_EG:::speech:::vid_uB_fMAbhJwY,holdout,train
pooled_holdout,en-uk_UA:::speech:::vid_v2NNTNAXRWY,en-ar_EG:::speech:::vid_v2NNTNAXRWY,holdout,train
pooled_holdout,en-uk_UA:::speech:::vid_wTKg_pD9bHo,en-cs_CZ:::speech:::vid_wTKg_pD9bHo,holdout,train
pooled_holdout,en-uk_UA:::speech:::vid_x48axn9yc9k,en-bho_IN:::speech:::vid_x48axn9yc9k,holdout,train
pooled_holdout,en-zh_CN:::literary:::rink_rats_chapter1,en-ja_JP:::literary:::rink_rats_chapter1,holdout,train
pooled_holdout,en-zh_CN:::news:::brisbanetimes.com.au.306576,en-ar_EG:::news:::brisbanetimes.com.au.306576,holdout,train
pooled_holdout,en-zh_CN:::news:::guardian.228996,en-ar_EG:::news:::guardian.228996,holdout,train
pooled_holdout,en-zh_CN:::news:::guardian.230737,en-bho_IN:::news:::guardian.230737,holdout,train
pooled_holdout,en-zh_CN:::news:::guardian.231311,en-ar_EG:::news:::guardian.231311,holdout,train
pooled_holdout,en-zh_CN:::news:::guardian.231314,en-is_IS:::news:::guardian.231314,holdout,validation
pooled_holdout,en-zh_CN:::news:::newrepublic.com.12619,en-ar_EG:::news:::newrepublic.com.12619,holdout,test
pooled_holdout,en-zh_CN:::news:::newrepublic.com.12623,en-ar_EG:::news:::newrepublic.com.12623,holdout,train
pooled_holdout,en-zh_CN:::news:::nytimes.153341,en-bho_IN:::news:::nytimes.153341,holdout,test
pooled_holdout,en-zh_CN:::social:::112502991207286008,en-ar_EG:::social:::112502991207286008,holdout,test
pooled_holdout,en-zh_CN:::social:::114157282362077575,en-bho_IN:::social:::114157282362077575,holdout,train
pooled_holdout,en-zh_CN:::social:::114174389242714730,en-ar_EG:::social:::114174389242714730,holdout,train
pooled_holdout,en-zh_CN:::social:::114220065940975488,en-it_IT:::social:::114220065940975488,holdout,train
pooled_holdout,en-zh_CN:::social:::114300646822630777,en-ar_EG:::social:::114300646822630777,holdout,train
pooled_holdout,en-zh_CN:::social:::114417630342798842,en-ar_EG:::social:::114417630342798842,holdout,validation
pooled_holdout,en-zh_CN:::speech:::vid_27keISTaqYw,en-ar_EG:::speech:::vid_27keISTaqYw,holdout,train
pooled_holdout,en-zh_CN:::speech:::vid_3DI4-E5Imow,en-ar_EG:::speech:::vid_3DI4-E5Imow,holdout,train
pooled_holdout,en-zh_CN:::speech:::vid_3vpEaAjDgtI,en-ar_EG:::speech:::vid_3vpEaAjDgtI,holdout,train
pooled_holdout,en-zh_CN:::speech:::vid_7Aw4Q46omiM,en-ar_EG:::speech:::vid_7Aw4Q46omiM,holdout,test
pooled_holdout,en-zh_CN:::speech:::vid_8GpZT9TJJAw,en-ar_EG:::speech:::vid_8GpZT9TJJAw,holdout,validation
pooled_holdout,en-zh_CN:::speech:::vid_8I8msBYGNR4,en-bho_IN:::speech:::vid_8I8msBYGNR4,holdout,train
pooled_holdout,en-zh_CN:::speech:::vid_BrC0v6K3H4I,en-ar_EG:::speech:::vid_BrC0v6K3H4I,holdout,test
pooled_holdout,en-zh_CN:::speech:::vid_Ft41IG2BAG8,en-ar_EG:::speech:::vid_Ft41IG2BAG8,holdout,train
pooled_holdout,en-zh_CN:::speech:::vid_GYfhGLrrDts,en-ar_EG:::speech:::vid_GYfhGLrrDts,holdout,validation
pooled_holdout,en-zh_CN:::speech:::vid_HjRhgaz1xTI,en-et_EE:::speech:::vid_HjRhgaz1xTI,holdout,validation
pooled_holdout,en-zh_CN:::speech:::vid_JIq55zBGNX4,en-ar_EG:::speech:::vid_JIq55zBGNX4,holdout,train
pooled_holdout,en-zh_CN:::speech:::vid_JoTLTGv8kqA,en-ar_EG:::speech:::vid_JoTLTGv8kqA,holdout,train
pooled_holdout,en-zh_CN:::speech:::vid_Kr2KbsdNHWs,en-cs_CZ:::speech:::vid_Kr2KbsdNHWs,holdout,train
pooled_holdout,en-zh_CN:::speech:::vid_Lb7Dhf7oo4Y,en-ar_EG:::speech:::vid_Lb7Dhf7oo4Y,holdout,train
pooled_holdout,en-zh_CN:::speech:::vid_M7v3ZfP4fm0,en-ar_EG:::speech:::vid_M7v3ZfP4fm0,holdout,train
pooled_holdout,en-zh_CN:::speech:::vid_OmK3XTCDbbs,en-ar_EG:::speech:::vid_OmK3XTCDbbs,holdout,test
pooled_holdout,en-zh_CN:::speech:::vid_P2a0lVGYDNo,en-cs_CZ:::speech:::vid_P2a0lVGYDNo,holdout,validation
pooled_holdout,en-zh_CN:::speech:::vid_PJLN1kAzbyw,en-ar_EG:::speech:::vid_PJLN1kAzbyw,holdout,train
pooled_holdout,en-zh_CN:::speech:::vid_QgTkUWYd82M,en-ar_EG:::speech:::vid_QgTkUWYd82M,holdout,validation
pooled_holdout,en-zh_CN:::speech:::vid_Qu8m9h-AC0I,en-ar_EG:::speech:::vid_Qu8m9h-AC0I,holdout,train
pooled_holdout,en-zh_CN:::speech:::vid_Si9CnnVI8sk,en-ar_EG:::speech:::vid_Si9CnnVI8sk,holdout,test
pooled_holdout,en-zh_CN:::speech:::vid_YNQ_7eV3WcE,en-ar_EG:::speech:::vid_YNQ_7eV3WcE,holdout,test
pooled_holdout,en-zh_CN:::speech:::vid_YTxmx8hyJtA,en-ar_EG:::speech:::vid_YTxmx8hyJtA,holdout,validation
pooled_holdout,en-zh_CN:::speech:::vid__S0GOwEJXUA,en-ar_EG:::speech:::vid__S0GOwEJXUA,holdout,train
pooled_holdout,en-zh_CN:::speech:::vid_blR87HY5UPk,en-ar_EG:::speech:::vid_blR87HY5UPk,holdout,train
pooled_holdout,en-zh_CN:::speech:::vid_fWRlPSl5itQ,en-bho_IN:::speech:::vid_fWRlPSl5itQ,holdout,train
pooled_holdout,en-zh_CN:::speech:::vid_mDjddYiHd7A,en-ar_EG:::speech:::vid_mDjddYiHd7A,holdout,train
pooled_holdout,en-zh_CN:::speech:::vid_n-mmxFdva4w,en-bho_IN:::speech:::vid_n-mmxFdva4w,holdout,train
pooled_holdout,en-zh_CN:::speech:::vid_nNjtLybPRjM,en-ar_EG:::speech:::vid_nNjtLybPRjM,holdout,train
pooled_holdout,en-zh_CN:::speech:::vid_nU09s4CuaRg,en-ar_EG:::speech:::vid_nU09s4CuaRg,holdout,validation
pooled_holdout,en-zh_CN:::speech:::vid_ncokXMVuG5s,en-cs_CZ:::speech:::vid_ncokXMVuG5s,holdout,train
pooled_holdout,en-zh_CN:::speech:::vid_qhwgP27R4xw,en-ar_EG:::speech:::vid_qhwgP27R4xw,holdout,test
pooled_holdout,en-zh_CN:::speech:::vid_rU8nY03Lo5s,en-ar_EG:::speech:::vid_rU8nY03Lo5s,holdout,train
pooled_holdout,en-zh_CN:::speech:::vid_uB_fMAbhJwY,en-ar_EG:::speech:::vid_uB_fMAbhJwY,holdout,train
pooled_holdout,en-zh_CN:::speech:::vid_v2NNTNAXRWY,en-ar_EG:::speech:::vid_v2NNTNAXRWY,holdout,train
pooled_holdout,en-zh_CN:::speech:::vid_x48axn9yc9k,en-bho_IN:::speech:::vid_x48axn9yc9k,holdout,train
